,label,pred,score
0,1,1,0.5276422500610352
1,0,1,0.5276422500610352
2,1,1,0.5276414752006531
3,0,1,0.5276422500610352
4,1,0,0.5875362157821655
5,1,1,0.5276422500610352
6,0,1,0.5276422500610352
7,0,0,0.5693159699440002
8,0,1,0.5276422500610352
9,0,1,0.5276422500610352
10,0,0,0.6027277112007141
11,0,1,0.5276422500610352
12,0,1,0.5276422500610352
13,0,0,0.5777865052223206
14,0,1,0.5276422500610352
15,0,1,0.5276422500610352
16,0,1,0.5276422500610352
17,1,1,0.5276422500610352
18,1,1,0.5276422500610352
19,0,1,0.5276422500610352
20,0,0,0.5709488987922668
21,1,0,0.5650043487548828
22,1,1,0.5172578692436218
23,0,0,0.5288160443305969
24,0,1,0.5276422500610352
25,1,1,0.5276422500610352
26,1,0,0.5424138903617859
27,0,1,0.5276422500610352
28,0,1,0.5276422500610352
29,1,0,0.5362876653671265
30,0,0,0.5734602808952332
31,0,1,0.5276422500610352
32,0,1,0.5276422500610352
33,1,1,0.5276422500610352
34,1,1,0.5172578692436218
35,1,1,0.5276422500610352
36,1,0,0.5734602808952332
37,1,1,0.5276422500610352
38,1,1,0.5276422500610352
39,1,1,0.5276422500610352
40,1,1,0.5276422500610352
41,1,1,0.5276422500610352
42,0,1,0.5276422500610352
43,1,1,0.5276422500610352
44,1,1,0.5276422500610352
45,0,0,0.5734602808952332
46,1,1,0.5276422500610352
47,0,0,0.5427432656288147
48,0,1,0.5276422500610352
49,0,1,0.5276422500610352
50,1,1,0.5276422500610352
51,1,0,0.6216999888420105
52,0,1,0.5276422500610352
53,1,1,0.5276422500610352
54,0,1,0.5276422500610352
55,1,0,0.5650043487548828
56,1,1,0.5276422500610352
57,1,0,0.6216999888420105
58,1,0,0.5423265099525452
59,0,0,0.5288160443305969
60,0,1,0.5276422500610352
61,1,1,0.5276422500610352
