,label,pred,score
0,0,0,0.6801155209541321
1,1,0,0.6122178435325623
2,1,0,0.598225474357605
3,0,0,0.5665913224220276
4,1,1,0.6579118967056274
5,1,0,0.577102780342102
6,1,0,0.6793228387832642
7,1,0,0.6805693507194519
8,0,0,0.6862958073616028
9,0,1,0.5758403539657593
10,1,0,0.7035996913909912
11,1,1,0.514438271522522
12,1,1,0.5758472084999084
13,0,0,0.6326883435249329
14,0,0,0.6748043298721313
15,1,0,0.6865262389183044
16,0,0,0.6619141101837158
17,1,0,0.6734381318092346
18,1,0,0.6689833998680115
19,0,0,0.6687930822372437
20,0,0,0.6720903515815735
21,0,0,0.6443429589271545
22,0,0,0.6512443423271179
23,1,0,0.6994938254356384
24,1,0,0.679749608039856
25,0,0,0.5203354358673096
26,0,0,0.6369724869728088
27,0,0,0.6118262410163879
28,0,0,0.5108060240745544
29,0,0,0.677173912525177
30,1,1,0.5758424401283264
31,1,0,0.6636531949043274
