,label,pred,score
0,1,0,0.5374932289123535
1,1,0,0.5126445293426514
2,1,0,0.5374932289123535
3,0,0,0.5374932289123535
4,1,0,0.5217994451522827
5,0,0,0.5374932289123535
6,0,0,0.5407852530479431
7,1,1,0.5004591345787048
8,0,0,0.5374932289123535
9,0,0,0.5374932289123535
10,0,0,0.5374932289123535
11,0,0,0.5374932289123535
12,1,1,0.5576074123382568
13,0,0,0.5374932289123535
14,0,0,0.5374932289123535
15,0,0,0.5118569135665894
16,0,0,0.5374932289123535
17,0,0,0.5374932289123535
18,1,0,0.5407852530479431
19,1,0,0.5374932289123535
20,0,0,0.5374932289123535
21,1,0,0.5407852530479431
22,1,0,0.5119360685348511
23,1,0,0.5374932289123535
24,1,0,0.5168845653533936
25,1,0,0.5374932289123535
26,0,0,0.5374932289123535
27,0,0,0.5374932289123535
28,1,0,0.5290058255195618
29,1,0,0.5374932289123535
30,0,0,0.5374932289123535
31,0,0,0.5374932289123535
32,1,0,0.5374932289123535
33,0,0,0.5374932289123535
34,1,0,0.5374932289123535
35,0,0,0.5374932289123535
36,0,0,0.5374932289123535
37,0,0,0.5407852530479431
38,0,0,0.5239837169647217
39,0,0,0.5374932289123535
40,1,0,0.5168845653533936
41,0,0,0.5374932289123535
42,0,0,0.5374932289123535
43,0,0,0.5374932289123535
44,1,0,0.5102460980415344
45,1,0,0.5039207339286804
46,1,0,0.5217994451522827
47,1,0,0.5217994451522827
48,1,0,0.5374932289123535
49,0,0,0.5374932289123535
50,0,0,0.5102460980415344
51,0,0,0.5374932289123535
52,1,0,0.5374932289123535
53,1,0,0.5270378589630127
54,1,0,0.5236120820045471
55,1,0,0.5374932289123535
56,0,0,0.5374932289123535
57,0,0,0.5374932289123535
58,1,0,0.5445360541343689
59,1,0,0.5168845653533936
60,1,0,0.5102460980415344
61,0,0,0.5374932289123535
62,0,0,0.5374932289123535
63,0,0,0.5374932289123535
64,1,0,0.5374932289123535
65,0,0,0.5374932289123535
66,1,0,0.5217994451522827
67,1,0,0.5374932289123535
68,0,0,0.5374932289123535
69,1,0,0.5374932289123535
70,1,0,0.5374932289123535
71,0,0,0.5374932289123535
72,1,0,0.5374932289123535
73,1,0,0.5374932289123535
74,1,0,0.5290058255195618
75,0,0,0.5012958645820618
76,1,0,0.5407852530479431
77,0,0,0.5374932289123535
