,label,pred,score
0,1,1,0.5394723415374756
1,1,0,0.5080045461654663
2,0,0,0.5080046057701111
3,1,0,0.5397369861602783
4,1,0,0.5080045461654663
5,1,0,0.5080045461654663
6,1,1,0.5574713945388794
7,0,0,0.5080045461654663
8,1,1,0.5085017085075378
9,1,0,0.5278334617614746
10,1,1,0.6543622016906738
11,0,0,0.5080045461654663
12,0,0,0.5080047249794006
13,0,0,0.5080045461654663
14,0,0,0.5080045461654663
15,0,0,0.5942694544792175
16,0,1,0.5574713945388794
17,1,0,0.5080046057701111
18,1,0,0.5080045461654663
19,0,0,0.5080046057701111
20,0,0,0.5080045461654663
21,0,1,0.533964991569519
22,1,0,0.5080045461654663
23,0,0,0.5080045461654663
24,1,0,0.5429787039756775
25,1,0,0.5575107336044312
26,1,1,0.6062192320823669
27,0,0,0.5080046057701111
28,0,0,0.5156458020210266
29,1,0,0.5080046057701111
30,0,0,0.5080046057701111
31,1,1,0.5085017085075378
32,1,1,0.6062192320823669
33,0,0,0.5080045461654663
34,0,0,0.5080046057701111
35,0,0,0.5080045461654663
36,1,0,0.5531337857246399
37,0,0,0.5080045461654663
38,1,1,0.5085017085075378
39,0,0,0.5080046057701111
40,1,1,0.5574713945388794
41,1,0,0.5080046057701111
42,0,0,0.5080045461654663
43,1,1,0.5574713945388794
44,1,0,0.5080046057701111
45,0,1,0.6062192320823669
46,0,0,0.5080046057701111
47,1,0,0.5080046057701111
48,1,0,0.5080046057701111
49,1,1,0.5421829223632812
50,0,0,0.5080046057701111
51,1,0,0.5080046057701111
52,1,0,0.5080046057701111
53,0,0,0.5080046057701111
54,0,0,0.5080046057701111
55,0,0,0.5080046057701111
56,0,0,0.5080046057701111
57,0,0,0.5080046057701111
58,0,0,0.5080046057701111
59,1,0,0.5278334617614746
60,0,0,0.5080046057701111
61,1,1,0.5469934940338135
62,0,0,0.5080045461654663
63,1,0,0.5080046057701111
64,1,1,0.5085016489028931
65,1,0,0.5080046057701111
66,0,0,0.5080046057701111
67,0,1,0.5574713945388794
68,0,0,0.5080046057701111
69,1,0,0.5429787039756775
70,1,0,0.6351698637008667
71,1,0,0.5080047249794006
72,0,0,0.5080046057701111
73,0,0,0.5080046057701111
74,1,0,0.5080046057701111
75,0,0,0.5080046057701111
76,1,0,0.5278334617614746
77,0,0,0.5080046057701111
