,label,pred,score
0,0,0,0.5001394152641296
1,1,0,0.5001394152641296
2,0,0,0.5001394152641296
3,1,0,0.5001394152641296
4,1,0,0.5001394152641296
5,0,0,0.5001394152641296
6,1,0,0.5001394152641296
7,0,0,0.5001394152641296
8,0,0,0.5001394152641296
9,1,0,0.5001394152641296
10,0,0,0.5001394152641296
11,1,0,0.5001394152641296
12,0,0,0.5001394152641296
13,0,0,0.5001394152641296
14,1,0,0.5001394152641296
15,1,0,0.5001394152641296
16,1,0,0.5001394152641296
17,0,0,0.5001394152641296
18,0,0,0.5001394152641296
19,1,0,0.5001394152641296
