,label,pred,score
0,1,0,0.5471401214599609
1,1,0,0.5299317240715027
2,0,0,0.5299317240715027
3,1,0,0.5299317240715027
4,0,0,0.5299317240715027
5,1,0,0.5299317240715027
6,0,0,0.5299317240715027
7,0,0,0.5299317240715027
8,0,0,0.5299317240715027
9,1,0,0.5518180727958679
10,0,0,0.5299317240715027
11,1,0,0.5362781882286072
12,0,0,0.6000515818595886
13,1,0,0.5299317240715027
14,0,0,0.5299317240715027
15,1,0,0.5586326122283936
16,0,0,0.5299317240715027
17,1,0,0.5573500990867615
18,1,0,0.5701257586479187
19,0,0,0.5299317240715027
20,1,0,0.540444552898407
21,0,0,0.545074999332428
22,1,0,0.540444552898407
23,1,0,0.545074999332428
24,1,0,0.5518180727958679
25,0,0,0.5299317240715027
26,1,0,0.5504500865936279
27,1,0,0.5299317240715027
28,0,0,0.5299317240715027
29,1,0,0.5299317240715027
30,1,0,0.545074999332428
31,1,0,0.5299317240715027
32,0,0,0.545074999332428
33,0,0,0.5299317240715027
34,0,0,0.5299317240715027
35,0,0,0.5464272499084473
36,1,0,0.5362781882286072
37,0,0,0.5299317240715027
38,0,0,0.5299317240715027
39,1,0,0.5327525734901428
40,1,0,0.554243266582489
41,0,0,0.5299317240715027
42,1,0,0.5299317240715027
43,0,0,0.5299317240715027
44,0,0,0.5299317240715027
45,1,0,0.5299317240715027
46,0,0,0.5299317240715027
47,0,0,0.5299317240715027
48,0,0,0.5299317240715027
49,1,0,0.5299317240715027
50,0,0,0.5299317240715027
51,0,0,0.5299317240715027
52,1,0,0.5299317240715027
53,1,0,0.5299317240715027
54,1,0,0.540444552898407
55,0,0,0.5299317240715027
56,1,0,0.554243266582489
57,1,0,0.5518180727958679
58,0,0,0.5299317240715027
59,0,0,0.5299317240715027
60,0,0,0.5591961145401001
61,0,0,0.5299317240715027
62,1,0,0.545074999332428
63,1,0,0.540444552898407
64,0,0,0.5299317240715027
65,0,0,0.5299317240715027
66,1,0,0.6203980445861816
67,0,0,0.5362781882286072
68,0,0,0.5299317240715027
69,1,0,0.5299317240715027
70,0,0,0.5299317240715027
71,0,0,0.5299317240715027
72,1,0,0.5299317240715027
73,1,0,0.5299317240715027
74,1,0,0.5299317240715027
75,1,0,0.5401211977005005
76,0,0,0.5299317240715027
77,1,0,0.5299317240715027
