,label,pred,score
0,0,0,0.5473077893257141
1,0,0,0.5473077893257141
2,0,0,0.5473077893257141
3,1,0,0.5473077893257141
4,1,0,0.5297585129737854
5,0,0,0.5473077893257141
6,0,1,0.6693676710128784
7,0,0,0.5473077893257141
8,1,0,0.5833293795585632
9,1,1,0.6693676710128784
10,0,0,0.5473077893257141
11,0,0,0.5473077893257141
12,1,0,0.5473077893257141
13,1,0,0.5473078489303589
14,1,0,0.5630197525024414
15,0,0,0.5473077893257141
16,1,0,0.6397377848625183
17,1,0,0.5473077893257141
18,1,0,0.5473077893257141
19,0,0,0.5473077893257141
20,1,0,0.5473077893257141
21,1,0,0.5975832343101501
22,0,0,0.6512870192527771
23,1,0,0.5630197525024414
24,1,0,0.5473077893257141
25,1,0,0.5473077893257141
26,1,0,0.5645095705986023
27,1,0,0.5473077893257141
28,1,0,0.5975832343101501
29,1,0,0.5580350160598755
30,0,0,0.5473077893257141
31,0,0,0.5473077893257141
32,1,0,0.5473077893257141
33,0,0,0.5868656039237976
34,1,0,0.5475326180458069
35,1,0,0.5473077893257141
36,0,0,0.5473077893257141
37,1,0,0.5475326180458069
38,0,0,0.5473077893257141
39,0,0,0.5473077893257141
40,0,0,0.5958792567253113
41,1,0,0.5975832343101501
42,1,0,0.5473077893257141
43,0,0,0.5473077893257141
44,1,1,0.6693676710128784
45,0,0,0.5473077893257141
46,1,0,0.5473077893257141
47,1,0,0.5680882930755615
48,1,0,0.6377331614494324
49,0,0,0.5473077893257141
50,0,0,0.5473077893257141
51,0,0,0.5473077893257141
52,1,0,0.5473077893257141
53,1,0,0.5645095705986023
54,0,0,0.5475326180458069
55,0,0,0.5473077893257141
56,0,0,0.5473078489303589
57,0,0,0.5473077893257141
58,0,0,0.5473077893257141
59,1,0,0.5473077893257141
60,1,0,0.5630197525024414
61,0,0,0.5473077893257141
62,1,0,0.5473077893257141
63,0,0,0.5473077893257141
64,0,0,0.5473077893257141
65,1,0,0.6269299983978271
66,0,0,0.5473077893257141
67,0,0,0.5475326180458069
68,1,0,0.5473077893257141
69,0,0,0.5473077893257141
70,0,0,0.5473077893257141
71,1,0,0.5475326180458069
72,0,0,0.5473077893257141
73,0,0,0.5473077893257141
74,0,0,0.5473077893257141
75,1,0,0.5975832343101501
76,1,0,0.5219516754150391
77,0,0,0.5473077893257141
