,label,pred,score
0,0,0,0.5202347636222839
1,1,0,0.5202347636222839
2,1,0,0.5394939184188843
3,1,0,0.5394939184188843
4,0,0,0.5202347636222839
5,0,0,0.5202347636222839
6,0,0,0.5202347636222839
7,0,0,0.5202347636222839
8,0,0,0.5202347636222839
9,0,0,0.6814278364181519
10,0,0,0.5202347636222839
11,0,0,0.5202347636222839
12,1,0,0.5202347636222839
13,1,0,0.6814278364181519
14,0,0,0.5202347636222839
15,1,0,0.5202347636222839
16,0,0,0.5202347636222839
17,0,0,0.5202347636222839
18,1,0,0.5202347636222839
19,1,0,0.5202347636222839
20,1,0,0.5524283051490784
21,1,0,0.5405073165893555
22,0,0,0.5202347636222839
23,0,0,0.5202347636222839
24,0,0,0.5202347636222839
25,1,0,0.5394939184188843
26,1,0,0.5595722198486328
27,1,0,0.5202347636222839
28,0,0,0.5202347636222839
29,0,0,0.5202347636222839
30,1,0,0.5956202149391174
31,1,0,0.5394939184188843
32,0,0,0.5202347636222839
33,1,0,0.5202347636222839
34,1,0,0.5202347636222839
35,1,0,0.5202347636222839
36,1,0,0.5202347636222839
37,1,0,0.5356634855270386
38,0,0,0.5202347636222839
39,0,0,0.5202347636222839
40,0,0,0.5202347636222839
41,1,0,0.5202347636222839
42,1,0,0.6814277768135071
43,0,0,0.5202347636222839
44,1,0,0.5123946070671082
45,0,0,0.5202347636222839
46,0,0,0.5202347636222839
47,0,0,0.6814278364181519
48,1,0,0.5202347636222839
49,1,0,0.5405073165893555
50,1,0,0.6476734280586243
51,0,1,0.5039845108985901
52,0,0,0.5202347636222839
53,1,0,0.5202347636222839
54,1,0,0.5202347636222839
55,0,0,0.5202347636222839
56,0,0,0.5202347636222839
57,1,0,0.6814277768135071
58,0,0,0.5202347636222839
59,1,0,0.5863171219825745
60,1,1,0.5046163201332092
61,0,1,0.5046163201332092
62,1,0,0.5202347636222839
63,0,0,0.5202347636222839
64,0,0,0.5202347636222839
65,1,0,0.5956202149391174
66,0,0,0.5508488416671753
67,0,0,0.5202347636222839
68,0,0,0.5202347636222839
69,1,0,0.5202347636222839
70,0,0,0.5202347636222839
71,1,1,0.5046163201332092
72,1,0,0.5459099411964417
73,1,0,0.5202347636222839
74,1,0,0.6139237284660339
75,1,0,0.5956202149391174
76,0,0,0.5202347636222839
77,0,0,0.6368076801300049
