,label,pred,score
0,1,0,0.5969447493553162
1,0,0,0.5969447493553162
2,1,0,0.5651228427886963
3,1,0,0.6174952983856201
4,0,1,0.5600777268409729
5,0,0,0.5969447493553162
6,1,0,0.5846008062362671
7,0,0,0.5969447493553162
8,1,0,0.5969447493553162
9,1,0,0.5969447493553162
10,1,0,0.5969447493553162
11,0,0,0.5969447493553162
12,0,0,0.5969447493553162
13,1,0,0.5969447493553162
14,1,0,0.5969447493553162
15,0,0,0.5969447493553162
16,1,1,0.5075547099113464
17,1,0,0.6237717270851135
18,0,0,0.5969447493553162
19,0,0,0.5969447493553162
20,1,0,0.5798289179801941
21,0,1,0.5572947859764099
22,1,1,0.5572947859764099
23,0,0,0.5969447493553162
24,1,0,0.5969447493553162
25,0,0,0.560814619064331
26,1,0,0.5846008062362671
27,0,1,0.5472040772438049
28,1,0,0.5969447493553162
29,1,0,0.5969447493553162
30,1,0,0.5969447493553162
31,1,0,0.5970637798309326
32,0,0,0.5969447493553162
33,0,0,0.5969447493553162
34,0,0,0.5969447493553162
35,1,0,0.5846008062362671
36,0,0,0.5969447493553162
37,1,1,0.5572947859764099
38,0,0,0.5969447493553162
39,1,0,0.5651228427886963
40,1,1,0.5840004682540894
41,1,0,0.5969447493553162
42,0,0,0.5969447493553162
43,0,0,0.5969447493553162
44,0,0,0.5969447493553162
45,0,0,0.5969447493553162
46,1,0,0.5651228427886963
47,0,0,0.5969447493553162
48,0,0,0.5969447493553162
49,1,1,0.5055661201477051
50,0,0,0.5969447493553162
51,0,0,0.5969447493553162
52,1,0,0.5651228427886963
53,1,1,0.5600777268409729
54,0,0,0.5969447493553162
55,0,0,0.5969447493553162
56,0,0,0.5969447493553162
57,1,0,0.6107596755027771
58,1,0,0.5969447493553162
59,1,0,0.6174952983856201
60,0,0,0.5647925138473511
61,0,1,0.5572947859764099
62,1,0,0.5969447493553162
63,0,0,0.5969447493553162
64,0,0,0.5969447493553162
65,1,0,0.5969447493553162
66,0,0,0.5969447493553162
67,1,0,0.5392047762870789
68,0,0,0.5969447493553162
69,1,1,0.5600777268409729
70,0,0,0.5969447493553162
71,1,1,0.5572947859764099
72,1,0,0.5969447493553162
73,0,0,0.5969447493553162
74,0,0,0.5969447493553162
75,0,0,0.5969447493553162
76,1,0,0.5969447493553162
77,1,0,0.5969447493553162
