,label,pred,score
0,0,0,0.6832011938095093
1,1,1,0.8376834392547607
2,0,1,0.8376834392547607
3,0,1,0.7432331442832947
4,1,0,0.6102088689804077
5,0,0,0.6102088689804077
6,0,1,0.8376834392547607
7,1,1,0.629023551940918
8,1,0,0.6832011938095093
9,0,1,0.8376834392547607
10,1,0,0.6102088689804077
11,0,1,0.8376834392547607
12,1,1,0.8376834392547607
13,1,0,0.6832011938095093
14,1,1,0.6290236115455627
15,0,0,0.6832011938095093
16,0,1,0.8376834392547607
17,0,1,0.629023551940918
18,1,0,0.6102088689804077
19,1,1,0.629023551940918
