,label,pred,score
0,0,0,0.5909910202026367
1,0,0,0.5909910202026367
2,0,0,0.5909910202026367
3,0,0,0.5977770090103149
4,1,0,0.5909910202026367
5,1,0,0.5909910202026367
6,1,0,0.5909910202026367
7,0,0,0.5909910202026367
8,0,0,0.5914782881736755
9,1,0,0.576697051525116
10,1,0,0.5909910202026367
11,0,0,0.5909910202026367
12,1,0,0.574364185333252
13,1,0,0.5977770090103149
14,0,0,0.5909910202026367
15,1,0,0.6217683553695679
16,0,0,0.5909910202026367
17,0,0,0.5909910202026367
18,0,0,0.5909910202026367
19,0,0,0.5749502182006836
20,1,0,0.5909910202026367
21,0,0,0.6217683553695679
22,1,0,0.5909910202026367
23,1,0,0.5909910202026367
24,0,0,0.5995774269104004
25,1,0,0.5909910202026367
26,1,0,0.5909910202026367
27,1,0,0.5977770090103149
28,1,0,0.5909910202026367
29,0,0,0.5910601019859314
30,0,0,0.5909910202026367
31,1,0,0.5909910202026367
