,label,pred,score
0,1,0,0.5001057982444763
1,0,0,0.5001057982444763
2,1,0,0.5001057982444763
3,0,0,0.5001057982444763
4,1,0,0.5001057982444763
5,1,0,0.5001057982444763
6,1,0,0.5001057982444763
7,0,0,0.5001057982444763
8,1,0,0.5001057982444763
9,0,0,0.5001057982444763
10,0,0,0.5001057982444763
11,1,0,0.5001057982444763
12,0,0,0.5001057982444763
13,1,0,0.5001057982444763
14,1,0,0.5001057982444763
15,0,0,0.5001057982444763
16,0,0,0.5001057982444763
17,0,0,0.5001057982444763
18,0,0,0.5001057982444763
19,1,0,0.5001057982444763
