,label,pred,score
0,1,1,0.5003119707107544
1,0,0,0.732204794883728
2,0,1,0.5003119707107544
3,0,0,0.5603891015052795
4,1,1,0.5003119707107544
5,1,1,0.5003119707107544
6,1,1,0.5003119707107544
7,0,0,0.7898855805397034
8,0,1,0.5003119707107544
9,0,0,0.5953050851821899
10,0,1,0.5003119707107544
11,1,1,0.5003119707107544
12,0,0,0.5696986317634583
13,0,1,0.5003119707107544
14,1,0,0.7560257911682129
15,0,1,0.5003119707107544
16,1,1,0.5003119707107544
17,0,1,0.5003119707107544
18,1,1,0.5003119707107544
19,1,1,0.5003119707107544
20,0,1,0.5003119707107544
21,0,1,0.5003119707107544
22,0,1,0.5003119707107544
23,0,1,0.5003119707107544
24,1,1,0.5003119707107544
25,0,1,0.5003119707107544
26,0,0,0.5603891015052795
27,1,1,0.5003119707107544
28,0,1,0.5003119707107544
29,0,1,0.5003119707107544
30,1,1,0.5003119707107544
31,0,1,0.5003119707107544
32,1,1,0.5003119707107544
33,0,1,0.5003119707107544
34,1,0,0.5934405326843262
35,1,0,0.6601155996322632
36,0,0,0.7753678560256958
37,1,0,0.6645930409431458
38,0,1,0.5003119707107544
39,0,1,0.5003119707107544
40,1,0,0.7635162472724915
41,1,0,0.6396305561065674
42,1,0,0.7560257911682129
43,1,1,0.5003119707107544
44,0,1,0.5003119707107544
45,1,0,0.5603891015052795
46,1,1,0.5003119707107544
47,0,1,0.5003119707107544
48,0,1,0.5003119707107544
49,1,1,0.5003119707107544
50,1,1,0.5003119707107544
51,1,0,0.6601155996322632
52,0,0,0.5953050851821899
53,0,1,0.5003119707107544
54,0,1,0.5003119707107544
55,1,1,0.5003119707107544
56,1,1,0.5003119707107544
57,0,0,0.5175201892852783
58,1,1,0.5003119707107544
59,1,1,0.5003119707107544
60,1,0,0.5605897307395935
61,1,0,0.6645930409431458
