,label,pred,score
0,0,1,0.56428462266922
1,0,0,0.5473610758781433
2,0,0,0.5473610758781433
3,1,1,0.6103641390800476
4,0,1,0.5471068024635315
5,1,0,0.5473610758781433
6,0,0,0.5473610758781433
7,1,1,0.5434166193008423
8,1,1,0.5434166193008423
9,0,0,0.5473610758781433
10,0,0,0.5473610758781433
11,0,0,0.5473610758781433
12,1,0,0.5473610758781433
13,1,0,0.5473610758781433
14,1,0,0.5473610758781433
15,0,0,0.5473610758781433
16,1,0,0.5473610758781433
17,0,1,0.5451956987380981
18,1,0,0.5473610758781433
19,1,0,0.5473610758781433
20,1,1,0.5451956987380981
21,0,0,0.5473610758781433
22,0,0,0.5473610758781433
23,0,1,0.536880612373352
24,1,0,0.5473610758781433
25,1,0,0.5473610758781433
26,1,0,0.5473610758781433
27,0,1,0.5434166193008423
28,1,0,0.5473610758781433
29,0,1,0.5805960297584534
30,0,0,0.5473610758781433
31,1,1,0.5801356434822083
