,label,pred,score
0,1,0,0.5771579146385193
1,1,0,0.5771579146385193
2,1,0,0.6103916168212891
3,1,0,0.5771579146385193
4,0,0,0.7020947337150574
5,0,0,0.5771579146385193
6,0,0,0.6233723163604736
7,1,0,0.575036346912384
8,1,0,0.6339119076728821
9,1,0,0.6340935230255127
10,0,0,0.5771579146385193
11,0,0,0.5771579146385193
12,1,0,0.6008866429328918
13,1,0,0.6269626021385193
14,0,0,0.5771579146385193
15,1,0,0.5771579146385193
16,1,0,0.5771579146385193
17,1,0,0.6146748661994934
18,1,0,0.6128097176551819
19,0,0,0.5771579146385193
20,1,0,0.6467490196228027
21,0,0,0.5771579146385193
22,0,0,0.5771579146385193
23,1,0,0.6008866429328918
24,0,0,0.5771579146385193
25,1,0,0.5771579146385193
26,0,0,0.5771579146385193
27,0,0,0.5771579146385193
28,0,0,0.5771579146385193
29,0,0,0.7032278180122375
30,1,0,0.5771579146385193
31,0,0,0.5771579146385193
32,0,0,0.5771579146385193
33,1,0,0.7032278180122375
34,0,0,0.5771579146385193
35,1,0,0.5771579146385193
36,0,0,0.5771579146385193
37,0,0,0.5771579146385193
38,0,0,0.5771579146385193
39,1,0,0.5771579146385193
40,0,0,0.5771579146385193
41,0,0,0.5771579146385193
42,0,0,0.5771579146385193
43,1,0,0.6467490196228027
44,1,0,0.6008867025375366
45,0,0,0.7032278180122375
46,0,0,0.5771579146385193
47,0,0,0.5771579146385193
48,0,0,0.63266921043396
49,0,0,0.5771579146385193
50,1,0,0.5771579146385193
51,1,0,0.5771579146385193
52,1,0,0.5771579146385193
53,1,0,0.5771579146385193
54,1,0,0.6128097176551819
55,0,0,0.5771579146385193
56,0,0,0.5771579146385193
57,1,0,0.6467490196228027
58,0,0,0.5771579146385193
59,0,0,0.5771579146385193
60,0,0,0.5771579146385193
61,1,0,0.6008867025375366
62,1,0,0.7032278180122375
63,1,0,0.5771579146385193
64,1,0,0.592207133769989
65,1,0,0.7020947337150574
66,0,0,0.5771579146385193
67,1,0,0.5771579146385193
68,1,0,0.5771579146385193
69,1,0,0.5771579146385193
70,1,0,0.692411482334137
71,1,0,0.7032278180122375
72,0,0,0.6235519647598267
73,0,0,0.5771579146385193
74,0,0,0.5771579146385193
75,0,0,0.5771579146385193
76,0,0,0.5771579146385193
77,1,0,0.7020947337150574
