,label,pred,score
0,1,1,0.5000398755073547
1,1,1,0.5000398755073547
2,1,1,0.5000398755073547
3,0,1,0.5000398755073547
4,0,1,0.5000398755073547
5,1,1,0.5000398755073547
6,0,1,0.5000398755073547
7,1,1,0.5000398755073547
8,0,1,0.5000398755073547
9,1,1,0.5000398755073547
10,1,1,0.5000398755073547
11,0,1,0.5000398755073547
12,0,1,0.5000398755073547
13,1,1,0.5000398755073547
14,0,1,0.5000398755073547
15,0,1,0.5000398755073547
16,1,1,0.5000398755073547
17,1,1,0.5000398755073547
18,0,1,0.5000398755073547
19,0,1,0.5000398755073547
