,label,pred,score
0,0,0,0.5000319480895996
1,1,0,0.5000319480895996
2,0,0,0.5000319480895996
3,1,0,0.5000319480895996
4,0,0,0.5000319480895996
5,0,0,0.5000319480895996
6,1,0,0.5000319480895996
7,1,0,0.5000319480895996
8,0,0,0.5000319480895996
9,0,0,0.5000319480895996
10,1,0,0.5000319480895996
11,0,0,0.5000319480895996
12,0,0,0.5000319480895996
13,1,0,0.5000319480895996
14,1,0,0.5000319480895996
15,0,0,0.5000319480895996
16,1,0,0.5000319480895996
17,1,0,0.5000319480895996
18,0,0,0.5000319480895996
19,1,0,0.5000319480895996
