,label,pred,score
0,1,1,0.500015139579773
1,1,1,0.500015139579773
2,1,1,0.5000150799751282
3,0,1,0.500015139579773
4,1,1,0.500015139579773
5,1,1,0.500015139579773
6,0,1,0.500015139579773
7,0,1,0.500015139579773
8,0,1,0.500015139579773
9,0,1,0.500015139579773
10,1,1,0.500015139579773
11,1,1,0.500015139579773
12,1,1,0.500015139579773
13,0,1,0.500015139579773
14,0,1,0.500015139579773
15,0,1,0.500015139579773
16,1,1,0.500015139579773
17,1,1,0.500015139579773
18,0,1,0.500015139579773
19,0,1,0.500015139579773
