,label,pred,score
0,1,1,0.5371413826942444
1,1,0,0.5187318921089172
2,0,0,0.5187318921089172
3,1,0,0.5187318921089172
4,0,0,0.5187318921089172
5,0,0,0.5187318921089172
6,0,1,0.5254386067390442
7,1,0,0.5187318921089172
8,0,0,0.5187318921089172
9,0,0,0.5187318921089172
10,0,0,0.5187318921089172
11,1,1,0.5089106559753418
12,1,0,0.5187318921089172
13,0,0,0.5187318921089172
14,1,1,0.5296216607093811
15,1,0,0.5132982134819031
16,1,1,0.5182386040687561
17,0,0,0.5187318921089172
18,0,0,0.5297054052352905
19,1,0,0.5187318921089172
20,1,0,0.5254578590393066
21,0,0,0.5187318921089172
22,0,0,0.5196026563644409
23,1,0,0.5132982134819031
24,0,0,0.5187318921089172
25,1,0,0.5187318921089172
26,0,0,0.5187318921089172
27,1,0,0.5187318921089172
28,0,0,0.5187318921089172
29,0,0,0.5187318921089172
30,1,1,0.5067393779754639
31,0,0,0.5187318921089172
32,0,0,0.5187318921089172
33,1,1,0.5089106559753418
34,0,0,0.5187318921089172
35,1,0,0.5187318921089172
36,0,0,0.5187318921089172
37,0,0,0.5187318921089172
38,0,1,0.5296216607093811
39,0,1,0.5182386040687561
40,0,0,0.5187318921089172
41,1,0,0.5247549414634705
42,0,0,0.5187318921089172
43,1,0,0.5187318921089172
44,1,0,0.5280870199203491
45,1,0,0.5247549414634705
46,1,1,0.5182386040687561
47,0,0,0.5187318921089172
48,0,0,0.5187318921089172
49,0,0,0.5187318921089172
50,0,0,0.5187318921089172
51,0,0,0.5187318921089172
52,1,1,0.5182386040687561
53,1,0,0.5377503633499146
54,0,0,0.5187318921089172
55,1,0,0.5132982134819031
56,1,0,0.5187318921089172
57,1,0,0.5187318921089172
58,1,0,0.5187318921089172
59,1,1,0.5296216607093811
60,1,0,0.5187318921089172
61,0,0,0.5187318921089172
62,0,0,0.5187318921089172
63,1,1,0.5642165541648865
64,0,0,0.5187318921089172
65,1,0,0.5187318921089172
66,0,1,0.5182386040687561
67,1,0,0.5187318921089172
68,1,0,0.5279217958450317
69,1,0,0.5187318921089172
70,1,1,0.5089106559753418
71,0,0,0.5187318921089172
72,0,0,0.5187318921089172
73,0,0,0.5187318921089172
74,1,1,0.5089106559753418
75,1,1,0.5904766917228699
76,0,0,0.5187318921089172
77,1,0,0.5187318921089172
