,label,pred,score
0,0,1,0.5000948905944824
1,1,1,0.5000948905944824
2,1,1,0.5000948905944824
3,1,1,0.5000948905944824
4,0,1,0.5000948905944824
5,1,1,0.5000948905944824
6,0,1,0.5000948905944824
7,0,1,0.5000948905944824
8,1,1,0.5000948905944824
9,0,1,0.5000948905944824
10,0,1,0.5000948905944824
11,0,1,0.5000948309898376
12,1,1,0.5000948309898376
13,1,1,0.5000948905944824
14,0,1,0.5000948905944824
15,1,1,0.5000948905944824
16,0,1,0.5000948905944824
17,0,1,0.5000948905944824
18,1,1,0.5000948905944824
19,1,1,0.5000948905944824
