,label,pred,score
0,0,1,0.500031054019928
1,1,1,0.500031054019928
2,0,1,0.500031054019928
3,0,1,0.500031054019928
4,0,1,0.500031054019928
5,1,1,0.500031054019928
6,0,1,0.500031054019928
7,1,1,0.500031054019928
8,0,1,0.500031054019928
9,1,1,0.500031054019928
10,1,1,0.500031054019928
11,1,1,0.500031054019928
12,1,1,0.500031054019928
13,1,1,0.500031054019928
14,0,1,0.500031054019928
15,1,1,0.500031054019928
16,0,1,0.500031054019928
17,1,1,0.500031054019928
18,0,1,0.500031054019928
19,0,1,0.500031054019928
