,label,pred,score
0,1,1,0.50168776512146
1,1,0,0.6177191138267517
2,0,1,0.5016862154006958
3,0,0,0.6153669953346252
4,1,1,0.5016862154006958
5,0,1,0.5016862154006958
6,1,1,0.5016862154006958
7,1,1,0.5016862154006958
8,0,1,0.5016862154006958
9,1,0,0.72991943359375
10,0,1,0.5016862154006958
11,1,0,0.6925424933433533
12,0,0,0.5482720136642456
13,0,1,0.5016862154006958
14,1,1,0.5016862154006958
15,0,0,0.6893012523651123
16,1,1,0.5016862154006958
17,0,1,0.5016862154006958
18,1,1,0.5016862154006958
19,0,1,0.5016862154006958
20,0,1,0.5016862154006958
21,1,1,0.5016862154006958
22,0,0,0.7505590319633484
23,0,0,0.6153669953346252
24,1,1,0.5016862154006958
25,0,1,0.5016862154006958
26,1,0,0.6177191138267517
27,0,1,0.5016862154006958
28,0,1,0.5016862154006958
29,0,1,0.5016862154006958
30,1,0,0.6925424933433533
31,0,1,0.5016862154006958
32,1,1,0.5016862154006958
33,1,1,0.5016862154006958
34,1,1,0.5016862154006958
35,1,0,0.609477698802948
36,1,1,0.5016862154006958
37,1,1,0.5016862154006958
38,0,1,0.5016862154006958
39,0,1,0.5016862154006958
40,0,0,0.5907684564590454
41,1,1,0.5016862154006958
42,1,0,0.6396024227142334
43,1,1,0.5016862154006958
44,0,0,0.5860583186149597
45,0,1,0.5016862154006958
46,0,1,0.5016862154006958
47,1,0,0.5860583186149597
48,1,0,0.609477698802948
49,1,1,0.5016862154006958
50,1,1,0.5016862154006958
51,0,0,0.6830010414123535
52,1,0,0.573013424873352
53,0,1,0.5016862154006958
54,1,1,0.5016862154006958
55,1,0,0.5780921578407288
56,1,1,0.5016862154006958
57,0,1,0.5016862154006958
58,0,1,0.5016862154006958
59,0,1,0.5016862154006958
60,0,0,0.5860583186149597
61,0,1,0.5016862154006958
