,label,pred,score
0,1,0,0.5454097986221313
1,0,0,0.5454097986221313
2,0,1,0.8157247304916382
3,1,0,0.5454097986221313
4,0,0,0.5454097390174866
5,0,0,0.5454097986221313
6,1,0,0.5454097390174866
7,1,1,0.8064284920692444
8,0,1,0.8445138931274414
9,1,1,0.8445138931274414
10,0,1,0.8288232684135437
11,0,0,0.5454097986221313
12,1,0,0.5454097986221313
13,1,0,0.5454097986221313
14,0,1,0.871927797794342
15,1,1,0.7843205332756042
16,1,1,0.879524827003479
17,0,0,0.5454097986221313
18,0,0,0.5454097986221313
19,1,0,0.5454097986221313
20,0,1,0.7843205332756042
21,1,0,0.5454097986221313
22,1,0,0.5454097986221313
23,0,1,0.7148371338844299
24,1,1,0.7843205332756042
25,0,0,0.5454097986221313
26,0,0,0.5454097986221313
27,1,0,0.5454097986221313
28,0,0,0.5454097986221313
29,0,0,0.5454097986221313
30,1,0,0.5454097986221313
31,1,0,0.5454097986221313
