,label,pred,score
0,1,0,0.6837848424911499
1,0,1,0.5167970061302185
2,1,0,0.661139726638794
3,1,0,0.7254672646522522
4,1,1,0.5429931879043579
5,0,0,0.5961300134658813
6,1,0,0.6759828925132751
7,0,0,0.5961300134658813
8,0,1,0.5167970061302185
9,1,1,0.5167970061302185
10,0,1,0.5167970061302185
11,1,1,0.5167970061302185
12,0,0,0.6839280724525452
13,0,1,0.5167970061302185
14,1,0,0.583660900592804
15,0,1,0.5167970061302185
16,1,1,0.5167970061302185
17,0,1,0.5167970061302185
18,0,1,0.5167970061302185
19,1,1,0.5167970061302185
20,1,1,0.5167970061302185
21,0,1,0.5167970061302185
22,1,0,0.6696556210517883
23,1,1,0.5167970061302185
24,1,1,0.516796350479126
25,0,1,0.5167970061302185
26,0,1,0.5460836887359619
27,0,1,0.5167970061302185
28,0,1,0.5167970061302185
29,1,1,0.5429931879043579
30,0,1,0.5167970061302185
31,0,1,0.5167970061302185
32,1,0,0.6759828925132751
33,1,1,0.5167970061302185
34,0,1,0.5167970061302185
35,0,0,0.7245758771896362
36,0,1,0.5167970061302185
37,0,1,0.5167970061302185
38,0,0,0.7598977088928223
39,0,1,0.5167970061302185
40,0,0,0.6026484966278076
41,1,0,0.6837848424911499
42,0,1,0.5167970061302185
43,0,1,0.5167970061302185
44,1,1,0.5167970061302185
45,0,1,0.5167970061302185
46,1,1,0.5167970061302185
47,1,0,0.717037558555603
48,1,1,0.5167970061302185
49,1,1,0.5167970061302185
50,1,1,0.5167970061302185
51,0,1,0.5167970061302185
52,0,0,0.661139726638794
53,1,1,0.5167970061302185
54,1,1,0.5167970061302185
55,1,1,0.5167970061302185
56,0,0,0.661139726638794
57,0,1,0.5167970061302185
58,1,1,0.5167970061302185
59,1,1,0.5167970061302185
60,1,1,0.5167970061302185
61,1,1,0.5167970061302185
