,label,pred,score
0,1,0,0.5827792882919312
1,0,0,0.5827792882919312
2,0,0,0.5827792882919312
3,0,0,0.5827792882919312
4,1,0,0.6960827708244324
5,1,0,0.5827792882919312
6,1,0,0.7123328447341919
7,0,0,0.5827792882919312
8,1,0,0.7053569555282593
9,0,0,0.5827792882919312
10,0,0,0.5827792882919312
11,1,0,0.701853334903717
12,1,0,0.7053569555282593
13,0,0,0.5827792882919312
14,1,0,0.5827792882919312
15,0,0,0.5827792882919312
16,0,0,0.5827792882919312
17,0,0,0.5827792882919312
18,1,0,0.5827792882919312
19,0,0,0.5827792882919312
20,1,0,0.6957271099090576
21,0,0,0.722591757774353
22,0,0,0.5827792882919312
23,0,0,0.7413588166236877
24,1,0,0.7044629454612732
25,1,0,0.5827792882919312
26,1,0,0.5827792882919312
27,1,0,0.7044629454612732
28,0,0,0.5827792882919312
29,0,0,0.7610740661621094
30,1,0,0.7413588166236877
31,1,0,0.5827792882919312
32,1,0,0.5827792882919312
33,0,0,0.5827792882919312
34,0,0,0.5827792882919312
35,0,0,0.7104846835136414
36,1,0,0.5827792882919312
37,1,0,0.5827792882919312
38,1,0,0.7111812829971313
39,1,0,0.7044629454612732
40,0,0,0.5827792882919312
41,0,0,0.5827792882919312
42,1,0,0.7413588166236877
43,1,0,0.5827792882919312
44,0,0,0.5827792882919312
45,1,0,0.7111812233924866
46,1,0,0.6600202918052673
47,1,0,0.5827792882919312
48,1,0,0.5827792882919312
49,0,0,0.5827792882919312
50,0,0,0.5827792882919312
51,0,0,0.5827792882919312
52,1,0,0.5827794075012207
53,0,0,0.5827792882919312
54,0,0,0.5827792882919312
55,0,0,0.5827792882919312
56,1,0,0.5827792882919312
57,1,0,0.7071692943572998
58,1,0,0.7044629454612732
59,0,0,0.5827792882919312
60,1,0,0.7835404276847839
61,0,0,0.5827792882919312
62,0,0,0.5827794075012207
63,0,0,0.5827792882919312
64,1,0,0.7111812233924866
65,1,0,0.5827792882919312
66,0,0,0.5827792882919312
67,1,0,0.5827792882919312
68,1,0,0.7689685821533203
69,1,0,0.7413588166236877
70,0,0,0.5827792882919312
71,0,0,0.5827792882919312
72,1,0,0.722591757774353
73,0,0,0.7413588166236877
74,0,0,0.7669208645820618
75,0,0,0.5827792882919312
76,0,0,0.5827792882919312
77,1,0,0.722591757774353
