,label,pred,score
0,0,0,0.5057750344276428
1,1,1,0.752824604511261
2,0,0,0.5057750344276428
3,0,0,0.5057750344276428
4,0,0,0.5057750344276428
5,1,1,0.5469515323638916
6,1,1,0.7127108573913574
7,0,0,0.5057750344276428
8,1,1,0.5894518494606018
9,0,1,0.7127108573913574
10,0,0,0.5057750940322876
11,1,1,0.5469515323638916
12,1,1,0.5894518494606018
13,1,1,0.5284103155136108
14,1,0,0.5057750344276428
15,0,0,0.5057750344276428
16,1,0,0.5057750344276428
17,1,1,0.5590183138847351
18,1,1,0.7127108573913574
19,1,1,0.5469515323638916
20,1,1,0.5902964472770691
21,0,0,0.5057750344276428
22,0,0,0.5057750344276428
23,1,0,0.5057750344276428
24,0,0,0.5057750344276428
25,1,1,0.5597206354141235
26,0,0,0.5057750344276428
27,0,1,0.5496339797973633
28,1,1,0.5894518494606018
29,0,1,0.5284103155136108
30,1,0,0.5057750344276428
31,0,0,0.5057750344276428
32,1,1,0.5284103155136108
33,1,1,0.5284103155136108
34,1,0,0.5057750344276428
35,0,0,0.5057750344276428
36,1,1,0.5913967490196228
37,0,0,0.5057750344276428
38,0,0,0.5057750344276428
39,0,0,0.5057750940322876
40,0,1,0.7144563794136047
41,0,0,0.5057750940322876
42,1,1,0.6618557572364807
43,1,1,0.5275955200195312
44,0,0,0.5057750940322876
45,0,0,0.5057750940322876
46,1,0,0.5057750940322876
47,1,0,0.5057750940322876
48,0,0,0.5057750940322876
49,0,0,0.5057750940322876
50,1,0,0.5057750940322876
51,1,0,0.5892764925956726
52,1,0,0.5057750940322876
53,0,0,0.5057750940322876
54,0,0,0.5057750940322876
55,1,0,0.5057750940322876
56,0,0,0.5057750940322876
57,0,1,0.5284103155136108
58,0,0,0.5057750940322876
59,1,1,0.5469515323638916
60,1,0,0.5057750940322876
61,1,0,0.5057750940322876
62,0,1,0.5817950367927551
63,1,0,0.5057750940322876
64,1,0,0.5057750940322876
65,0,0,0.5057750940322876
66,1,0,0.5057750940322876
67,0,0,0.5057750940322876
68,0,0,0.5057750940322876
69,0,0,0.5057750940322876
70,0,0,0.5057750940322876
71,1,0,0.5057750940322876
72,1,0,0.5057750940322876
73,0,0,0.5057750940322876
74,1,1,0.5597206354141235
75,0,0,0.5057750940322876
76,1,1,0.6011415123939514
77,0,0,0.5057750940322876
