,label,pred,score
0,1,1,0.6508115530014038
1,0,1,0.6709287762641907
2,0,0,0.6386006474494934
3,0,0,0.6386006474494934
4,1,0,0.6386006474494934
5,1,1,0.656908392906189
6,0,1,0.6550118327140808
7,0,1,0.6508115530014038
8,1,0,0.6386006474494934
9,1,0,0.6386006474494934
10,0,0,0.6386006474494934
11,1,0,0.638638436794281
12,0,0,0.6386056542396545
13,0,1,0.6129748225212097
14,0,0,0.6386006474494934
15,0,0,0.6386006474494934
16,1,0,0.6386006474494934
17,1,1,0.6550118327140808
18,0,0,0.6386006474494934
19,1,0,0.6386006474494934
20,1,0,0.6386006474494934
21,1,1,0.5839110612869263
22,1,1,0.6550118327140808
23,0,1,0.6020662188529968
24,0,0,0.6386006474494934
25,0,1,0.6654872894287109
26,1,0,0.6386006474494934
27,1,0,0.6386006474494934
28,1,0,0.6386006474494934
29,0,0,0.6386006474494934
30,1,0,0.638638436794281
31,0,0,0.6386006474494934
