,label,pred,score
0,1,0,0.5581725835800171
1,1,0,0.5581725835800171
2,1,0,0.5581725835800171
3,1,1,0.5401695966720581
4,1,0,0.5644829273223877
5,1,0,0.5581725835800171
6,1,0,0.5581725835800171
7,0,0,0.5581725835800171
8,0,0,0.5581725835800171
9,1,0,0.5581725835800171
10,0,0,0.5581725835800171
11,0,0,0.5581725835800171
12,0,0,0.5581725835800171
13,1,0,0.5196421146392822
14,0,0,0.5196421146392822
15,0,0,0.5196421146392822
16,1,0,0.5581725835800171
17,1,0,0.5196421146392822
18,0,0,0.5581725835800171
19,1,0,0.5581725835800171
20,0,0,0.5581725835800171
21,1,0,0.5581725835800171
22,1,0,0.5581725835800171
23,0,0,0.5581724643707275
24,1,0,0.569541335105896
25,1,0,0.5315400958061218
26,0,0,0.5581725835800171
27,0,0,0.5581725835800171
28,0,0,0.5581725835800171
29,0,0,0.5581725835800171
30,0,0,0.5581725835800171
31,0,0,0.5581725835800171
32,0,0,0.5581725835800171
33,0,0,0.5581725835800171
34,0,0,0.5581725835800171
35,1,0,0.5581725835800171
36,1,0,0.5592374801635742
37,1,0,0.580615758895874
38,0,0,0.5581725835800171
39,1,0,0.5956757068634033
40,0,0,0.5581725835800171
41,0,0,0.587151825428009
42,1,0,0.5581725835800171
43,0,0,0.6104012727737427
44,1,0,0.5956757068634033
45,0,0,0.5581725835800171
46,1,0,0.5661696195602417
47,1,0,0.5581725835800171
48,0,0,0.5581725835800171
49,1,0,0.572080135345459
50,0,0,0.5581725835800171
51,0,0,0.5581725835800171
52,0,0,0.5581725835800171
53,0,0,0.5581725835800171
54,0,0,0.5581725835800171
55,0,1,0.5401695966720581
56,1,0,0.5687289237976074
57,0,0,0.5581725835800171
58,0,0,0.5581725835800171
59,1,0,0.5592374801635742
60,0,0,0.5581725835800171
61,1,0,0.5581725835800171
62,1,0,0.580615758895874
63,0,0,0.5581725835800171
64,1,0,0.5581724643707275
65,0,0,0.5581725835800171
66,1,0,0.5196421146392822
67,1,0,0.5234214067459106
68,1,1,0.5084891319274902
69,0,0,0.5581725835800171
70,0,0,0.5581725835800171
71,1,1,0.5401695966720581
72,1,0,0.5581725835800171
73,0,0,0.5665584802627563
74,1,0,0.5592374801635742
75,1,0,0.5581725835800171
76,1,0,0.5956757068634033
77,1,0,0.5956757068634033
