,label,pred,score
0,1,0,0.5173705816268921
1,0,0,0.5196589827537537
2,1,1,0.6558257341384888
3,1,0,0.5196589827537537
4,1,0,0.5196589827537537
5,1,0,0.5460920929908752
6,1,0,0.550536036491394
7,1,0,0.5256460905075073
8,1,0,0.5196589827537537
9,0,0,0.553005039691925
10,0,0,0.5809884667396545
11,0,0,0.5196589827537537
12,0,0,0.5196589827537537
13,0,0,0.5196589827537537
14,1,0,0.519659161567688
15,0,0,0.5256460905075073
16,1,0,0.5460920929908752
17,0,1,0.6558257341384888
18,1,0,0.5279312133789062
19,0,0,0.5196589827537537
20,1,0,0.5256460905075073
21,0,0,0.5196589827537537
22,1,1,0.6558257341384888
23,1,0,0.5196589827537537
24,0,0,0.5196589827537537
25,0,0,0.5196589827537537
26,0,0,0.5196589827537537
27,0,0,0.5196589827537537
28,1,0,0.5196589827537537
29,0,0,0.5196589827537537
30,0,0,0.5196589827537537
31,0,0,0.5196589827537537
32,1,0,0.5196589827537537
33,1,0,0.6049190759658813
34,0,0,0.5196589827537537
35,0,0,0.5196589827537537
36,1,0,0.536902666091919
37,1,0,0.5196589827537537
38,0,0,0.5196589827537537
39,0,0,0.5196589827537537
40,0,0,0.5196589827537537
41,0,0,0.5196589827537537
42,1,0,0.5196589827537537
43,1,0,0.5196589827537537
44,0,0,0.5196589827537537
45,1,0,0.5279312133789062
46,1,0,0.5512579679489136
47,1,0,0.5196589827537537
48,0,0,0.5196589827537537
49,1,0,0.550536036491394
50,1,0,0.5196589827537537
51,1,0,0.5140607357025146
52,1,0,0.5196589827537537
53,0,0,0.5196589827537537
54,0,0,0.5196589827537537
55,1,0,0.5233675837516785
56,1,0,0.5460920929908752
57,0,0,0.5196589827537537
58,1,0,0.5196589827537537
59,0,0,0.5196589827537537
60,0,0,0.5196589827537537
61,0,0,0.5574749112129211
62,1,0,0.5346049666404724
63,0,0,0.519659161567688
64,0,0,0.5196589827537537
65,1,0,0.5196589827537537
66,0,0,0.5196589827537537
67,0,0,0.5256460905075073
68,0,0,0.5196589827537537
69,1,0,0.5256460905075073
70,1,0,0.5196589827537537
71,1,0,0.5196589827537537
72,0,0,0.5196589827537537
73,1,0,0.5097015500068665
74,0,0,0.5196589827537537
75,1,0,0.5460920929908752
76,0,0,0.5196589827537537
77,1,0,0.5279312133789062
