,label,pred,score
0,0,1,0.5001534819602966
1,0,1,0.5001534819602966
2,0,1,0.5001534819602966
3,1,1,0.5001534819602966
4,0,1,0.5001534819602966
5,0,1,0.5001534819602966
6,1,1,0.5001534819602966
7,1,1,0.5001534819602966
8,1,1,0.5001534819602966
9,1,1,0.5001534819602966
10,0,1,0.5001534819602966
11,1,1,0.5001534819602966
12,0,1,0.5001534819602966
13,1,1,0.5001534819602966
14,0,1,0.5001534819602966
15,0,1,0.5001534819602966
16,1,1,0.5001534819602966
17,1,1,0.5001534819602966
18,1,1,0.5001534819602966
19,0,1,0.5001534819602966
