,label,pred,score
0,0,0,0.5349646806716919
1,0,1,0.5059782862663269
2,1,1,0.5059782862663269
3,1,1,0.5059782862663269
4,0,0,0.5843697190284729
5,0,1,0.5059782862663269
6,1,0,0.510980486869812
7,0,1,0.5059782862663269
8,0,1,0.5059783458709717
9,0,1,0.5059782862663269
10,1,1,0.5059782862663269
11,0,1,0.5059783458709717
12,1,0,0.590526282787323
13,1,1,0.5059782862663269
14,0,1,0.5059782862663269
15,1,1,0.5059782862663269
16,0,1,0.5059782862663269
17,1,0,0.5463457107543945
18,0,1,0.5059782862663269
19,1,0,0.5464732646942139
20,1,1,0.5059782862663269
21,0,1,0.5059782862663269
22,1,1,0.5059783458709717
23,1,1,0.5059782862663269
24,0,0,0.5051876902580261
25,0,1,0.5059782862663269
26,1,0,0.5264419913291931
27,1,0,0.5398005247116089
28,0,1,0.5059782862663269
29,1,1,0.5059782862663269
30,0,0,0.5843697190284729
31,1,0,0.637669563293457
32,0,1,0.5059783458709717
33,1,1,0.5059783458709717
34,0,1,0.5059783458709717
35,0,1,0.5059783458709717
36,0,1,0.5059783458709717
37,1,1,0.5059769749641418
38,1,1,0.5059783458709717
39,1,1,0.5059783458709717
40,0,0,0.5762955546379089
41,1,1,0.5059783458709717
42,1,0,0.5004525184631348
43,0,1,0.5059783458709717
44,1,0,0.5464732646942139
45,0,1,0.5059783458709717
46,1,1,0.5059782862663269
47,1,0,0.5004525184631348
48,0,0,0.5264419913291931
49,1,1,0.5059783458709717
50,1,1,0.5059782862663269
51,0,0,0.5264419913291931
52,0,0,0.5206645131111145
53,0,1,0.5059783458709717
54,1,1,0.5059783458709717
55,1,1,0.5059783458709717
56,0,0,0.5063516497612
57,0,1,0.5059783458709717
58,0,1,0.5059783458709717
59,1,1,0.5059783458709717
60,1,0,0.637669563293457
61,0,1,0.5059782862663269
