,label,pred,score
0,1,0,0.5793663263320923
1,1,0,0.6376601457595825
2,0,0,0.5793663263320923
3,0,0,0.7658306956291199
4,1,0,0.5793663263320923
5,1,0,0.6376601457595825
6,1,0,0.5793663263320923
7,0,0,0.5793663263320923
8,0,0,0.5793663263320923
9,0,0,0.5793663263320923
10,1,0,0.5793663263320923
11,1,0,0.7658306956291199
12,1,0,0.628152072429657
13,0,0,0.5793663263320923
14,0,0,0.5793663263320923
15,1,0,0.5793662667274475
16,0,0,0.632797122001648
17,1,0,0.5793663263320923
18,0,0,0.5793663263320923
19,1,0,0.6376601457595825
20,0,0,0.5915861129760742
21,0,0,0.5793663263320923
22,1,0,0.6881327033042908
23,1,0,0.6881064772605896
24,1,0,0.6881327033042908
25,1,0,0.7824155688285828
26,1,0,0.7658306956291199
27,0,0,0.5793663263320923
28,1,0,0.5793663263320923
29,0,0,0.7824155688285828
30,0,0,0.5793663263320923
31,0,0,0.5793663263320923
32,0,0,0.5793663263320923
33,0,0,0.5793663263320923
34,1,0,0.5793663263320923
35,1,0,0.5793663263320923
36,1,0,0.6376601457595825
37,1,0,0.639344334602356
38,0,0,0.5793663263320923
39,1,0,0.6356596946716309
40,1,0,0.5793663263320923
41,0,0,0.5793663263320923
42,0,0,0.7824155688285828
43,0,0,0.5793663263320923
44,1,0,0.5793663263320923
45,0,0,0.5793662667274475
46,1,0,0.7940376996994019
47,0,0,0.5793663263320923
48,1,0,0.7536040544509888
49,0,0,0.5793663263320923
50,1,0,0.5793663263320923
51,1,0,0.6379479169845581
52,0,0,0.5793663263320923
53,0,0,0.5793663263320923
54,0,0,0.5793663263320923
55,0,0,0.5793663263320923
56,0,0,0.5793663263320923
57,1,0,0.6280471086502075
58,0,0,0.5793663263320923
59,0,0,0.5793663263320923
60,1,0,0.688132643699646
61,0,0,0.7130117416381836
62,1,0,0.5793663263320923
63,1,0,0.5793663263320923
64,1,0,0.5793663263320923
65,0,0,0.5793663263320923
66,1,0,0.769018828868866
67,0,0,0.5793663263320923
68,0,0,0.5793663263320923
69,0,0,0.5793663263320923
70,1,0,0.5793663263320923
71,0,0,0.5793663263320923
72,1,0,0.628152072429657
73,1,0,0.7824155688285828
74,0,0,0.5793663263320923
75,0,0,0.5793663263320923
76,1,0,0.7824155688285828
77,1,0,0.5793663263320923
