,label,pred,score
0,1,0,0.553097665309906
1,1,0,0.553097665309906
2,0,0,0.5530976057052612
3,1,0,0.553097665309906
4,1,1,0.5677040815353394
5,0,0,0.553097665309906
6,1,0,0.553097665309906
7,1,0,0.5530976057052612
8,0,1,0.5437812209129333
9,1,1,0.5423505902290344
10,0,0,0.553097665309906
11,1,1,0.5652946829795837
12,0,1,0.5491416454315186
13,1,1,0.5899023413658142
14,0,1,0.5423505902290344
15,0,1,0.5295982956886292
16,0,0,0.553097665309906
17,0,1,0.5677040815353394
18,1,0,0.553097665309906
19,1,1,0.5423505902290344
20,0,0,0.553097665309906
21,1,0,0.553097665309906
22,1,0,0.553097665309906
23,1,0,0.553097665309906
24,1,0,0.553097665309906
25,0,1,0.576295018196106
26,0,0,0.553097665309906
27,1,0,0.553097665309906
28,0,0,0.553097665309906
29,0,0,0.553097665309906
30,0,0,0.553097665309906
31,0,0,0.553097665309906
