,label,pred,score
0,1,0,0.5000105500221252
1,1,0,0.5000105500221252
2,1,0,0.5000105500221252
3,1,0,0.5000105500221252
4,1,0,0.5000105500221252
5,0,0,0.5000105500221252
6,1,0,0.5000105500221252
7,1,0,0.5000105500221252
8,0,0,0.5000105500221252
9,0,0,0.5000105500221252
10,1,0,0.5000105500221252
11,0,0,0.5000105500221252
12,0,0,0.5000105500221252
13,0,0,0.5000105500221252
14,0,0,0.5000105500221252
15,0,0,0.5000105500221252
16,0,0,0.5000105500221252
17,0,0,0.5000105500221252
18,1,0,0.5000105500221252
19,1,0,0.5000105500221252
