,label,pred,score
0,0,0,0.5002121925354004
1,1,0,0.5002121925354004
2,1,0,0.5002121925354004
3,1,0,0.5002121925354004
4,0,0,0.5002121925354004
5,0,0,0.5002121925354004
6,1,0,0.5002121925354004
7,0,0,0.5002121925354004
8,1,0,0.5002121925354004
9,0,0,0.5002121925354004
10,0,0,0.5002121925354004
11,1,0,0.5002121925354004
12,1,0,0.5002121925354004
13,0,0,0.5002121925354004
14,0,0,0.5002121925354004
15,1,0,0.5002121925354004
16,1,0,0.5002121925354004
17,1,0,0.5002121925354004
18,0,0,0.5002121925354004
19,0,0,0.5002121925354004
