,label,pred,score
0,0,0,0.5699195861816406
1,1,0,0.7190147042274475
2,0,0,0.5699195265769958
3,0,0,0.5699195861816406
4,1,0,0.6356146335601807
5,1,0,0.6413216590881348
6,1,0,0.5699195265769958
7,1,0,0.6250788569450378
8,1,0,0.5699195861816406
9,1,0,0.5605802536010742
10,1,0,0.5605802536010742
11,1,0,0.6468653678894043
12,1,0,0.5699195861816406
13,1,0,0.6551437973976135
14,0,0,0.7422698140144348
15,0,0,0.5859415531158447
16,1,0,0.5699195861816406
17,1,0,0.5699195265769958
18,1,0,0.5699195265769958
19,0,0,0.5699195861816406
20,1,0,0.6186765432357788
21,1,0,0.5699195265769958
22,0,0,0.5699195861816406
23,1,0,0.5699195265769958
24,0,0,0.5699195861816406
25,1,0,0.5605802536010742
26,0,0,0.5859415531158447
27,0,0,0.5699195265769958
28,1,0,0.5859415531158447
29,0,0,0.5699195265769958
30,0,0,0.5699195861816406
31,1,0,0.5699195861816406
32,1,0,0.5859415531158447
33,0,0,0.5699195861816406
34,1,0,0.5699195265769958
35,1,0,0.5699195265769958
36,1,0,0.5605802536010742
37,0,0,0.5699195265769958
38,0,0,0.5699195861816406
39,1,0,0.5859415531158447
40,1,0,0.5699195265769958
41,1,1,0.6305555105209351
42,0,0,0.5699195265769958
43,1,0,0.6551437973976135
44,1,0,0.5699195265769958
45,0,0,0.5699195265769958
46,0,0,0.5699195265769958
47,0,0,0.5699195265769958
48,0,0,0.5699195265769958
49,0,0,0.5699195265769958
50,0,0,0.5699195265769958
51,0,0,0.5699195265769958
52,0,0,0.6314210295677185
53,0,0,0.5699195265769958
54,1,0,0.7190147042274475
55,0,0,0.5699195265769958
56,1,0,0.5699195265769958
57,0,0,0.5699195265769958
58,1,0,0.7560077905654907
59,1,0,0.6413216590881348
60,0,0,0.5699195265769958
61,0,0,0.5699195265769958
62,0,0,0.5699195265769958
63,1,0,0.5699195265769958
64,0,0,0.5699195265769958
65,0,0,0.7190147042274475
66,0,0,0.5699195265769958
67,1,0,0.6413216590881348
68,0,0,0.5699195265769958
69,0,0,0.5699195265769958
70,1,0,0.6536757349967957
71,1,0,0.5699195265769958
72,0,0,0.5699195265769958
73,0,0,0.5513244271278381
74,0,0,0.5699195265769958
75,0,0,0.5699195265769958
76,1,0,0.6535939574241638
77,1,0,0.5699195265769958
