,label,pred,score
0,1,1,0.5000022053718567
1,0,1,0.5000022053718567
2,0,1,0.5000022053718567
3,0,1,0.5000022053718567
4,0,1,0.5000022053718567
5,0,1,0.5000022053718567
6,0,1,0.5000022053718567
7,1,1,0.5000022053718567
8,0,1,0.5000022053718567
9,1,1,0.5000022053718567
10,1,1,0.5000022053718567
11,1,1,0.5000022053718567
12,1,1,0.5000022053718567
13,0,1,0.5000022053718567
14,1,1,0.5000022053718567
15,0,1,0.5000022053718567
16,1,1,0.5000022053718567
17,0,1,0.5000022053718567
18,1,1,0.5000022053718567
19,1,1,0.5000022053718567
