,label,pred,score
0,0,1,0.5243129134178162
1,1,0,0.5318042039871216
2,1,0,0.533451497554779
3,0,0,0.5345564484596252
4,1,1,0.5243129134178162
5,1,1,0.5243129134178162
6,1,0,0.5066945552825928
7,0,0,0.5268456339836121
8,1,1,0.5243129134178162
9,1,1,0.5243129134178162
10,0,1,0.5243129134178162
11,0,1,0.5243129134178162
12,1,1,0.5243129134178162
13,0,1,0.5243129134178162
14,1,1,0.5243129134178162
15,1,0,0.576968252658844
16,0,1,0.5243129134178162
17,1,1,0.5243129134178162
18,1,1,0.5243129134178162
19,0,1,0.5243129134178162
20,0,1,0.5243129134178162
21,0,1,0.5243129134178162
22,0,1,0.5243129134178162
23,1,1,0.5243129134178162
24,0,1,0.5243129134178162
25,0,1,0.5243129134178162
26,1,0,0.576968252658844
27,1,1,0.5243129134178162
28,1,0,0.5408329367637634
29,1,1,0.5243129134178162
30,1,1,0.5243129134178162
31,1,0,0.5448351502418518
32,1,1,0.5243130326271057
33,0,1,0.5243129134178162
34,1,1,0.5243129134178162
35,1,1,0.5243129134178162
36,0,1,0.5243129134178162
37,1,1,0.5243129134178162
38,1,0,0.5415924787521362
39,0,1,0.5243129134178162
40,0,1,0.5243129134178162
41,0,1,0.5243129134178162
42,0,1,0.5243129134178162
43,1,0,0.5066945552825928
44,0,1,0.5243129134178162
45,1,1,0.5243129134178162
46,0,1,0.5243129134178162
47,0,0,0.533451497554779
48,1,1,0.5243129134178162
49,0,1,0.5243129134178162
50,0,0,0.533451497554779
51,0,0,0.554199755191803
52,1,0,0.6013569831848145
53,0,1,0.5243129134178162
54,1,1,0.5243129134178162
55,0,0,0.5578100681304932
56,1,1,0.5243129134178162
57,0,0,0.6075611710548401
58,0,1,0.5243129134178162
59,1,0,0.6013569831848145
60,0,0,0.5232601761817932
61,0,0,0.554199755191803
