,label,pred,score
0,1,0,0.5000102519989014
1,0,0,0.5000102519989014
2,1,0,0.5000102519989014
3,0,0,0.5000102519989014
4,1,0,0.5000102519989014
5,1,0,0.5000102519989014
6,1,0,0.5000102519989014
7,0,0,0.5000102519989014
8,1,0,0.5000102519989014
9,0,0,0.5000102519989014
10,0,0,0.5000102519989014
11,0,0,0.5000102519989014
12,1,0,0.5000102519989014
13,0,0,0.5000102519989014
14,1,0,0.5000102519989014
15,1,0,0.5000102519989014
16,1,0,0.5000102519989014
17,0,0,0.5000102519989014
18,0,0,0.5000102519989014
19,0,0,0.5000102519989014
