,label,pred,score
0,0,0,0.5626195073127747
1,1,0,0.5626195073127747
2,1,0,0.5626195073127747
3,0,0,0.5626195073127747
4,0,0,0.5626195073127747
5,1,0,0.5580212473869324
6,0,1,0.6278929114341736
7,0,0,0.5626195073127747
8,0,0,0.5626195073127747
9,1,0,0.5626195073127747
10,0,0,0.5626195073127747
11,1,1,0.5080882906913757
12,0,0,0.5626195073127747
13,1,0,0.5412909388542175
14,1,0,0.5626195073127747
15,0,0,0.5626195073127747
16,1,0,0.561820924282074
17,1,1,0.5080882906913757
18,0,0,0.5626195073127747
19,0,0,0.5626195073127747
20,1,1,0.6431095600128174
21,0,0,0.5626195073127747
22,1,0,0.5447977185249329
23,0,0,0.5626195073127747
24,0,0,0.5626195073127747
25,0,0,0.5626195073127747
26,0,0,0.5626195073127747
27,1,1,0.6278929114341736
28,1,0,0.5626195073127747
29,0,0,0.5447977185249329
30,1,0,0.5545003414154053
31,0,0,0.5626195073127747
32,1,0,0.5626195073127747
33,1,1,0.6278929114341736
34,0,0,0.5447977185249329
35,0,0,0.5535485744476318
36,1,0,0.5626195073127747
37,0,0,0.5626195073127747
38,0,0,0.5626195073127747
39,1,0,0.5626195073127747
40,0,0,0.5626195073127747
41,0,0,0.5626195073127747
42,1,0,0.5447977185249329
43,1,1,0.5080882906913757
44,1,0,0.5626195073127747
45,1,0,0.5626195073127747
46,0,0,0.5626195073127747
47,0,0,0.5368456244468689
48,0,0,0.5626195073127747
49,1,0,0.5545003414154053
50,0,0,0.5626195073127747
51,1,0,0.5626195073127747
52,0,0,0.5626195073127747
53,1,1,0.5005370378494263
54,0,0,0.6110581755638123
55,0,0,0.5626195073127747
56,1,0,0.569473147392273
57,1,0,0.5626195073127747
58,1,0,0.567882239818573
59,0,0,0.5626195073127747
60,1,0,0.5626195073127747
61,0,0,0.5626195073127747
62,1,0,0.5626195073127747
63,1,0,0.5264377593994141
64,1,0,0.5626195073127747
65,1,0,0.5447977185249329
66,0,0,0.5626195073127747
67,1,0,0.5545003414154053
68,1,1,0.5080882906913757
69,1,0,0.5626195073127747
70,1,0,0.5626195073127747
71,0,0,0.5626195073127747
72,1,0,0.5580212473869324
73,0,0,0.5626195073127747
74,1,0,0.6372426152229309
75,0,0,0.5626195073127747
76,0,0,0.5626195073127747
77,0,0,0.5626195073127747
