,label,pred,score
0,1,0,0.5624485015869141
1,1,0,0.5194293260574341
2,0,0,0.5624482035636902
3,0,0,0.5624482035636902
4,1,0,0.5624482035636902
5,0,0,0.5624482035636902
6,0,0,0.5200062990188599
7,1,1,0.5201841592788696
8,1,0,0.5624482035636902
9,1,0,0.5624482035636902
10,1,0,0.5624482035636902
11,0,0,0.5194293260574341
12,0,0,0.562448263168335
13,0,0,0.5624482035636902
14,0,0,0.520302414894104
15,1,0,0.5624485015869141
16,1,0,0.5194293260574341
17,0,0,0.5624481439590454
18,1,0,0.5624481439590454
19,0,0,0.5624481439590454
20,0,0,0.5624481439590454
21,0,0,0.5123082399368286
22,0,0,0.5290111303329468
23,1,0,0.5624481439590454
24,1,0,0.501034677028656
25,0,0,0.5010553598403931
26,1,0,0.5624481439590454
27,0,0,0.5624481439590454
28,1,0,0.5290111303329468
29,1,0,0.5624481439590454
30,0,0,0.5624481439590454
31,1,0,0.5624481439590454
