,label,pred,score
0,1,1,0.5030498504638672
1,0,1,0.5031371116638184
2,0,1,0.538287878036499
3,1,1,0.5030498504638672
4,1,1,0.5161681771278381
5,0,1,0.5030498504638672
6,0,1,0.5401505827903748
7,0,1,0.5030498504638672
8,1,1,0.5030498504638672
9,1,1,0.5030498504638672
10,1,1,0.5031371116638184
11,0,1,0.5030498504638672
12,0,1,0.5030498504638672
13,1,1,0.5030498504638672
14,1,1,0.5030498504638672
15,1,1,0.5161680579185486
16,1,1,0.5030615925788879
17,0,1,0.5030498504638672
18,0,1,0.5030498504638672
19,0,1,0.5401505827903748
