,label,pred,score
0,1,1,0.5134739875793457
1,1,1,0.5134748816490173
2,0,1,0.5134739875793457
3,1,1,0.5050904154777527
4,0,1,0.5134739875793457
5,1,1,0.5134739875793457
6,1,1,0.5136392116546631
7,0,1,0.5134739875793457
8,0,1,0.5134739875793457
9,0,1,0.5171175003051758
10,0,1,0.5134739875793457
11,0,1,0.5151795744895935
12,0,1,0.5134739875793457
13,1,1,0.5134739875793457
14,0,1,0.5134739875793457
15,0,1,0.5134739875793457
16,0,1,0.5092086791992188
17,1,1,0.51807701587677
18,1,1,0.5134739875793457
19,0,1,0.5134739875793457
20,1,1,0.5134739875793457
21,0,1,0.5134739875793457
22,0,1,0.5134739875793457
23,0,1,0.5187437534332275
24,0,1,0.5134739875793457
25,1,1,0.5134739875793457
26,0,1,0.5171175003051758
27,0,1,0.5134739875793457
28,1,1,0.5134739875793457
29,0,1,0.5134739875793457
30,1,1,0.5134739875793457
31,1,1,0.51807701587677
32,1,1,0.5134739875793457
33,1,1,0.5134739875793457
34,0,1,0.5170587301254272
35,1,1,0.5134739875793457
36,1,1,0.5146061182022095
37,0,1,0.5166642665863037
38,0,1,0.5134739875793457
39,0,1,0.5134739875793457
40,1,1,0.5134739875793457
41,1,1,0.5050904154777527
42,0,1,0.5134739875793457
43,1,1,0.5134739875793457
44,1,1,0.5171175003051758
45,0,1,0.5134739875793457
46,0,1,0.5170587301254272
47,1,1,0.5134739875793457
48,1,1,0.5134739875793457
49,1,1,0.5134739875793457
50,0,1,0.5134739875793457
51,0,1,0.5075476765632629
52,1,1,0.5196866393089294
53,1,1,0.5134739875793457
54,0,1,0.5134739875793457
55,1,1,0.5146061182022095
56,0,1,0.5134739875793457
57,1,1,0.5153207182884216
58,1,1,0.5134739875793457
59,1,1,0.5134739875793457
60,0,1,0.5134739875793457
61,1,1,0.5146331787109375
