,label,pred,score
0,1,1,0.5000073313713074
1,0,1,0.5000073313713074
2,1,1,0.5000073313713074
3,0,1,0.5000073313713074
4,0,1,0.5000073313713074
5,1,1,0.5000073313713074
6,1,1,0.5000073313713074
7,1,1,0.5000073313713074
8,1,1,0.5000073313713074
9,0,1,0.5000073313713074
10,0,1,0.5000073313713074
11,0,1,0.5000073313713074
12,0,1,0.5000073313713074
13,1,1,0.5000073313713074
14,1,1,0.5000073313713074
15,0,1,0.5000073313713074
16,0,1,0.5000073313713074
17,1,1,0.5000073313713074
18,0,1,0.5000073313713074
19,1,1,0.5000073313713074
