,label,pred,score
0,0,0,0.5663255453109741
1,1,1,0.5021463632583618
2,1,1,0.5679627656936646
3,1,0,0.5679805278778076
4,1,0,0.5646373629570007
5,0,0,0.5653671622276306
6,1,1,0.5185573697090149
7,1,0,0.5784326195716858
8,1,1,0.573678731918335
9,1,1,0.5021463632583618
10,1,1,0.5185573697090149
11,0,1,0.5021463632583618
12,0,0,0.6412182450294495
13,1,0,0.5590346455574036
14,0,0,0.5673927664756775
15,0,0,0.5312639474868774
16,0,0,0.5663104057312012
17,0,1,0.5295220613479614
18,0,1,0.5830016732215881
19,0,0,0.5628557801246643
20,1,0,0.5621366500854492
21,0,0,0.5664853453636169
22,0,0,0.5686104893684387
23,1,0,0.5586772561073303
24,0,0,0.5631430149078369
25,0,1,0.5334351658821106
26,1,0,0.5624278783798218
27,0,0,0.5670334696769714
28,1,0,0.5675861239433289
29,1,0,0.5312639474868774
30,1,0,0.5631430745124817
31,0,0,0.567034125328064
