,label,pred,score
0,1,0,0.624621570110321
1,0,0,0.5369440317153931
2,0,0,0.5287390351295471
3,0,0,0.5423253774642944
4,1,0,0.624621570110321
5,1,0,0.624621570110321
6,0,0,0.5392290353775024
7,1,0,0.624621570110321
8,0,0,0.5633540153503418
9,1,0,0.624621570110321
10,0,0,0.624621570110321
11,0,0,0.624621570110321
12,0,0,0.624621570110321
13,1,0,0.532099187374115
14,1,0,0.624621570110321
15,0,0,0.624621570110321
16,1,0,0.624621570110321
17,0,0,0.557951807975769
18,0,0,0.624621570110321
19,1,0,0.557951807975769
20,0,0,0.624621570110321
21,1,0,0.5154470801353455
22,1,0,0.624621570110321
23,1,0,0.624621570110321
24,1,0,0.557951807975769
25,1,0,0.624621570110321
26,1,0,0.5392290353775024
27,1,0,0.624621570110321
28,0,0,0.624621570110321
29,0,0,0.624621570110321
30,0,0,0.624621570110321
31,0,0,0.624621570110321
