,label,pred,score
0,0,1,0.5000390410423279
1,1,1,0.5000390410423279
2,0,1,0.5000390410423279
3,1,1,0.5000390410423279
4,1,1,0.5000390410423279
5,1,1,0.5000390410423279
6,0,1,0.5000390410423279
7,1,1,0.5000390410423279
8,0,1,0.5000390410423279
9,0,1,0.5000390410423279
10,0,1,0.5000390410423279
11,0,1,0.5000390410423279
12,1,1,0.5000390410423279
13,0,1,0.5000390410423279
14,0,1,0.5000390410423279
15,1,1,0.5000390410423279
16,1,1,0.5000390410423279
17,1,1,0.5000390410423279
18,1,1,0.5000390410423279
19,0,1,0.5000390410423279
