,label,pred,score
0,1,0,0.5000895857810974
1,1,0,0.5000895857810974
2,1,0,0.5000895857810974
3,1,0,0.5000895857810974
4,0,0,0.5000895857810974
5,1,0,0.5000895857810974
6,1,0,0.5000895857810974
7,0,0,0.5000895857810974
8,1,0,0.5000895857810974
9,1,0,0.5000895857810974
10,0,0,0.5000896453857422
11,0,0,0.5000895857810974
12,0,0,0.5000895857810974
13,0,0,0.5000896453857422
14,1,0,0.5000895857810974
15,1,0,0.5000895857810974
16,0,0,0.5000896453857422
17,0,0,0.5000896453857422
18,0,0,0.5000895857810974
19,0,0,0.5000895857810974
