,label,pred,score
0,1,0,0.5457611680030823
1,1,0,0.5463959574699402
2,0,0,0.5592185258865356
3,1,1,0.5100440382957458
4,0,0,0.5441935658454895
5,1,0,0.5585238933563232
6,0,1,0.5100440382957458
7,1,0,0.5576968789100647
8,0,1,0.5100440382957458
9,1,1,0.5100440382957458
10,0,0,0.5725710391998291
11,0,1,0.5100440382957458
12,1,1,0.5100440382957458
13,1,0,0.5802978277206421
14,0,1,0.5100440382957458
15,0,1,0.5100440382957458
16,0,1,0.5100440382957458
17,1,1,0.5100440382957458
18,0,1,0.5100440382957458
19,1,0,0.5146983861923218
20,0,0,0.5725710391998291
21,1,1,0.5100440382957458
22,0,1,0.5100440382957458
23,1,1,0.5100440382957458
24,0,0,0.5615677237510681
25,1,1,0.5100440382957458
26,1,1,0.5100440382957458
27,1,0,0.6041229963302612
28,0,0,0.5585238933563232
29,0,1,0.5100440382957458
30,1,0,0.6041229963302612
31,1,1,0.5100440382957458
32,1,0,0.5146983861923218
33,0,1,0.5100440382957458
34,1,1,0.5100440382957458
35,0,1,0.5100440382957458
36,0,1,0.5100440382957458
37,0,1,0.5100440382957458
38,1,0,0.5704506039619446
39,0,1,0.5100440382957458
40,0,1,0.5100440382957458
41,1,1,0.5100440382957458
42,0,0,0.602869987487793
43,1,1,0.5100440382957458
44,0,0,0.5585238933563232
45,1,1,0.5100440382957458
46,0,1,0.5100440382957458
47,1,1,0.5100440382957458
48,0,1,0.5100440382957458
49,1,1,0.5100440382957458
50,0,1,0.5100440382957458
51,0,1,0.5100440382957458
52,1,1,0.5100440382957458
53,1,0,0.5463959574699402
54,0,1,0.500022828578949
55,1,1,0.5100440382957458
56,1,1,0.5100440382957458
57,1,1,0.5100440382957458
58,0,1,0.5100440382957458
59,0,1,0.5100440382957458
60,0,1,0.5100440382957458
61,1,1,0.5100440382957458
