,label,pred,score
0,1,0,0.5500462651252747
1,1,0,0.5830990672111511
2,0,0,0.5500462651252747
3,0,0,0.5500462651252747
4,1,0,0.5911045670509338
5,0,0,0.5500462651252747
6,0,0,0.5911045670509338
7,1,0,0.6149153113365173
8,0,0,0.5500462651252747
9,0,0,0.6001102924346924
10,1,0,0.5500462651252747
11,0,0,0.5500462651252747
12,0,0,0.5500462651252747
13,0,0,0.5500462651252747
14,1,0,0.5500462651252747
15,1,0,0.5500462651252747
16,0,0,0.5500462651252747
17,1,1,0.6986536383628845
18,1,0,0.6149153113365173
19,1,0,0.5770531892776489
20,1,0,0.5951525568962097
21,1,0,0.6149153113365173
22,1,0,0.5500462651252747
23,1,0,0.5500462651252747
24,0,0,0.5827117562294006
25,1,0,0.5911045670509338
26,0,0,0.5500462651252747
27,1,0,0.5500462651252747
28,0,0,0.5500462651252747
29,0,1,0.6986536383628845
30,0,0,0.5500462651252747
31,1,0,0.5689053535461426
32,1,0,0.5500462651252747
33,0,0,0.5500462651252747
34,1,0,0.5500462651252747
35,0,0,0.5500462651252747
36,1,0,0.5500462651252747
37,0,0,0.5500462651252747
38,0,0,0.5827773213386536
39,0,0,0.5500462651252747
40,0,0,0.5500462651252747
41,0,0,0.5500462651252747
42,1,0,0.5500462651252747
43,1,0,0.5806770324707031
44,0,0,0.5500462651252747
45,0,0,0.5911045670509338
46,0,0,0.5500462651252747
47,0,0,0.5500462651252747
48,1,0,0.5770531892776489
49,0,0,0.5500462651252747
50,0,0,0.5500462651252747
51,1,0,0.5500462651252747
52,1,0,0.5500462651252747
53,1,0,0.6023681163787842
54,0,0,0.5500462651252747
55,1,0,0.5500462651252747
56,0,0,0.5500462651252747
57,1,1,0.6986536383628845
58,1,0,0.6149153113365173
59,1,1,0.5309923887252808
60,0,0,0.5500462651252747
61,0,0,0.5500462651252747
62,0,0,0.5500462651252747
63,0,0,0.5500462651252747
64,0,0,0.5500462651252747
65,0,0,0.5500462651252747
66,1,1,0.6138779520988464
67,1,0,0.5830990672111511
68,0,0,0.5500462651252747
69,1,0,0.572770893573761
70,1,0,0.5936605930328369
71,1,0,0.5911045670509338
72,0,0,0.5500462651252747
73,1,0,0.5770531892776489
74,1,0,0.5500462651252747
75,0,0,0.5500462651252747
76,1,0,0.5500462651252747
77,1,0,0.5500462651252747
