,label,pred,score
0,1,1,0.9883829951286316
1,1,0,0.8285841345787048
2,1,1,0.959155797958374
3,0,1,0.9831522703170776
4,0,0,0.9951769113540649
5,1,1,0.9857271313667297
6,0,0,0.9856637716293335
7,1,1,0.9892920255661011
8,0,0,0.9980818033218384
9,0,0,0.9976556301116943
10,0,0,0.9950317144393921
11,0,0,0.9936102032661438
12,1,1,0.9704347848892212
13,1,1,0.9572575688362122
14,0,0,0.9922835230827332
15,0,0,0.9044360518455505
16,1,1,0.9899797439575195
17,1,1,0.9677633047103882
18,1,1,0.8306016325950623
19,0,0,0.9982401132583618
20,1,1,0.8215349316596985
21,1,0,0.8950366377830505
22,1,1,0.9500626921653748
23,0,0,0.9900673627853394
24,1,0,0.9680444002151489
25,1,1,0.888105571269989
26,1,1,0.6957650184631348
27,0,0,0.994739830493927
28,1,1,0.9885983467102051
29,0,0,0.9908856749534607
30,0,0,0.9909723997116089
31,0,0,0.854084312915802
32,0,0,0.9942116141319275
33,1,0,0.9828866124153137
34,1,1,0.9907479286193848
35,0,0,0.9948453903198242
36,0,0,0.9832732677459717
37,0,0,0.9930455088615417
38,0,0,0.9969447255134583
39,1,1,0.9870440363883972
40,0,0,0.9972502589225769
41,1,1,0.8844793438911438
42,0,0,0.9711177945137024
43,1,1,0.9888301491737366
44,1,1,0.9803413152694702
45,0,0,0.9943910241127014
46,0,0,0.9948000907897949
47,0,0,0.9965454936027527
48,1,0,0.9961416125297546
49,1,1,0.9326753616333008
50,0,0,0.9833141565322876
51,1,0,0.9845481514930725
52,1,1,0.935560941696167
53,0,0,0.8336831331253052
54,1,0,0.9708787798881531
55,0,0,0.9720677137374878
56,1,1,0.9742902517318726
57,0,0,0.9909500479698181
58,1,0,0.7443592548370361
59,1,1,0.9899088144302368
60,0,0,0.9915788173675537
61,0,0,0.9953081011772156
