,label,pred,score
0,0,1,0.6897175908088684
1,1,1,0.997917115688324
2,0,0,0.9992220401763916
3,0,1,0.9952946305274963
4,0,0,0.9886062741279602
5,0,0,0.9993792772293091
6,0,0,0.9993064403533936
7,1,1,0.9980036616325378
8,1,1,0.9753417372703552
9,0,0,0.9992454051971436
10,1,1,0.9936975836753845
11,0,0,0.999382734298706
12,1,1,0.9963548183441162
13,0,1,0.6208302974700928
14,0,0,0.997342050075531
15,1,1,0.996340274810791
16,1,1,0.9955222606658936
17,0,0,0.9994609951972961
18,1,1,0.998414158821106
19,1,1,0.8214727640151978
20,0,0,0.9987605810165405
21,0,0,0.9830887913703918
22,1,1,0.9814410209655762
23,1,1,0.9950248599052429
24,0,0,0.9993415474891663
25,0,0,0.9992456436157227
26,1,1,0.7824956178665161
27,0,0,0.9990593791007996
28,1,1,0.9529334306716919
29,0,0,0.9973077774047852
30,0,0,0.998112678527832
31,1,1,0.9962892532348633
32,1,1,0.8655000925064087
33,1,1,0.9912579655647278
34,0,0,0.9992159605026245
35,1,1,0.9726575016975403
36,0,0,0.9989356398582458
37,1,1,0.9942008256912231
38,1,1,0.9984310269355774
39,0,0,0.9920945763587952
40,0,0,0.9992825388908386
41,1,1,0.9881554841995239
42,1,0,0.9801063537597656
43,0,0,0.9991440773010254
44,1,1,0.9903585314750671
45,1,0,0.8346896171569824
46,1,1,0.9977437257766724
47,1,1,0.9626572728157043
48,0,0,0.9983592629432678
49,0,0,0.9993428587913513
50,1,1,0.9973248243331909
51,1,0,0.5662810206413269
52,1,1,0.9961147308349609
53,1,1,0.9980691075325012
54,0,0,0.9994221925735474
55,1,1,0.6313872337341309
56,1,1,0.995677649974823
57,0,1,0.9878800511360168
58,0,0,0.9992996454238892
59,0,0,0.9993565678596497
60,0,1,0.9927392601966858
61,1,1,0.9759993553161621
62,1,0,0.983651876449585
63,1,1,0.9915133118629456
64,1,1,0.9974327683448792
65,1,1,0.649704098701477
66,0,1,0.9852985143661499
67,1,0,0.9955283999443054
68,0,1,0.9516212344169617
69,1,1,0.9776977896690369
70,0,0,0.991468071937561
71,0,0,0.9976945519447327
72,0,0,0.999404788017273
73,0,0,0.9981129169464111
74,0,0,0.8823691010475159
75,1,1,0.996669352054596
76,0,1,0.9775927662849426
77,0,0,0.9491821527481079
