,label,pred,score
0,0,1,0.9938888549804688
1,0,0,0.9985356330871582
2,0,1,0.9941891431808472
3,0,0,0.998590886592865
4,0,0,0.9981129169464111
5,0,1,0.9025726914405823
6,0,0,0.9332801103591919
7,0,0,0.9990735054016113
8,1,1,0.9517959356307983
9,1,1,0.9884611368179321
10,1,1,0.9939976930618286
11,1,1,0.9647300839424133
12,0,0,0.9988659620285034
13,1,1,0.996735155582428
14,1,1,0.997795820236206
15,1,1,0.689536452293396
16,1,1,0.9967721104621887
17,0,0,0.9759535789489746
18,0,0,0.9191561937332153
19,1,1,0.9975772500038147
20,0,0,0.9969696402549744
21,0,0,0.9987094402313232
22,1,0,0.6603810787200928
23,1,1,0.9964168071746826
24,1,1,0.9742242097854614
25,0,0,0.9915220737457275
26,1,1,0.9973125457763672
27,0,0,0.9988951086997986
28,0,1,0.9880357384681702
29,0,0,0.9758120179176331
30,0,0,0.9949553608894348
31,1,1,0.9938158988952637
32,1,1,0.9609729647636414
33,0,1,0.9973922967910767
34,0,0,0.9259254932403564
35,0,0,0.9990590214729309
36,0,0,0.998256504535675
37,1,1,0.9956551790237427
38,1,1,0.9625297784805298
39,0,0,0.999021053314209
40,0,0,0.9986196756362915
41,0,0,0.9814310073852539
42,1,1,0.9910228252410889
43,0,0,0.7858102321624756
44,0,0,0.9989393353462219
45,1,1,0.9748490452766418
46,1,1,0.5632411241531372
47,1,1,0.9952162504196167
48,0,0,0.6120967268943787
49,0,0,0.9980188608169556
50,0,0,0.9990522265434265
51,0,0,0.8874216675758362
52,1,1,0.99580317735672
53,1,0,0.9828304052352905
54,0,0,0.941674530506134
55,0,0,0.9990574717521667
56,1,1,0.9960926175117493
57,1,1,0.9769341349601746
58,0,1,0.9944512248039246
59,0,1,0.7489651441574097
60,1,1,0.9697154760360718
61,1,0,0.9370280504226685
62,0,0,0.9900561571121216
63,0,1,0.9365915060043335
64,0,0,0.9620051383972168
65,1,1,0.996313750743866
66,1,1,0.997552216053009
67,1,1,0.9839090704917908
68,1,1,0.9770813584327698
69,1,1,0.9855808615684509
70,1,1,0.9912671446800232
71,0,0,0.9864575266838074
72,1,1,0.9929084777832031
73,1,1,0.9961219429969788
74,1,1,0.8626499176025391
75,1,0,0.9964446425437927
76,1,1,0.9865946769714355
77,1,1,0.9920467138290405
