,label,pred,score
0,1,1,0.9977952241897583
1,1,1,0.9916580319404602
2,1,1,0.9953221678733826
3,0,0,0.9978851675987244
4,0,0,0.995919406414032
5,0,0,0.720201849937439
6,0,0,0.9966863989830017
7,0,0,0.9869203567504883
8,0,0,0.9990222454071045
9,1,1,0.9707748293876648
10,1,1,0.9980471134185791
11,0,0,0.998563826084137
12,0,1,0.9882078766822815
13,1,0,0.9451092481613159
14,1,1,0.9987695813179016
15,0,0,0.9986023306846619
16,1,1,0.9933499693870544
17,0,1,0.9894602298736572
18,1,1,0.9777249097824097
19,0,0,0.9986703395843506
20,0,0,0.9991369843482971
21,0,0,0.9989364743232727
22,0,0,0.9834718704223633
23,1,1,0.9338743686676025
24,0,0,0.9844712615013123
25,0,0,0.9937638640403748
26,0,0,0.9913017153739929
27,0,0,0.99783855676651
28,1,0,0.9259219765663147
29,0,1,0.5831929445266724
30,1,1,0.9832364916801453
31,1,0,0.9954425096511841
32,1,0,0.9339475631713867
33,0,0,0.9989199638366699
34,1,1,0.9784189462661743
35,0,0,0.9955753087997437
36,1,1,0.9980881810188293
37,0,0,0.9976231455802917
38,0,0,0.99631667137146
39,0,0,0.9856202602386475
40,0,0,0.809589684009552
41,1,1,0.918672502040863
42,1,0,0.9969099164009094
43,0,1,0.9925984144210815
44,1,1,0.9984809756278992
45,1,1,0.99801105260849
46,0,0,0.788838267326355
47,1,0,0.5604453682899475
48,1,0,0.890223503112793
49,0,0,0.9974361062049866
50,1,1,0.9981158971786499
51,0,0,0.9975672960281372
52,0,0,0.9977903366088867
53,1,1,0.997736930847168
54,0,0,0.9984807372093201
55,1,1,0.998681366443634
56,1,1,0.9977080821990967
57,1,1,0.9472749829292297
58,1,0,0.967162013053894
59,1,1,0.9978770017623901
60,1,1,0.998577356338501
61,1,1,0.9986782670021057
