,label,pred,score
0,0,0,0.7835602760314941
1,1,1,0.9831904172897339
2,0,1,0.9378485679626465
3,0,0,0.9891370534896851
4,0,0,0.9974164962768555
5,0,0,0.9444341063499451
6,0,1,0.9927494525909424
7,1,1,0.989122211933136
8,1,1,0.9799327850341797
9,1,1,0.9943174719810486
10,1,1,0.9922519326210022
11,0,1,0.9298713803291321
12,0,1,0.9883356094360352
13,1,1,0.9735907912254333
14,1,1,0.9767460823059082
15,1,1,0.9885742664337158
16,1,1,0.9751694202423096
17,0,0,0.9957855343818665
18,1,1,0.9911626577377319
19,1,1,0.9850281476974487
20,1,1,0.9725229144096375
21,0,0,0.9860814809799194
22,1,1,0.9744014143943787
23,1,1,0.9921758770942688
24,0,0,0.9951674938201904
25,0,0,0.9972543120384216
26,1,1,0.7464061975479126
27,0,1,0.9704846143722534
28,0,1,0.9807893633842468
29,1,1,0.8664417266845703
30,1,1,0.98838871717453
31,1,1,0.9758686423301697
32,1,1,0.9619539976119995
33,0,1,0.7978671789169312
34,1,1,0.9792694449424744
35,0,1,0.901003360748291
36,0,0,0.9936222434043884
37,1,1,0.9475201368331909
38,0,0,0.9950405955314636
39,0,0,0.9724120497703552
40,0,0,0.990429699420929
41,0,0,0.9875104427337646
42,1,1,0.9816442728042603
43,1,1,0.9944737553596497
44,1,1,0.7723341584205627
45,1,1,0.9913651943206787
46,0,0,0.9969912767410278
47,1,1,0.9921561479568481
48,0,0,0.9968882203102112
49,0,1,0.980373740196228
50,0,1,0.8856571316719055
51,0,1,0.8952423334121704
52,0,0,0.6241000890731812
53,0,1,0.535014271736145
54,0,0,0.996510922908783
55,1,0,0.5677331686019897
56,0,0,0.9955806136131287
57,1,1,0.6356444358825684
58,0,0,0.9908377528190613
59,1,1,0.9838032722473145
60,1,1,0.9893003106117249
61,1,1,0.8692334890365601
62,0,0,0.9970589876174927
63,1,1,0.9951344132423401
64,1,1,0.9779436588287354
65,1,0,0.8406615257263184
66,0,0,0.9953493475914001
67,1,1,0.9906388521194458
68,0,0,0.9954898953437805
69,1,1,0.7932725548744202
70,0,0,0.9883412718772888
71,0,0,0.9953859448432922
72,1,1,0.8418170809745789
73,0,0,0.9510443806648254
74,1,1,0.9761921763420105
75,1,1,0.9896148443222046
76,0,0,0.983654797077179
77,0,0,0.9685751795768738
