,label,pred,score
0,1,1,0.9978141784667969
1,1,1,0.6845694184303284
2,0,0,0.9948863387107849
3,1,1,0.9986452460289001
4,1,0,0.9866966605186462
5,0,1,0.7890729904174805
6,0,0,0.9989114999771118
7,1,1,0.9949703812599182
8,0,1,0.9613329768180847
9,1,0,0.993593156337738
10,0,0,0.9957236051559448
11,0,1,0.7721403241157532
12,0,1,0.903145432472229
13,1,0,0.9983078241348267
14,0,0,0.9975324869155884
15,1,1,0.9987984895706177
16,0,0,0.997952938079834
17,0,0,0.9552671909332275
18,1,1,0.8475649356842041
19,1,1,0.9970610737800598
