,label,pred,score
0,0,0,0.7462795972824097
1,0,0,0.8247261643409729
2,1,0,0.6940167546272278
3,1,0,0.8149567246437073
4,0,0,0.9928925037384033
5,0,0,0.7156903743743896
6,1,0,0.9939915537834167
7,1,1,0.9922588467597961
8,1,0,0.5542281866073608
9,0,0,0.9940747618675232
10,1,1,0.9680965542793274
11,1,1,0.9655261635780334
12,1,1,0.9873040318489075
13,0,0,0.9960143566131592
14,1,1,0.9787408709526062
15,0,0,0.9127495884895325
16,0,0,0.8856285214424133
17,0,0,0.9785892367362976
18,1,1,0.992836058139801
19,0,1,0.7172742486000061
