,label,pred,score
0,1,1,0.9613498449325562
1,0,0,0.9983673691749573
2,1,1,0.9926432967185974
3,1,1,0.9913452863693237
4,1,1,0.9948729872703552
5,1,1,0.9942218661308289
6,1,0,0.8845614790916443
7,1,0,0.994695246219635
8,1,0,0.9813123345375061
9,0,0,0.9941243529319763
10,1,1,0.9722003936767578
11,0,0,0.5480607748031616
12,0,0,0.9189552664756775
13,0,0,0.9986577033996582
14,1,1,0.9930443167686462
15,0,0,0.9985632300376892
16,0,0,0.9971957206726074
17,1,1,0.9553136229515076
18,0,0,0.988628089427948
19,0,0,0.9153485298156738
20,1,1,0.6190201640129089
21,1,1,0.982481837272644
22,1,1,0.9939042925834656
23,1,1,0.9909325838088989
24,0,1,0.9843852519989014
25,0,1,0.8713955879211426
26,0,0,0.9931579232215881
27,1,1,0.9945587515830994
28,1,1,0.9915627241134644
29,0,0,0.997626006603241
30,0,0,0.9355648159980774
31,0,0,0.9971336126327515
32,0,0,0.5377925634384155
33,0,1,0.980229377746582
34,0,0,0.9975208640098572
35,1,1,0.7138755917549133
36,1,1,0.9651409983634949
37,0,0,0.9415766596794128
38,1,1,0.987138569355011
39,0,0,0.9948998093605042
40,0,1,0.8413704633712769
41,1,1,0.990035355091095
42,1,1,0.9799598455429077
43,0,0,0.9766967296600342
44,0,0,0.9191886782646179
45,1,0,0.5836848020553589
46,0,0,0.7890713214874268
47,1,0,0.9030001759529114
48,0,0,0.9646337032318115
49,1,0,0.9965343475341797
50,1,1,0.9929060935974121
51,1,1,0.969961941242218
52,1,1,0.9866132140159607
53,0,0,0.9867851138114929
54,0,0,0.991657018661499
55,0,0,0.9784179329872131
56,0,1,0.8379241824150085
57,1,1,0.9960753321647644
58,0,0,0.9988357424736023
59,1,1,0.9680227041244507
60,1,1,0.6259179711341858
61,0,0,0.9961470365524292
