,label,pred,score
0,1,0,0.7731755375862122
1,1,1,0.9900645613670349
2,0,0,0.9953600764274597
3,1,1,0.9946414232254028
4,1,1,0.9663936495780945
5,1,1,0.5395283699035645
6,1,1,0.9059455990791321
7,1,1,0.9979459643363953
8,1,1,0.9900556802749634
9,1,1,0.9950952529907227
10,1,1,0.9844186305999756
11,0,0,0.9883682131767273
12,0,0,0.9950534701347351
13,0,1,0.9375330805778503
14,1,1,0.9937362670898438
15,0,0,0.9967484474182129
16,1,1,0.9974443912506104
17,0,0,0.9920107126235962
18,1,1,0.9916545152664185
19,1,1,0.9978232383728027
20,0,0,0.9954323768615723
21,0,1,0.9980403780937195
22,0,0,0.9916509985923767
23,0,0,0.9917578101158142
24,0,0,0.991905689239502
25,1,0,0.9684637188911438
26,0,0,0.9931334853172302
27,0,0,0.9958141446113586
28,1,1,0.9684805870056152
29,0,1,0.9971531629562378
30,0,0,0.9961217045783997
31,0,0,0.9831721782684326
