,label,pred,score
0,0,0,0.6735022068023682
1,0,0,0.9894271492958069
2,1,1,0.8987966775894165
3,1,0,0.5479274392127991
4,0,0,0.8125123381614685
5,0,0,0.9969603419303894
6,1,0,0.9943221807479858
7,1,1,0.9737096428871155
8,1,0,0.9864583611488342
9,0,0,0.9604439735412598
10,1,1,0.8135977983474731
11,1,0,0.9519996643066406
12,1,1,0.728226900100708
13,0,1,0.5215294361114502
14,1,1,0.8982177376747131
15,0,0,0.9972320199012756
16,0,1,0.9613440036773682
17,0,0,0.6047570705413818
18,1,1,0.7734529972076416
19,0,1,0.5051781535148621
