,label,pred,score
0,1,0,0.9912233352661133
1,0,1,0.539489209651947
2,0,0,0.9994494318962097
3,0,0,0.9787649512290955
4,0,0,0.9995110034942627
5,0,0,0.9997217059135437
6,1,1,0.9995806813240051
7,0,0,0.9990617632865906
8,0,0,0.9987836480140686
9,1,0,0.9995211362838745
10,0,0,0.9997929930686951
11,0,0,0.999247670173645
12,0,0,0.999599039554596
13,1,1,0.9996917247772217
14,0,0,0.9995418787002563
15,0,0,0.9983919262886047
16,0,0,0.9991890788078308
17,1,1,0.9940891265869141
18,0,0,0.9994839429855347
19,1,1,0.9981040954589844
20,1,0,0.9987646341323853
21,1,1,0.9980915188789368
22,0,0,0.9995808005332947
23,0,0,0.9995816349983215
24,1,1,0.9992027878761292
25,0,0,0.999622106552124
26,0,0,0.9975838661193848
27,1,1,0.9986165761947632
28,0,0,0.9983580708503723
29,0,0,0.9989050626754761
30,0,0,0.9996374845504761
31,0,1,0.9981693029403687
32,0,0,0.9977647066116333
33,1,0,0.9932941198348999
34,1,1,0.996355414390564
35,1,0,0.9829050302505493
36,1,1,0.9994139671325684
37,0,0,0.9981480836868286
38,0,0,0.9994182586669922
39,0,0,0.9997695088386536
40,0,0,0.9986374974250793
41,1,1,0.958217442035675
42,1,1,0.9994547963142395
43,1,1,0.9988948702812195
44,0,0,0.9996688365936279
45,1,0,0.5335555672645569
46,1,1,0.9990183115005493
47,1,1,0.9568236470222473
48,1,1,0.9935051202774048
49,1,1,0.999098539352417
50,0,0,0.9996405839920044
51,1,0,0.9252601861953735
52,1,1,0.999505877494812
53,1,1,0.9909684062004089
54,1,0,0.8954683542251587
55,1,1,0.9992865920066833
56,0,0,0.9988331198692322
57,1,1,0.9984570741653442
58,1,0,0.9926605224609375
59,1,1,0.9798235893249512
60,1,1,0.9987461566925049
61,0,0,0.9994675517082214
