,label,pred,score
0,1,1,0.9636667370796204
1,0,0,0.9957259893417358
2,0,1,0.9768480062484741
3,0,0,0.993133544921875
4,0,0,0.9700994491577148
5,0,0,0.9825215935707092
6,0,0,0.9929023385047913
7,1,1,0.9818373322486877
8,1,1,0.8731436729431152
9,1,1,0.9830563068389893
10,1,1,0.9146289229393005
11,1,1,0.9919803142547607
12,1,1,0.9639379382133484
13,1,1,0.9350617527961731
14,1,1,0.9594619274139404
15,1,0,0.770193874835968
16,0,1,0.9884090423583984
17,0,0,0.9758961200714111
18,1,1,0.9799521565437317
19,0,1,0.9873037934303284
20,0,1,0.5876322984695435
21,0,0,0.9876267313957214
22,1,1,0.733302116394043
23,0,1,0.8945892453193665
24,0,0,0.9260733723640442
25,0,0,0.98831707239151
26,1,1,0.9920406937599182
27,0,0,0.9954813718795776
28,1,1,0.9921718835830688
29,1,1,0.8878544569015503
30,1,1,0.9931013584136963
31,0,0,0.9928763508796692
32,1,1,0.9034298062324524
33,0,0,0.9905019998550415
34,0,1,0.9405584931373596
35,1,1,0.9924858808517456
36,0,0,0.9876567125320435
37,1,1,0.9710729718208313
38,1,1,0.9949677586555481
39,1,1,0.9926236867904663
40,1,1,0.986974835395813
41,1,1,0.9749382734298706
42,0,1,0.9428287148475647
43,0,0,0.9746082425117493
44,0,1,0.9977231621742249
45,0,1,0.9354743361473083
46,1,1,0.9855841398239136
47,1,0,0.9901717305183411
48,1,1,0.966163694858551
49,0,0,0.9909335374832153
50,0,0,0.9814452528953552
51,0,0,0.9415944218635559
52,1,1,0.8408418297767639
53,0,0,0.9857777953147888
54,1,1,0.9839929938316345
55,0,0,0.9525046944618225
56,0,0,0.9736310839653015
57,1,1,0.8660131096839905
58,0,0,0.9767577052116394
59,0,0,0.9922531247138977
60,0,0,0.9891437888145447
61,0,0,0.990047037601471
62,1,1,0.7342466711997986
63,0,0,0.9844754338264465
64,1,1,0.9448074698448181
65,0,0,0.9921144247055054
66,1,1,0.9876554608345032
67,0,0,0.9895334839820862
68,1,1,0.9911321997642517
69,1,0,0.9921675324440002
70,1,0,0.972752034664154
71,0,0,0.6177104711532593
72,1,1,0.996531069278717
73,0,1,0.9954549074172974
74,0,1,0.9793668389320374
75,1,1,0.9232556223869324
76,1,1,0.9328503012657166
77,1,1,0.9897388815879822
