,label,pred,score
0,0,0,0.8425701856613159
1,0,0,0.8630114793777466
2,0,0,0.6846546530723572
3,0,0,0.7141443490982056
4,1,0,0.5169660449028015
5,1,0,0.6357245445251465
6,1,0,0.6311697363853455
7,0,1,0.9190086722373962
8,1,1,0.7559220790863037
9,1,1,0.8113553524017334
10,0,0,0.8931840658187866
11,0,0,0.8329688906669617
12,1,0,0.7095955014228821
13,1,1,0.8518831729888916
14,0,1,0.6322222352027893
15,1,1,0.9153839945793152
16,1,1,0.5745231509208679
17,0,0,0.7632089257240295
18,0,1,0.7271209359169006
19,1,0,0.5799459218978882
20,0,1,0.8020902276039124
21,0,0,0.8764379024505615
22,1,1,0.6835248470306396
23,0,0,0.6875389218330383
24,1,0,0.5130415558815002
25,0,0,0.8437341451644897
26,0,0,0.8164884448051453
27,1,1,0.576777994632721
28,1,1,0.6419981122016907
29,0,1,0.7173816561698914
30,1,0,0.6891443133354187
31,1,1,0.9182917475700378
