,label,pred,score
0,1,1,0.6838890314102173
1,1,1,0.9938850998878479
2,0,0,0.9970985651016235
3,1,1,0.9874553680419922
4,1,1,0.9953165054321289
5,1,1,0.979583203792572
6,1,1,0.9900444746017456
7,1,1,0.9988449811935425
8,1,1,0.8918668627738953
9,1,1,0.991854190826416
10,1,1,0.7893986105918884
11,0,0,0.9949740171432495
12,0,1,0.9781144857406616
13,0,1,0.9875310063362122
14,1,1,0.9690698981285095
15,0,0,0.9992207288742065
16,1,1,0.9982953667640686
17,0,0,0.997795820236206
18,1,1,0.9911016225814819
19,1,1,0.9978804588317871
20,0,0,0.9980993866920471
21,0,1,0.9991059899330139
22,0,0,0.9924374222755432
23,0,0,0.9961259961128235
24,0,0,0.7547011971473694
25,1,0,0.8905761241912842
26,0,0,0.9656149744987488
27,0,0,0.9890804886817932
28,1,1,0.9949665665626526
29,0,1,0.705980122089386
30,0,0,0.9980406165122986
31,0,0,0.828437864780426
