,label,pred,score
0,1,1,0.9653617143630981
1,1,1,0.9863209128379822
2,0,0,0.9917433857917786
3,1,1,0.9432016611099243
4,1,1,0.8082263469696045
5,0,0,0.9955379962921143
6,1,1,0.5898708701133728
7,0,0,0.9772663116455078
8,0,0,0.9884716272354126
9,0,0,0.9957913160324097
10,0,0,0.9944487810134888
11,0,1,0.9915071129798889
12,0,0,0.8016296625137329
13,1,1,0.9809313416481018
14,0,0,0.9947227239608765
15,0,0,0.9833682179450989
16,1,1,0.9803127646446228
17,1,1,0.9934340715408325
18,1,1,0.9820098280906677
19,1,1,0.8391075730323792
20,1,0,0.9062560796737671
21,0,0,0.9954245686531067
22,0,1,0.9936760067939758
23,1,1,0.9165084958076477
24,0,0,0.9693304300308228
25,0,0,0.9953572154045105
26,1,1,0.919496476650238
27,0,1,0.973660945892334
28,1,1,0.8197401165962219
29,1,0,0.9587833881378174
30,1,1,0.9927243590354919
31,0,0,0.9859873652458191
