,label,pred,score
0,0,1,0.6727933287620544
1,1,1,0.9996699094772339
2,0,1,0.9820135235786438
3,0,0,0.9780954122543335
4,0,0,0.9941892623901367
5,0,0,0.8852204084396362
6,0,1,0.9995003938674927
7,1,1,0.9997066855430603
8,1,1,0.8115900754928589
9,1,1,0.956151008605957
10,1,1,0.7430832982063293
11,0,1,0.993645191192627
12,0,1,0.9633223414421082
13,1,1,0.9994388222694397
14,1,1,0.9996640682220459
15,1,0,0.9245011210441589
16,1,1,0.5848756432533264
17,0,0,0.6997937560081482
18,1,0,0.7755929827690125
19,1,1,0.9997695088386536
20,1,1,0.9984757304191589
21,0,0,0.6853272318840027
22,1,1,0.9974238872528076
23,1,1,0.9932122230529785
24,0,0,0.9940198659896851
25,0,1,0.8400344848632812
26,1,0,0.7436099052429199
27,0,1,0.9980865716934204
28,0,1,0.9994346499443054
29,1,1,0.9986151456832886
30,1,1,0.9969493746757507
31,1,1,0.8669474720954895
32,1,0,0.9972055554389954
33,0,1,0.9991759657859802
34,1,1,0.999708354473114
35,0,1,0.9567747712135315
36,0,1,0.7862899899482727
37,1,1,0.9855530858039856
38,0,1,0.8984847068786621
39,0,1,0.9578089714050293
40,0,1,0.7038101553916931
41,0,1,0.7619559168815613
42,1,1,0.997503936290741
43,1,1,0.9621459245681763
44,1,0,0.9936128258705139
45,1,1,0.9989008903503418
46,0,0,0.9959988594055176
47,1,1,0.9908720850944519
48,0,0,0.9899918437004089
49,0,1,0.99941086769104
50,0,1,0.5501433610916138
51,0,1,0.9161205291748047
52,0,1,0.7155624032020569
53,0,0,0.955639660358429
54,0,1,0.9970184564590454
55,1,1,0.9982670545578003
56,0,0,0.9714121222496033
57,1,1,0.9983032941818237
58,0,1,0.9637125730514526
59,1,1,0.995445966720581
60,1,1,0.9996503591537476
61,1,1,0.6878173351287842
62,0,0,0.9679440855979919
63,1,0,0.9642441868782043
64,1,1,0.9790157079696655
65,1,1,0.5054452419281006
66,0,0,0.9988906979560852
67,1,1,0.9238988757133484
68,0,0,0.9331626892089844
69,1,0,0.8390633463859558
70,0,1,0.9705083966255188
71,0,0,0.5693643093109131
72,1,1,0.9994775652885437
73,0,1,0.9825899004936218
74,1,1,0.999607503414154
75,1,1,0.9997116923332214
76,0,1,0.8147493004798889
77,0,1,0.6527074575424194
