,label,pred,score
0,0,0,0.6922603845596313
1,0,0,0.8667829036712646
2,1,1,0.6770113706588745
3,1,0,0.9820753931999207
4,0,0,0.9818693995475769
5,0,0,0.9693163633346558
6,1,0,0.9940925240516663
7,1,1,0.9925159811973572
8,1,1,0.5240409970283508
9,0,0,0.9724121689796448
10,1,1,0.8978689312934875
11,1,1,0.9759875535964966
12,1,1,0.9921703934669495
13,0,0,0.9948115348815918
14,1,1,0.9818559288978577
15,0,1,0.9333889484405518
16,0,1,0.9687761068344116
17,0,0,0.9769614338874817
18,1,1,0.9929136633872986
19,0,1,0.9116764068603516
