,label,pred,score
0,1,0,0.6783000230789185
1,1,0,0.6814990639686584
2,0,0,0.7217309474945068
3,0,0,0.563543975353241
4,1,0,0.563543975353241
5,1,0,0.563543975353241
6,1,0,0.563543975353241
7,0,0,0.563543975353241
8,1,0,0.7251775860786438
9,1,0,0.6814990639686584
10,0,0,0.563543975353241
11,1,0,0.7251775860786438
12,1,0,0.563543975353241
13,0,0,0.563543975353241
14,0,0,0.563543975353241
15,0,0,0.563543975353241
16,1,0,0.7250482439994812
17,1,0,0.563543975353241
18,1,0,0.563543975353241
19,0,0,0.6783000230789185
20,0,0,0.563543975353241
21,0,0,0.563543975353241
22,0,0,0.563543975353241
23,1,0,0.563543975353241
24,1,0,0.563543975353241
25,0,0,0.563543975353241
26,0,0,0.563543975353241
27,0,0,0.563543975353241
28,1,0,0.6829909086227417
29,0,0,0.563543975353241
30,0,0,0.6818413138389587
31,0,0,0.563543975353241
32,0,0,0.563543975353241
33,0,0,0.563543975353241
34,1,0,0.7250482439994812
35,0,0,0.563543975353241
36,1,0,0.6867262721061707
37,0,0,0.7250482439994812
38,0,0,0.563543975353241
39,1,0,0.563543975353241
40,0,0,0.563543975353241
41,0,0,0.563543975353241
42,1,0,0.6814990639686584
43,1,0,0.563543975353241
44,1,0,0.563543975353241
45,1,0,0.7294612526893616
46,0,0,0.563543975353241
47,0,0,0.563543975353241
48,0,0,0.563543975353241
49,1,0,0.563543975353241
50,1,0,0.6188338398933411
51,1,0,0.563543975353241
52,0,0,0.7977385520935059
53,0,0,0.563543975353241
54,0,0,0.563543975353241
55,0,0,0.563543975353241
56,0,0,0.563543975353241
57,0,0,0.563543975353241
58,0,0,0.563543975353241
59,1,0,0.6783000230789185
60,1,0,0.563543975353241
61,1,0,0.7250482439994812
62,0,0,0.563543975353241
63,1,0,0.7167113423347473
64,1,0,0.7251775860786438
65,1,0,0.6863850951194763
66,1,0,0.6814990639686584
67,0,0,0.563543975353241
68,1,0,0.6829909086227417
69,1,0,0.6948561668395996
70,0,0,0.563543975353241
71,1,0,0.563543975353241
72,1,0,0.563543975353241
73,0,0,0.563543975353241
74,1,0,0.8246939778327942
75,1,0,0.7518192529678345
76,1,0,0.563543975353241
77,0,0,0.7250482439994812
