,label,pred,score
0,1,0,0.5039353370666504
1,0,0,0.506392240524292
2,1,0,0.506392240524292
3,0,0,0.506392240524292
4,1,0,0.5459340214729309
5,1,0,0.506392240524292
6,0,1,0.5057297348976135
7,0,0,0.506392240524292
8,1,0,0.506392240524292
9,1,0,0.506392240524292
10,1,0,0.506392240524292
11,1,0,0.5370519757270813
12,1,0,0.506392240524292
13,1,0,0.5058800578117371
14,0,0,0.506392240524292
15,0,0,0.506392240524292
16,1,0,0.503791868686676
17,0,0,0.506392240524292
18,0,0,0.5019224882125854
19,0,0,0.506392240524292
20,1,0,0.5459340214729309
21,0,1,0.5063441395759583
22,0,0,0.506392240524292
23,0,0,0.506392240524292
24,0,1,0.5063441395759583
25,1,1,0.5025807023048401
26,1,0,0.506392240524292
27,0,0,0.506392240524292
28,1,0,0.506392240524292
29,1,0,0.506392240524292
30,0,1,0.5096137523651123
31,1,0,0.5058800578117371
32,0,0,0.506392240524292
33,0,0,0.506392240524292
34,1,0,0.506392240524292
35,0,0,0.506392240524292
36,0,0,0.506392240524292
37,0,1,0.5135006308555603
38,0,0,0.506392240524292
39,1,0,0.506392240524292
40,0,0,0.506392240524292
41,1,1,0.5042492747306824
42,1,0,0.503791868686676
43,1,0,0.506392240524292
44,0,0,0.506392240524292
45,1,0,0.506392240524292
46,1,0,0.506392240524292
47,1,1,0.5063441395759583
48,0,0,0.506392240524292
49,0,0,0.5394909381866455
50,1,0,0.506392240524292
51,1,0,0.506392240524292
52,1,0,0.5063923001289368
53,1,0,0.506392240524292
54,0,1,0.5135006308555603
55,1,0,0.506392240524292
56,0,0,0.506392240524292
57,0,0,0.506392240524292
58,1,0,0.506392240524292
59,0,0,0.5152884721755981
60,0,0,0.506392240524292
61,0,0,0.506392240524292
