,label,pred,score
0,1,0,0.6135027408599854
1,1,0,0.5863186120986938
2,0,0,0.7211955189704895
3,0,0,0.5612685084342957
4,1,0,0.6846309900283813
5,1,0,0.6923907995223999
6,0,0,0.5965795516967773
7,0,0,0.6518148183822632
8,1,0,0.7041013836860657
9,0,0,0.6353237628936768
10,0,0,0.6849479079246521
11,0,0,0.6042524576187134
12,1,0,0.6353237628936768
13,1,0,0.5442550182342529
14,1,0,0.6889022588729858
15,1,0,0.559363067150116
16,0,0,0.6726649403572083
17,0,0,0.6846352219581604
18,0,0,0.6975210905075073
19,0,0,0.5828489661216736
20,1,0,0.5950108170509338
21,0,0,0.6821053624153137
22,0,0,0.6512472033500671
23,1,0,0.5721940398216248
24,0,0,0.694076657295227
25,1,0,0.6838053464889526
26,0,0,0.6576312184333801
27,0,0,0.623092770576477
28,1,0,0.6051490902900696
29,1,0,0.6849479079246521
30,1,0,0.6838053464889526
31,1,0,0.6849479675292969
