,label,pred,score
0,0,0,0.6224579811096191
1,0,0,0.719186007976532
2,1,0,0.5927087664604187
3,0,0,0.7155125737190247
4,1,0,0.6556804180145264
5,0,0,0.7155126929283142
6,1,0,0.776050865650177
7,1,0,0.5928323864936829
8,1,0,0.7185772061347961
9,1,0,0.6299182772636414
10,1,0,0.7307435870170593
11,0,0,0.6318402886390686
12,0,0,0.6933730840682983
13,1,0,0.7631779909133911
14,1,0,0.7222583293914795
15,1,0,0.6637158989906311
16,0,0,0.7269341945648193
17,0,0,0.6491761803627014
18,1,0,0.8291192054748535
19,0,0,0.6198329329490662
20,0,0,0.6285964250564575
21,0,0,0.713382363319397
22,0,0,0.6996601819992065
23,1,1,0.6677776575088501
24,1,0,0.5392383337020874
25,1,0,0.6424313187599182
26,0,0,0.6643637418746948
27,0,0,0.7406269907951355
28,0,0,0.6227900981903076
29,1,0,0.6563624143600464
30,0,0,0.6073439717292786
31,0,0,0.5288029313087463
32,1,0,0.643634557723999
33,1,0,0.710227370262146
34,1,0,0.5636264681816101
35,0,1,0.5040812492370605
36,0,0,0.6110741496086121
37,1,0,0.6385213732719421
38,0,0,0.5567796230316162
39,1,1,0.6684863567352295
40,1,0,0.7542481422424316
41,0,0,0.7081457376480103
42,1,0,0.6299182772636414
43,0,0,0.7023202180862427
44,0,0,0.7160724401473999
45,0,0,0.5447526574134827
46,1,0,0.5081192255020142
47,0,0,0.5567793250083923
48,0,0,0.6109936237335205
49,0,0,0.6301659941673279
50,0,0,0.6034232378005981
51,1,0,0.8076319098472595
52,1,0,0.5811213254928589
53,1,0,0.6111279726028442
54,1,0,0.7224873304367065
55,0,0,0.5742940902709961
56,1,0,0.6723388433456421
57,1,0,0.6399571895599365
58,1,0,0.8076169490814209
59,1,0,0.6239128708839417
60,0,0,0.7000481486320496
61,0,0,0.7836742401123047
