,label,pred,score
0,0,0,0.5000960230827332
1,1,0,0.5000960230827332
2,1,0,0.5000960230827332
3,1,0,0.5000960230827332
4,1,0,0.5000960230827332
5,1,0,0.5000960230827332
6,1,0,0.5000960230827332
7,0,0,0.5000960230827332
8,0,0,0.5000960230827332
9,0,0,0.5000960230827332
10,1,0,0.5000960230827332
11,0,0,0.5000960230827332
12,0,0,0.5000960230827332
13,1,0,0.5000960230827332
14,0,0,0.5000960230827332
15,0,0,0.5000960230827332
16,1,0,0.5000960230827332
17,1,0,0.5000960230827332
18,0,0,0.5000960230827332
19,0,0,0.5000960230827332
