,label,pred,score
0,1,0,0.5685892701148987
1,0,0,0.5685892701148987
2,1,0,0.5417495965957642
3,0,0,0.5685892701148987
4,1,1,0.5746513605117798
5,1,0,0.5292964577674866
6,1,0,0.5495923757553101
7,0,0,0.5685892701148987
8,0,0,0.5685892701148987
9,0,0,0.5685892701148987
10,1,0,0.5685892701148987
11,1,0,0.6288367509841919
12,0,0,0.5685892701148987
13,1,0,0.5685892701148987
14,1,0,0.5685892701148987
15,0,0,0.5685892701148987
16,0,0,0.5110895037651062
17,0,0,0.5685892701148987
18,0,0,0.5685892701148987
19,1,0,0.5685892701148987
20,1,0,0.5292964577674866
21,1,0,0.5685892701148987
22,1,0,0.5685892701148987
23,0,0,0.5685892701148987
24,1,0,0.5685892701148987
25,0,0,0.5685892701148987
26,0,0,0.5685892701148987
27,0,0,0.5685892701148987
28,0,0,0.5685892701148987
29,0,0,0.5685892701148987
30,1,0,0.5685892701148987
31,0,0,0.5993156433105469
32,0,0,0.5685892701148987
33,0,0,0.5685892701148987
34,0,0,0.5011397004127502
35,1,0,0.5011397004127502
36,1,0,0.5993156433105469
37,1,0,0.5495923757553101
38,0,0,0.5685892701148987
39,0,0,0.5685892701148987
40,0,0,0.5685892701148987
41,1,0,0.5993156433105469
42,1,0,0.5685892701148987
43,1,0,0.5477390289306641
44,0,0,0.5685892701148987
45,1,0,0.5494556427001953
46,0,0,0.5685892701148987
47,0,0,0.5685892701148987
48,0,0,0.5685892701148987
49,0,0,0.5685892701148987
50,1,0,0.5685892701148987
51,1,0,0.6288367509841919
52,1,0,0.5993156433105469
53,0,0,0.5685892701148987
54,1,0,0.6288367509841919
55,1,1,0.5311501026153564
56,1,0,0.5804431438446045
57,0,0,0.5685892701148987
58,0,0,0.5685892701148987
59,1,0,0.5011397004127502
60,1,0,0.5685892701148987
61,0,0,0.5993156433105469
62,0,0,0.5804112553596497
63,0,0,0.5685892701148987
64,1,0,0.5538650155067444
65,1,0,0.5685892701148987
66,1,0,0.5292964577674866
67,1,0,0.6288367509841919
68,1,0,0.5685892701148987
69,1,0,0.5685892701148987
70,0,0,0.5675466060638428
71,1,0,0.5685892701148987
72,1,0,0.5685892701148987
73,0,0,0.5685892701148987
74,0,0,0.5685892701148987
75,1,0,0.5362944006919861
76,0,0,0.5685892701148987
77,0,0,0.5685892701148987
