,label,pred,score
0,1,1,0.5032427906990051
1,1,1,0.5071473121643066
2,0,1,0.5046280026435852
3,1,1,0.5046280026435852
4,1,1,0.505000650882721
5,0,1,0.5020853877067566
6,0,1,0.5020853877067566
7,0,1,0.5052679777145386
8,1,1,0.5053874850273132
9,0,1,0.5050245523452759
10,1,1,0.5071473121643066
11,1,1,0.5050678253173828
12,0,1,0.5050324201583862
13,0,1,0.5050557255744934
14,1,1,0.5045644044876099
15,0,1,0.504927933216095
16,0,1,0.5066534876823425
17,1,1,0.5052685141563416
18,1,1,0.5048889517784119
19,0,1,0.504919707775116
