,label,pred,score
0,0,0,0.5216614603996277
1,0,0,0.5216614603996277
2,0,0,0.5216614603996277
3,1,0,0.5216614603996277
4,1,0,0.5216614603996277
5,1,0,0.5493146181106567
6,0,0,0.5216612815856934
7,0,0,0.5216614603996277
8,1,0,0.5216614603996277
9,1,0,0.5216614603996277
10,1,0,0.5216614603996277
11,1,0,0.7008691430091858
12,1,0,0.5216612815856934
13,0,0,0.7008691430091858
14,1,0,0.7289192080497742
15,0,0,0.5216614603996277
16,0,0,0.5598678588867188
17,1,0,0.5216614603996277
18,1,0,0.6028915047645569
19,1,0,0.6194393634796143
20,0,0,0.5216614603996277
21,0,0,0.5216614603996277
22,1,0,0.5819348096847534
23,0,0,0.7617672085762024
24,0,0,0.5216614603996277
25,0,0,0.5216614603996277
26,0,0,0.5216614603996277
27,1,0,0.5216614603996277
28,0,0,0.5216614603996277
29,0,0,0.5216614603996277
30,1,0,0.5216614603996277
31,0,0,0.5216614603996277
32,0,0,0.5216614603996277
33,1,1,0.512819766998291
34,0,0,0.5216614603996277
35,0,0,0.5216614603996277
36,0,0,0.5216614603996277
37,1,1,0.5112428665161133
38,0,0,0.5216614603996277
39,1,0,0.5947521924972534
40,1,0,0.6624253988265991
41,0,0,0.5216614603996277
42,1,0,0.7617672085762024
43,0,0,0.5216614603996277
44,1,0,0.7595372796058655
45,1,0,0.6028915047645569
46,0,0,0.5216614603996277
47,1,0,0.5216614603996277
48,0,0,0.5216614603996277
49,0,0,0.5216614603996277
50,0,0,0.5216614603996277
51,0,0,0.5216614603996277
52,1,0,0.5216614603996277
53,1,1,0.5112428665161133
54,1,0,0.5216614603996277
55,0,0,0.5216614603996277
56,1,0,0.7008691430091858
57,1,0,0.5216614603996277
58,1,0,0.5216614603996277
59,1,0,0.7617672085762024
60,1,0,0.6028915047645569
61,0,0,0.5216614603996277
62,1,0,0.5216614603996277
63,0,1,0.5659661293029785
64,1,0,0.6253016591072083
65,0,0,0.6654072403907776
66,1,0,0.5216614603996277
67,0,0,0.5216614603996277
68,1,0,0.6194393634796143
69,1,0,0.7008691430091858
70,0,0,0.7008691430091858
71,0,0,0.5216614603996277
72,0,0,0.5216614603996277
73,1,0,0.6028915047645569
74,1,0,0.6194393634796143
75,0,0,0.5216614603996277
76,0,0,0.5216614603996277
77,1,0,0.5216614603996277
