,label,pred,score
0,1,0,0.5197529196739197
1,1,0,0.5197529792785645
2,0,0,0.5078176856040955
3,0,0,0.5197529792785645
4,1,1,0.5270864367485046
5,1,0,0.5082464218139648
6,1,0,0.5197529792785645
7,0,0,0.5197529792785645
8,0,0,0.5197529792785645
9,0,0,0.5197529792785645
10,0,0,0.5197529792785645
11,1,0,0.5197529792785645
12,0,0,0.5197529792785645
13,0,0,0.5197529792785645
14,1,1,0.5564715266227722
15,0,1,0.517290472984314
16,0,0,0.5197529792785645
17,0,0,0.5197529792785645
18,1,1,0.509936511516571
19,0,1,0.5564715266227722
20,0,0,0.5197529792785645
21,1,1,0.509936511516571
22,0,0,0.5197529792785645
23,1,0,0.5082464218139648
24,0,0,0.5197529792785645
25,1,0,0.5197529792785645
26,1,1,0.5168389081954956
27,1,1,0.5168389081954956
28,0,1,0.5381185412406921
29,1,1,0.509936511516571
30,0,0,0.5197529792785645
31,0,1,0.5381185412406921
32,1,1,0.5381185412406921
33,1,1,0.5381185412406921
34,1,0,0.5197529792785645
35,0,0,0.5197529196739197
36,1,1,0.5168389081954956
37,0,0,0.5197529792785645
38,0,0,0.5197529792785645
39,0,0,0.5197529792785645
40,0,0,0.5050458312034607
41,0,0,0.5197529792785645
42,0,0,0.5197529792785645
43,0,0,0.5197529792785645
44,1,0,0.5197529792785645
45,0,0,0.5197529792785645
46,1,0,0.5197529792785645
47,0,0,0.5197529792785645
48,0,0,0.5197529792785645
49,1,0,0.5197529792785645
50,1,0,0.5197529792785645
51,0,0,0.5197529792785645
52,1,1,0.509936511516571
53,0,0,0.5197529792785645
54,1,1,0.5497024059295654
55,1,0,0.5197529792785645
56,1,0,0.5085366368293762
57,0,0,0.5197529792785645
58,0,0,0.5197529792785645
59,0,0,0.5197529792785645
60,0,0,0.5197529792785645
61,1,0,0.5197529792785645
62,1,0,0.5197529792785645
63,1,1,0.5295507907867432
64,1,0,0.5197529792785645
65,1,0,0.5197529792785645
66,1,1,0.5634401440620422
67,1,0,0.5197529792785645
68,1,1,0.5564715266227722
69,0,0,0.5197529792785645
70,1,0,0.5008150935173035
71,1,0,0.508155107498169
72,1,1,0.5381185412406921
73,0,0,0.5197529792785645
74,1,0,0.5125524997711182
75,0,0,0.5197529792785645
76,1,0,0.5197529792785645
77,0,0,0.5197529792785645
