,label,pred,score
0,0,1,0.5187568664550781
1,0,0,0.6514529585838318
2,1,1,0.5187568664550781
3,0,0,0.5086653828620911
4,1,0,0.5619645118713379
5,0,1,0.5187568664550781
6,0,1,0.5187568664550781
7,0,1,0.5187568664550781
8,0,0,0.5376393795013428
9,1,0,0.5203046202659607
10,1,1,0.5187568664550781
11,1,0,0.5598332285881042
12,0,0,0.5715304017066956
13,1,1,0.5187568664550781
14,0,1,0.5187568664550781
15,0,1,0.5187568664550781
16,1,1,0.5187568664550781
17,0,1,0.5187568664550781
18,1,1,0.5187568664550781
19,0,0,0.7060667276382446
20,0,1,0.5187568664550781
21,1,1,0.5187568664550781
22,0,1,0.5187568664550781
23,0,1,0.5187568664550781
24,0,1,0.5187568664550781
25,1,1,0.5187568664550781
26,1,0,0.5619645118713379
27,0,1,0.5187568664550781
28,0,1,0.5187568664550781
29,1,1,0.5187568664550781
30,1,0,0.5971096158027649
31,0,1,0.5187568664550781
32,0,1,0.5187568664550781
33,0,0,0.5018512010574341
34,1,1,0.5187568664550781
35,1,0,0.5971096158027649
36,0,0,0.5376393795013428
37,1,0,0.5778893232345581
38,0,0,0.5747554898262024
39,1,0,0.6383494734764099
40,1,1,0.5187568664550781
41,1,0,0.6201119422912598
42,0,1,0.5187568664550781
43,1,1,0.5187568664550781
44,1,1,0.5187568664550781
45,1,0,0.5376393795013428
46,0,1,0.5187568664550781
47,0,1,0.5187568664550781
48,1,1,0.5187568664550781
49,0,1,0.5187568664550781
50,1,0,0.6383494734764099
51,0,1,0.5187568664550781
52,1,1,0.5187568664550781
53,1,1,0.5187568664550781
54,1,1,0.5187568664550781
55,1,1,0.5187568664550781
56,1,1,0.5187568664550781
57,0,0,0.5715304017066956
58,0,1,0.5187568664550781
59,0,1,0.5187568664550781
60,1,1,0.5187568664550781
61,1,1,0.5187568664550781
