,label,pred,score
0,1,0,0.5115981698036194
1,0,0,0.5115981698036194
2,1,0,0.5115981698036194
3,0,0,0.5115981698036194
4,0,0,0.5115981698036194
5,0,0,0.5115981698036194
6,1,0,0.5115981698036194
7,1,0,0.6024733781814575
8,1,0,0.5115981698036194
9,0,0,0.5115981698036194
10,0,0,0.6024733781814575
11,1,1,0.5163795948028564
12,0,0,0.5115981698036194
13,1,0,0.5115982294082642
14,1,1,0.5675744414329529
15,1,0,0.6024733781814575
16,0,0,0.5115981698036194
17,0,0,0.5115981698036194
18,0,0,0.5115981698036194
19,1,0,0.5115981698036194
20,0,0,0.5115981698036194
21,1,0,0.5115981698036194
22,0,0,0.5115981698036194
23,0,0,0.5115981698036194
24,1,1,0.5973198413848877
25,1,1,0.5675744414329529
26,1,1,0.5973198413848877
27,1,0,0.5115981698036194
28,1,0,0.636241614818573
29,0,0,0.5115981698036194
30,0,0,0.5115982294082642
31,1,1,0.653681218624115
32,0,1,0.766237735748291
33,0,0,0.5115981698036194
34,0,0,0.5115981698036194
35,0,0,0.5115981698036194
36,1,1,0.5163795948028564
37,1,0,0.5378013849258423
38,0,0,0.5115981698036194
39,0,0,0.5115981698036194
40,0,0,0.5115981698036194
41,0,0,0.5115981698036194
42,1,0,0.5115981698036194
43,1,1,0.6092459559440613
44,1,1,0.766237735748291
45,0,0,0.5115981698036194
46,1,0,0.5115981698036194
47,0,0,0.5115981698036194
48,1,0,0.5115981698036194
49,0,0,0.5115981698036194
50,1,0,0.6024733781814575
51,1,1,0.5675744414329529
52,0,0,0.5115981698036194
53,1,0,0.5115981698036194
54,0,0,0.5115981698036194
55,1,1,0.766237735748291
56,1,0,0.5115981698036194
57,1,1,0.8053622245788574
58,0,0,0.6024733781814575
59,1,0,0.5115981698036194
60,1,1,0.6044251918792725
61,0,0,0.5115981698036194
62,0,1,0.5455766916275024
63,0,1,0.7535445094108582
64,0,0,0.5115981698036194
65,0,0,0.5115981698036194
66,0,0,0.5115981698036194
67,0,1,0.6226950883865356
68,1,0,0.5115981698036194
69,1,1,0.5163795948028564
70,1,1,0.6842350959777832
71,0,0,0.5115981698036194
72,0,0,0.5115981698036194
73,1,0,0.5115981698036194
74,0,0,0.5115981698036194
75,1,1,0.5675744414329529
76,1,1,0.54790860414505
77,1,0,0.5115981698036194
