,label,pred,score
0,0,0,0.5000261068344116
1,1,0,0.5000261068344116
2,0,0,0.5000261068344116
3,1,0,0.5000261068344116
4,0,0,0.5000261068344116
5,0,0,0.5000261068344116
6,1,0,0.5000261068344116
7,1,0,0.5000261068344116
8,1,0,0.5000261068344116
9,0,0,0.5000261068344116
10,0,0,0.5000261068344116
11,1,0,0.5000261068344116
12,1,0,0.5000261068344116
13,0,0,0.5000261068344116
14,1,0,0.5000261068344116
15,0,0,0.5000261068344116
16,0,0,0.5000261068344116
17,1,0,0.5000261068344116
18,0,0,0.5000261068344116
19,1,0,0.5000261068344116
