,label,pred,score
0,1,0,0.5186455249786377
1,1,0,0.5186455249786377
2,1,0,0.5186455249786377
3,1,0,0.5138603448867798
4,0,0,0.5186455249786377
5,1,1,0.508662760257721
6,0,0,0.5186455249786377
7,1,0,0.5438920259475708
8,0,0,0.5186455249786377
9,1,0,0.5186455249786377
10,0,0,0.5123189091682434
11,1,1,0.508662760257721
12,0,0,0.5186455249786377
13,0,0,0.5186455249786377
14,0,0,0.5186455249786377
15,0,0,0.5186455249786377
16,0,0,0.5186455249786377
17,1,0,0.5186455249786377
18,0,0,0.5186455249786377
19,1,1,0.5051493644714355
20,1,0,0.5186455249786377
21,1,0,0.5141637325286865
22,1,0,0.5186455249786377
23,0,0,0.5438920259475708
24,1,0,0.5141637325286865
25,1,1,0.5269745588302612
26,0,0,0.5186455249786377
27,0,0,0.5186455249786377
28,0,0,0.5186455249786377
29,0,0,0.5186454653739929
30,1,0,0.5097780823707581
31,1,0,0.5186455249786377
32,1,1,0.5500257611274719
33,0,0,0.5186455249786377
34,1,0,0.5186455249786377
35,1,0,0.508161723613739
36,0,0,0.5186455249786377
37,0,1,0.500148355960846
38,0,0,0.5186455249786377
39,0,0,0.5186455249786377
40,1,0,0.5186455249786377
41,1,0,0.5186455249786377
42,1,0,0.5097780227661133
43,0,0,0.5186455249786377
44,0,0,0.5186455249786377
45,1,0,0.5075660347938538
46,1,0,0.5091894268989563
47,0,0,0.5186455249786377
48,1,0,0.5141637325286865
49,0,0,0.5186455249786377
50,0,0,0.5186455249786377
51,1,0,0.5042101740837097
52,1,0,0.5186455249786377
53,1,0,0.5186455249786377
54,0,0,0.5027299523353577
55,0,0,0.5186455249786377
56,0,0,0.5186455249786377
57,1,0,0.5091894268989563
58,1,0,0.5186454653739929
59,0,0,0.5186455249786377
60,1,0,0.5186455249786377
61,1,0,0.5438920259475708
62,1,0,0.5186455249786377
63,0,0,0.5186455249786377
64,0,0,0.5186455249786377
65,0,0,0.5186455249786377
66,0,0,0.5186455249786377
67,1,0,0.5186455249786377
68,0,0,0.5097780227661133
69,0,0,0.5186455249786377
70,1,0,0.5097780227661133
71,0,0,0.5186455249786377
72,1,0,0.5141637325286865
73,0,0,0.5186455249786377
74,1,0,0.5044957995414734
75,0,0,0.5186455249786377
76,0,0,0.5097780227661133
77,1,1,0.508662760257721
