,label,pred,score
0,0,0,0.5214674472808838
1,1,0,0.6158507466316223
2,1,0,0.5214674472808838
3,0,0,0.6297804117202759
4,0,0,0.5214674472808838
5,1,0,0.5214674472808838
6,1,0,0.5214674472808838
7,0,0,0.5214674472808838
8,0,0,0.5214674472808838
9,0,0,0.5214674472808838
10,1,0,0.5214674472808838
11,1,0,0.5214678049087524
12,1,0,0.5214674472808838
13,1,0,0.5853493809700012
14,1,0,0.5214674472808838
15,1,0,0.5214674472808838
16,0,0,0.5985156893730164
17,1,0,0.5214674472808838
18,1,0,0.5214674472808838
19,1,0,0.5214674472808838
20,1,0,0.5214674472808838
21,0,0,0.5214674472808838
22,1,0,0.5214674472808838
23,1,0,0.5831625461578369
24,0,0,0.5214674472808838
25,1,0,0.6251287460327148
26,1,0,0.5214674472808838
27,0,0,0.5214674472808838
28,0,0,0.5953788161277771
29,0,0,0.5953788161277771
30,1,0,0.5214674472808838
31,1,0,0.6172387599945068
32,0,0,0.5214674472808838
33,0,0,0.5214674472808838
34,0,0,0.5214674472808838
35,1,0,0.6172387599945068
36,1,0,0.5214674472808838
37,1,0,0.5780469179153442
38,0,0,0.5214674472808838
39,0,0,0.5293495059013367
40,1,0,0.5214674472808838
41,1,0,0.6251287460327148
42,0,0,0.5214674472808838
43,1,0,0.5168834328651428
44,0,0,0.5214674472808838
45,1,0,0.5168834328651428
46,0,0,0.5214674472808838
47,0,0,0.5214674472808838
48,0,0,0.5214674472808838
49,0,0,0.5214674472808838
50,0,0,0.5214674472808838
51,0,0,0.5214674472808838
52,0,0,0.5726399421691895
53,0,0,0.5214674472808838
54,1,0,0.5214674472808838
55,1,0,0.5214674472808838
56,1,0,0.5214674472808838
57,0,0,0.5853493809700012
58,0,0,0.5853493809700012
59,0,0,0.5214674472808838
60,0,0,0.5854007005691528
61,1,0,0.5991567969322205
