,label,pred,score
0,0,1,0.5683830380439758
1,1,0,0.6742850542068481
2,1,0,0.6742850542068481
3,0,0,0.6742850542068481
4,1,0,0.6742850542068481
5,0,1,0.7136755585670471
6,0,0,0.6742850542068481
7,1,0,0.6742850542068481
8,1,0,0.6742850542068481
9,1,0,0.6742850542068481
10,1,1,0.5915302038192749
11,1,0,0.6742850542068481
12,0,0,0.6742850542068481
13,0,0,0.6742850542068481
14,0,0,0.6742850542068481
15,1,1,0.6637830138206482
16,1,0,0.6742850542068481
17,0,0,0.6742850542068481
18,0,0,0.6742850542068481
19,1,1,0.581874430179596
20,1,0,0.6742850542068481
21,1,0,0.6742850542068481
22,0,0,0.6742850542068481
23,0,1,0.5915302038192749
24,0,0,0.5295045971870422
25,0,1,0.6637830138206482
26,0,0,0.6742850542068481
27,1,1,0.6839415431022644
28,0,1,0.8473362922668457
29,1,1,0.5915302038192749
30,1,0,0.6742850542068481
31,0,0,0.6742850542068481
