,label,pred,score
0,1,0,0.5875246524810791
1,0,0,0.7074894905090332
2,1,0,0.6011078357696533
3,0,0,0.6426557302474976
4,0,0,0.5663944482803345
5,1,0,0.5937715768814087
6,0,0,0.5663944482803345
7,0,0,0.5663944482803345
8,1,0,0.6426557302474976
9,0,0,0.5663944482803345
10,1,0,0.6462469100952148
11,0,0,0.5663944482803345
12,1,0,0.5663944482803345
13,0,0,0.5663944482803345
14,1,0,0.5663944482803345
15,0,0,0.5663944482803345
16,0,0,0.5663944482803345
17,1,0,0.5928787589073181
18,1,0,0.5937715768814087
19,1,0,0.6014624834060669
20,1,0,0.5663944482803345
21,1,0,0.7074894905090332
22,0,0,0.5663944482803345
23,0,0,0.5540241599082947
24,0,0,0.6426557302474976
25,1,0,0.5663944482803345
26,0,0,0.5663944482803345
27,1,0,0.5663944482803345
28,1,0,0.6352112293243408
29,1,0,0.5663944482803345
30,0,0,0.5663944482803345
31,0,0,0.6090747714042664
32,0,0,0.6006408929824829
33,0,0,0.5663944482803345
34,1,0,0.5928787589073181
35,1,0,0.6352112293243408
36,1,0,0.5663944482803345
37,0,0,0.5663944482803345
38,1,0,0.5663944482803345
39,0,0,0.5663944482803345
40,0,0,0.5663944482803345
41,1,0,0.5781450867652893
42,1,0,0.5663944482803345
43,1,0,0.6044072508811951
44,0,0,0.5663944482803345
45,0,0,0.5663944482803345
46,0,0,0.5663944482803345
47,0,0,0.5663944482803345
48,0,0,0.5663944482803345
49,0,0,0.5663944482803345
50,0,0,0.5663944482803345
51,0,0,0.5663944482803345
52,1,0,0.5663944482803345
53,0,0,0.5663944482803345
54,0,0,0.5663944482803345
55,1,0,0.7074894905090332
56,0,0,0.5663944482803345
57,1,0,0.5937715768814087
58,1,0,0.5663944482803345
59,0,0,0.5663944482803345
60,1,0,0.5663944482803345
61,0,0,0.5663944482803345
62,0,0,0.5663944482803345
63,1,0,0.6426557302474976
64,1,0,0.5663944482803345
65,0,0,0.5663944482803345
66,1,0,0.6352112293243408
67,1,0,0.6396342515945435
68,1,0,0.5663944482803345
69,1,0,0.5395493507385254
70,0,0,0.5663944482803345
71,0,0,0.5663944482803345
72,1,0,0.5663944482803345
73,1,0,0.5663944482803345
74,1,0,0.5663944482803345
75,1,0,0.6426557302474976
76,1,0,0.6352112293243408
77,0,0,0.5663944482803345
