,label,pred,score
0,0,0,0.5000069737434387
1,0,0,0.5000069737434387
2,1,0,0.5000069737434387
3,1,0,0.5000069737434387
4,1,0,0.5000069737434387
5,0,0,0.5000069737434387
6,0,0,0.5000069737434387
7,1,0,0.5000069737434387
8,0,0,0.5000069737434387
9,1,0,0.5000069737434387
10,0,0,0.5000069737434387
11,0,0,0.5000069737434387
12,1,0,0.5000069737434387
13,0,0,0.5000069737434387
14,1,0,0.5000069737434387
15,1,0,0.5000069737434387
16,0,0,0.5000069737434387
17,1,0,0.5000069737434387
18,1,0,0.5000069737434387
19,0,0,0.5000069737434387
