,label,pred,score
0,1,1,0.5000091791152954
1,0,1,0.5000091791152954
2,0,1,0.5000091791152954
3,1,1,0.5000091791152954
4,1,1,0.5000091791152954
5,1,1,0.5000091791152954
6,1,1,0.5000091791152954
7,1,1,0.5000091791152954
8,1,1,0.5000091791152954
9,1,1,0.5000091791152954
10,0,1,0.5000091791152954
11,0,1,0.5000091791152954
12,0,1,0.5000091791152954
13,0,1,0.5000091791152954
14,0,1,0.5000091791152954
15,1,1,0.5000091791152954
16,0,1,0.5000091791152954
17,0,1,0.5000091791152954
18,0,1,0.5000091791152954
19,1,1,0.5000091791152954
