,label,pred,score
0,0,0,0.5356472134590149
1,0,0,0.5356472134590149
2,0,0,0.5356472134590149
3,0,0,0.5356472134590149
4,1,1,0.5323179364204407
5,0,0,0.5356472134590149
6,1,0,0.5356472134590149
7,0,0,0.5356472134590149
8,1,1,0.6589447259902954
9,1,1,0.5323179364204407
10,1,0,0.5356472134590149
11,0,0,0.5356472134590149
12,0,1,0.6589447259902954
13,1,1,0.621812641620636
14,1,0,0.5356472134590149
15,0,0,0.5356472134590149
16,1,0,0.5356472134590149
17,1,1,0.6589447259902954
18,0,0,0.5356472134590149
19,1,1,0.7545107007026672
20,0,0,0.5356472134590149
21,0,0,0.5356472134590149
22,0,0,0.5356472134590149
23,0,0,0.5356472134590149
24,1,0,0.5111770629882812
25,1,0,0.5111770629882812
26,1,1,0.6195482611656189
27,1,0,0.5356472134590149
28,1,0,0.5356472134590149
29,1,0,0.5356472134590149
30,0,0,0.5356472134590149
31,0,1,0.6589447259902954
32,1,0,0.5356472134590149
33,0,0,0.5356472134590149
34,0,0,0.5356472134590149
35,1,1,0.5377956032752991
36,1,1,0.6195482611656189
37,0,0,0.5356472134590149
38,0,0,0.5356472134590149
39,0,0,0.5356473326683044
40,1,1,0.5411885976791382
41,1,1,0.6800451874732971
42,1,0,0.5111770629882812
43,0,0,0.5356472134590149
44,1,0,0.5356472134590149
45,1,0,0.5356472134590149
46,0,0,0.5356472134590149
47,0,0,0.5356472134590149
48,0,1,0.5748347043991089
49,1,1,0.6589447259902954
50,0,1,0.5291141867637634
51,0,1,0.5411885976791382
52,0,0,0.5356472134590149
53,0,0,0.5356472134590149
54,1,1,0.6712408065795898
55,1,0,0.5356472134590149
56,1,1,0.6195482611656189
57,0,0,0.5356472134590149
58,0,0,0.5356472134590149
59,0,0,0.5356472134590149
60,1,0,0.5356472134590149
61,1,0,0.5356472134590149
62,1,1,0.5478881597518921
63,0,0,0.5356472134590149
64,0,0,0.5356472134590149
65,1,1,0.6306819319725037
66,1,0,0.5356472134590149
67,1,0,0.5356472134590149
68,0,0,0.5356472134590149
69,0,1,0.624350368976593
70,0,0,0.5356472134590149
71,1,0,0.5356472134590149
72,0,0,0.5356472134590149
73,0,0,0.5356472134590149
74,1,0,0.5356473326683044
75,1,0,0.5111770629882812
76,1,1,0.5403320789337158
77,1,1,0.5411885976791382
