,label,pred,score
0,1,0,0.5000703930854797
1,1,0,0.5000703930854797
2,0,0,0.5000703930854797
3,1,0,0.5000703930854797
4,1,0,0.5000703930854797
5,0,0,0.5000703930854797
6,0,0,0.5000703930854797
7,0,0,0.5000703930854797
8,0,0,0.5000703930854797
9,1,0,0.5000703930854797
10,1,0,0.5000703930854797
11,1,0,0.5000703930854797
12,1,0,0.5000703930854797
13,0,0,0.5000703930854797
14,0,0,0.5000703930854797
15,0,0,0.5000703930854797
16,0,0,0.5000703930854797
17,1,0,0.5000703930854797
18,1,0,0.5000703930854797
19,0,0,0.5000703930854797
