,label,pred,score
0,1,1,0.5637369155883789
1,0,0,0.5549002289772034
2,0,1,0.6326408386230469
3,0,0,0.5903871655464172
4,1,1,0.7609750628471375
5,0,0,0.573588490486145
6,0,0,0.5496847629547119
7,1,0,0.6187885999679565
8,0,1,0.5692716240882874
9,0,0,0.5563791990280151
10,0,0,0.5962473750114441
11,1,1,0.6168429851531982
12,1,1,0.7953981757164001
13,0,0,0.6477413177490234
14,0,0,0.5418709516525269
15,0,1,0.5277097225189209
16,1,0,0.6311482787132263
17,1,1,0.6231988668441772
18,1,1,0.616871178150177
19,1,1,0.5277098417282104
20,0,0,0.6538220643997192
21,0,0,0.6130145788192749
22,1,0,0.5207597613334656
23,0,0,0.6281455755233765
24,1,0,0.6234816908836365
25,0,1,0.6041377782821655
26,0,0,0.529765784740448
27,1,1,0.6463208198547363
28,0,1,0.6445291042327881
29,1,1,0.7628050446510315
30,0,0,0.5329345464706421
31,0,0,0.5464646220207214
32,1,0,0.5568748116493225
33,0,0,0.5894017219543457
34,1,0,0.6599843502044678
35,1,0,0.6464334726333618
36,0,1,0.544075071811676
37,1,1,0.8313290476799011
38,0,0,0.6158479452133179
39,1,1,0.8065835237503052
40,1,1,0.6377102136611938
41,1,0,0.5490585565567017
42,0,0,0.622308075428009
43,0,0,0.5108174681663513
44,1,1,0.5798408389091492
45,0,1,0.5071187615394592
46,1,1,0.6199256181716919
47,0,0,0.5479050874710083
48,0,0,0.5574888586997986
49,1,0,0.6170045733451843
50,0,0,0.5989542603492737
51,1,1,0.5433598160743713
52,0,1,0.6179252862930298
53,1,1,0.5637205839157104
54,0,0,0.620339572429657
55,1,1,0.7976330518722534
56,0,0,0.5357012152671814
57,1,0,0.5854464173316956
58,1,1,0.7985049486160278
59,0,0,0.6822909116744995
60,1,1,0.6551901698112488
61,1,1,0.5277101397514343
62,1,1,0.7350444197654724
63,0,1,0.5277098417282104
64,1,0,0.5099663734436035
65,1,1,0.5633991956710815
66,0,0,0.661198616027832
67,1,0,0.5751873254776001
68,1,1,0.5637201070785522
69,0,1,0.6620817184448242
70,1,1,0.5289512276649475
71,1,1,0.7661426663398743
72,0,1,0.5677011013031006
73,1,1,0.5277093648910522
74,0,1,0.531450092792511
75,0,0,0.5548112392425537
76,0,1,0.5755404829978943
77,1,1,0.7611671686172485
