,label,pred,score
0,1,1,0.500076413154602
1,0,1,0.500076413154602
2,1,1,0.500076413154602
3,1,1,0.500076413154602
4,0,1,0.500076413154602
5,0,1,0.500076413154602
6,1,1,0.500076413154602
7,0,1,0.500076413154602
8,1,1,0.500076413154602
9,0,1,0.500076413154602
10,0,1,0.500076413154602
11,1,1,0.500076413154602
12,1,1,0.500076413154602
13,0,1,0.500076413154602
14,1,1,0.500076413154602
15,0,1,0.500076413154602
16,1,1,0.500076413154602
17,1,1,0.500076413154602
18,0,1,0.500076413154602
19,0,1,0.500076413154602
