,label,pred,score
0,1,0,0.5719563961029053
1,1,0,0.5552966594696045
2,1,0,0.5552966594696045
3,1,0,0.6080833077430725
4,1,0,0.6024938225746155
5,1,0,0.5552966594696045
6,1,0,0.5552966594696045
7,0,0,0.6058374047279358
8,1,0,0.6058374047279358
9,1,0,0.5552966594696045
10,0,0,0.5552966594696045
11,1,0,0.6406066417694092
12,1,0,0.5552966594696045
13,1,0,0.5552966594696045
14,1,0,0.5719563961029053
15,0,0,0.5552966594696045
16,1,0,0.5552966594696045
17,1,0,0.5552966594696045
18,1,0,0.5882793664932251
19,0,0,0.5552966594696045
20,1,0,0.6301198601722717
21,1,0,0.6406066417694092
22,1,0,0.6058374047279358
23,1,0,0.5836068391799927
24,0,0,0.5552966594696045
25,0,0,0.6474274396896362
26,0,0,0.5552966594696045
27,0,0,0.5997019410133362
28,1,0,0.6098951697349548
29,0,0,0.5552966594696045
30,1,0,0.6058374047279358
31,0,0,0.5552966594696045
32,1,0,0.5552966594696045
33,1,0,0.6670061349868774
34,1,0,0.6406066417694092
35,1,0,0.6420080661773682
36,0,0,0.5552966594696045
37,0,0,0.5552966594696045
38,0,0,0.5552966594696045
39,1,0,0.6406066417694092
40,0,0,0.5552966594696045
41,0,0,0.5552966594696045
42,1,0,0.5552966594696045
43,0,0,0.5552966594696045
44,1,0,0.5552966594696045
45,1,0,0.5552966594696045
46,0,0,0.5552966594696045
47,0,0,0.5552966594696045
48,1,0,0.5552966594696045
49,0,0,0.5552966594696045
50,0,0,0.5552966594696045
51,0,0,0.600263774394989
52,0,0,0.6058374047279358
53,0,0,0.5552966594696045
54,1,0,0.5552966594696045
55,0,0,0.5552966594696045
56,1,0,0.5719563961029053
57,0,0,0.5552966594696045
58,0,0,0.5552966594696045
59,0,0,0.5552966594696045
60,0,0,0.5552966594696045
61,1,0,0.5552966594696045
62,0,0,0.5552966594696045
63,1,0,0.5552966594696045
64,0,0,0.5552966594696045
65,0,0,0.5552966594696045
66,0,0,0.5552966594696045
67,1,0,0.6098951697349548
68,0,0,0.6670061349868774
69,0,0,0.5552966594696045
70,1,1,0.5038026571273804
71,0,0,0.5552966594696045
72,0,0,0.5552966594696045
73,0,0,0.5552966594696045
74,1,0,0.5678208470344543
75,1,0,0.6670061349868774
76,0,0,0.5552966594696045
77,0,0,0.5552966594696045
