,label,pred,score
0,0,0,0.5919451117515564
1,0,0,0.5919451117515564
2,0,0,0.5919451117515564
3,0,0,0.5919451117515564
4,1,0,0.5919451117515564
5,0,0,0.5919451117515564
6,0,1,0.7671228647232056
7,1,0,0.5919430255889893
8,1,1,0.8383145332336426
9,1,0,0.5919451117515564
10,1,0,0.5919451117515564
11,1,1,0.7705620527267456
12,1,1,0.7739728093147278
13,1,0,0.5919451117515564
14,1,1,0.7705620527267456
15,0,1,0.7739728093147278
16,1,0,0.5919451117515564
17,0,0,0.5919451117515564
18,1,0,0.5919451117515564
19,1,0,0.5919451117515564
20,0,0,0.5919451117515564
21,1,0,0.5919451117515564
22,0,1,0.7805724740028381
23,0,0,0.5919451117515564
24,0,1,0.7910466194152832
25,0,0,0.5919451117515564
26,0,1,0.7705619931221008
27,0,0,0.5919451117515564
28,1,0,0.5919430255889893
29,0,1,0.8069536685943604
30,1,1,0.8067163228988647
31,1,0,0.5919451117515564
