,label,pred,score
0,1,0,0.5000531077384949
1,0,0,0.5000531077384949
2,0,0,0.5000531077384949
3,0,0,0.5000531077384949
4,1,0,0.5000531077384949
5,1,0,0.5000531077384949
6,0,0,0.5000531077384949
7,0,0,0.5000531077384949
8,0,0,0.5000531077384949
9,0,0,0.5000531077384949
10,1,0,0.5000531077384949
11,1,0,0.5000531077384949
12,0,0,0.5000531077384949
13,1,0,0.5000531077384949
14,1,0,0.5000531077384949
15,1,0,0.5000531077384949
16,0,0,0.5000531077384949
17,1,0,0.5000531077384949
18,0,0,0.5000531077384949
19,1,0,0.5000531077384949
