,label,pred,score
0,1,1,0.5138863921165466
1,1,1,0.5136706233024597
2,0,1,0.6650647521018982
3,0,1,0.5500884652137756
4,1,1,0.5138863921165466
5,0,1,0.5138863921165466
6,1,1,0.5138863921165466
7,0,1,0.5138863921165466
8,1,0,0.5240613222122192
9,0,1,0.5138863921165466
10,0,1,0.5138863921165466
11,0,1,0.5138863921165466
12,0,1,0.5138863921165466
13,1,1,0.6399811506271362
14,0,1,0.5138863921165466
15,0,1,0.5138863921165466
16,0,1,0.5138863921165466
17,1,1,0.5138863921165466
18,1,1,0.5138863921165466
19,0,1,0.5138863921165466
20,0,1,0.5138863921165466
21,0,1,0.5138863921165466
22,0,1,0.5138863921165466
23,0,1,0.5138863921165466
24,0,1,0.5138863921165466
25,1,1,0.5560243129730225
26,1,1,0.5138863921165466
27,0,1,0.5138863921165466
28,0,1,0.5678785443305969
29,1,1,0.5138863921165466
30,1,1,0.595268964767456
31,0,1,0.5138863921165466
32,1,1,0.5138863921165466
33,1,1,0.5138863921165466
34,0,1,0.5049340724945068
35,1,1,0.5138863921165466
36,1,1,0.5320447087287903
37,0,1,0.5138863921165466
38,1,1,0.5138863921165466
39,0,1,0.5138863921165466
40,0,1,0.5138863921165466
41,1,1,0.5138863921165466
42,0,1,0.5136706233024597
43,1,1,0.5138863921165466
44,1,1,0.5138863921165466
45,1,1,0.5138863921165466
46,1,1,0.5794026851654053
47,0,1,0.5136706233024597
48,1,1,0.5138863921165466
49,0,1,0.5138863921165466
50,1,1,0.5138863921165466
51,1,1,0.639981210231781
52,1,1,0.5165764093399048
53,1,1,0.5138863921165466
54,1,1,0.5138863921165466
55,1,1,0.595268964767456
56,0,0,0.5220571160316467
57,0,0,0.5027381777763367
58,0,1,0.5138863921165466
59,0,0,0.5220571160316467
60,1,0,0.5240613222122192
61,1,1,0.5138867497444153
