,label,pred,score
0,1,0,0.5000739693641663
1,0,0,0.5000739693641663
2,0,0,0.5000739693641663
3,1,0,0.5000739693641663
4,1,0,0.5000739693641663
5,1,0,0.5000739693641663
6,0,0,0.5000739693641663
7,0,0,0.5000739693641663
8,1,0,0.5000739693641663
9,0,0,0.5000739693641663
10,0,0,0.5000739693641663
11,0,0,0.5000739693641663
12,0,0,0.5000739693641663
13,0,0,0.5000739693641663
14,1,0,0.5000739693641663
15,1,0,0.5000739693641663
16,1,0,0.5000739693641663
17,1,0,0.5000739693641663
18,1,0,0.5000739693641663
19,0,0,0.5000739693641663
