,label,pred,score
0,1,1,0.5000531673431396
1,1,1,0.5000531673431396
2,1,1,0.5000531673431396
3,0,1,0.5000531673431396
4,1,1,0.5000531673431396
5,1,1,0.5000531673431396
6,1,1,0.5000531673431396
7,0,1,0.5000531673431396
8,1,1,0.5000531673431396
9,0,1,0.5000531673431396
10,0,1,0.5000531673431396
11,0,1,0.5000531673431396
12,1,1,0.5000531673431396
13,1,1,0.5000531673431396
14,0,1,0.5000531673431396
15,0,1,0.5000531673431396
16,0,1,0.5000531673431396
17,1,1,0.5000531673431396
18,0,1,0.5000531673431396
19,0,1,0.5000531673431396
