,label,pred,score
0,0,1,0.5000662207603455
1,0,1,0.5000662207603455
2,0,1,0.5000662207603455
3,0,1,0.5000662207603455
4,0,1,0.5000662207603455
5,1,1,0.5000662207603455
6,0,1,0.5000662207603455
7,0,1,0.5000662207603455
8,1,1,0.5000662207603455
9,1,1,0.5000662207603455
10,1,1,0.5000662207603455
11,1,1,0.5000662207603455
12,0,1,0.5000662207603455
13,0,1,0.5000662207603455
14,1,1,0.5000662207603455
15,1,1,0.5000662207603455
16,1,1,0.5000662207603455
17,1,1,0.5000662207603455
18,1,1,0.5000662207603455
19,0,1,0.5000662207603455
