,label,pred,score
0,0,0,0.5369089841842651
1,1,1,0.578161358833313
2,1,1,0.5020797252655029
3,0,0,0.5369089841842651
4,0,0,0.5369089841842651
5,1,1,0.6366574168205261
6,1,0,0.5369089841842651
7,1,0,0.5369089841842651
8,1,0,0.5369089841842651
9,1,0,0.5369089841842651
10,0,0,0.5369089841842651
11,1,0,0.5355536341667175
12,1,0,0.5369089841842651
13,1,0,0.5355536341667175
14,1,0,0.5369090437889099
15,1,0,0.5068774819374084
16,0,0,0.5369089841842651
17,1,0,0.5369089841842651
18,0,0,0.5369089841842651
19,0,0,0.5369090437889099
20,0,0,0.5369089841842651
21,1,1,0.5280003547668457
22,1,1,0.578161358833313
23,0,1,0.5168560743331909
24,1,0,0.5369089841842651
25,1,0,0.5369089841842651
26,1,0,0.5369089841842651
27,0,0,0.5369089841842651
28,0,0,0.5369089841842651
29,0,0,0.5369089841842651
30,0,0,0.5369089841842651
31,1,0,0.5355536341667175
32,1,1,0.5149376392364502
33,1,0,0.5544456243515015
34,1,1,0.5149376392364502
35,0,0,0.5230401158332825
36,0,0,0.5369089841842651
37,1,1,0.6366574168205261
38,0,0,0.5369089841842651
39,1,0,0.5369089841842651
40,0,1,0.6366574168205261
41,0,0,0.5369089841842651
42,0,0,0.5369089841842651
43,1,0,0.5369089841842651
44,0,0,0.5369089841842651
45,0,0,0.5369089841842651
46,0,0,0.5369089841842651
47,0,0,0.5369089841842651
48,0,0,0.5369089841842651
49,0,0,0.5369089841842651
50,0,1,0.5280003547668457
51,1,1,0.6366574168205261
52,0,0,0.5369089841842651
53,0,0,0.5369089841842651
54,0,0,0.5369089841842651
55,1,0,0.5369089841842651
56,1,0,0.5208953022956848
57,0,1,0.5654188394546509
58,0,0,0.5369089841842651
59,1,1,0.6118286848068237
60,0,0,0.5369089841842651
61,1,1,0.578161358833313
62,0,0,0.5369089841842651
63,0,0,0.5369089841842651
64,1,1,0.578161358833313
65,0,0,0.5369089841842651
66,0,0,0.5369089841842651
67,1,0,0.5369089841842651
68,1,1,0.5280003547668457
69,0,1,0.6366574168205261
70,1,0,0.5369089841842651
71,1,0,0.5369089841842651
72,1,0,0.5152087211608887
73,1,0,0.5716241598129272
74,0,0,0.5369089841842651
75,1,1,0.5229072570800781
76,1,0,0.5369089841842651
77,0,0,0.5369089841842651
