,label,pred,score
0,1,1,0.5000442862510681
1,0,1,0.5000442862510681
2,1,1,0.5000442862510681
3,1,1,0.5000442862510681
4,0,1,0.5000442862510681
5,0,1,0.5000442862510681
6,1,1,0.5000442862510681
7,1,1,0.5000442862510681
8,0,1,0.5000442862510681
9,1,1,0.5000442862510681
10,0,1,0.5000442862510681
11,0,1,0.5000442862510681
12,1,1,0.5000442862510681
13,0,1,0.5000442862510681
14,1,1,0.5000442862510681
15,0,1,0.5000442862510681
16,0,1,0.5000442862510681
17,1,1,0.5000442862510681
18,1,1,0.5000442862510681
19,0,1,0.5000442862510681
