,label,pred,score
0,0,0,0.5481544137001038
1,1,0,0.5729913115501404
2,1,0,0.5586550831794739
3,1,0,0.5729913115501404
4,1,0,0.5586550831794739
5,0,0,0.5729913115501404
6,1,0,0.5410632491111755
7,0,0,0.5729913115501404
8,1,0,0.5398879051208496
9,1,0,0.5486052632331848
10,0,0,0.5449564456939697
11,0,0,0.5729913115501404
12,1,0,0.5729913115501404
13,0,0,0.5729913115501404
14,1,0,0.5729913115501404
15,1,0,0.5933352112770081
16,0,0,0.5729913115501404
17,1,0,0.5467184782028198
18,1,0,0.5933352112770081
19,0,0,0.5729913115501404
20,1,0,0.5681775808334351
21,1,1,0.6144957542419434
22,1,0,0.5933352112770081
23,1,0,0.5933352112770081
24,0,0,0.5729913115501404
25,0,0,0.5681775808334351
26,0,0,0.5481544137001038
27,1,1,0.5519631505012512
28,0,0,0.5729913115501404
29,0,0,0.5647921562194824
30,0,0,0.5729913115501404
31,1,0,0.5481544137001038
32,0,0,0.5729913115501404
33,0,0,0.544044554233551
34,0,0,0.5729913115501404
35,1,0,0.5729913115501404
36,1,0,0.5729913115501404
37,1,0,0.5729913115501404
38,1,0,0.520864725112915
39,0,0,0.5729913115501404
40,0,0,0.5729913115501404
41,1,0,0.5107266902923584
42,0,0,0.5729913115501404
43,0,0,0.5729913115501404
44,0,0,0.5729913115501404
45,0,0,0.5729913115501404
46,0,0,0.5729913115501404
47,1,0,0.5481544137001038
48,1,0,0.5107266902923584
49,0,0,0.5729913115501404
50,1,0,0.5729913115501404
51,0,0,0.5729913115501404
52,1,0,0.5729913115501404
53,0,0,0.5729913115501404
54,0,0,0.5729913115501404
55,1,0,0.5729913115501404
56,1,0,0.5729913115501404
57,1,0,0.5481544137001038
58,0,0,0.5729913115501404
59,1,0,0.5729913115501404
60,0,0,0.5729913115501404
61,0,0,0.5729913115501404
62,1,0,0.5490086674690247
63,0,0,0.5729913115501404
64,0,0,0.5729913115501404
65,0,0,0.5729913115501404
66,1,0,0.5729913115501404
67,1,0,0.5729913115501404
68,1,0,0.5107266902923584
69,1,0,0.5729913115501404
70,0,0,0.5729913115501404
71,0,0,0.5729913115501404
72,0,0,0.5729913115501404
73,1,0,0.5729913115501404
74,0,0,0.5729913115501404
75,1,0,0.5681775808334351
76,0,0,0.5729913115501404
77,1,0,0.5729913115501404
