,label,pred,score
0,1,0,0.6330037117004395
1,0,0,0.6074087619781494
2,0,0,0.6655798554420471
3,1,0,0.6530197858810425
4,0,0,0.6655798554420471
5,1,0,0.6335150003433228
6,1,0,0.6655798554420471
7,1,0,0.6074087619781494
8,1,0,0.6074087619781494
9,1,0,0.6074087619781494
10,0,0,0.6607936024665833
11,1,0,0.6641570925712585
12,0,0,0.6330037117004395
13,1,0,0.6341292858123779
14,1,0,0.7045838832855225
15,0,0,0.6074087619781494
16,0,0,0.6074087619781494
17,1,0,0.6074087619781494
18,0,0,0.6074087619781494
19,0,0,0.6074087619781494
20,0,0,0.6074087619781494
21,0,0,0.6074087619781494
22,1,0,0.6074087619781494
23,0,0,0.6074087619781494
24,0,0,0.6074087619781494
25,0,0,0.6074087619781494
26,1,0,0.6337718367576599
27,0,0,0.6074087619781494
28,1,0,0.6341292858123779
29,1,0,0.6074087619781494
30,0,0,0.6074087619781494
31,1,0,0.6751460433006287
32,1,0,0.6074087619781494
33,1,0,0.6341292858123779
34,1,0,0.6280018091201782
35,1,0,0.6530197858810425
36,1,0,0.6254453659057617
37,0,0,0.6074087619781494
38,0,0,0.6074087619781494
39,1,0,0.6074087619781494
40,0,0,0.6074087619781494
41,1,0,0.6315968632698059
42,0,0,0.6074087619781494
43,0,0,0.6074087619781494
44,0,0,0.6216881275177002
45,0,0,0.6074087619781494
46,1,0,0.6074087619781494
47,1,0,0.6655798554420471
48,1,0,0.6330037117004395
49,0,0,0.6074087619781494
50,1,0,0.6655798554420471
51,0,0,0.6074087619781494
52,1,0,0.6341292858123779
53,0,0,0.6074087619781494
54,0,0,0.6074087619781494
55,0,0,0.6074087619781494
56,1,0,0.6074087619781494
57,0,0,0.6074087619781494
58,0,0,0.6074087619781494
59,1,0,0.6074088215827942
60,0,0,0.6074087619781494
61,1,0,0.6530197262763977
62,1,0,0.6569743156433105
63,1,0,0.6074087619781494
64,1,0,0.6074087619781494
65,1,0,0.6074087619781494
66,1,0,0.6074087619781494
67,1,0,0.6074087619781494
68,0,0,0.6074087619781494
69,0,0,0.6074088215827942
70,0,0,0.6074087619781494
71,0,0,0.6074087619781494
72,0,0,0.6074087619781494
73,1,0,0.6074087619781494
74,0,0,0.6311992406845093
75,0,0,0.6074087619781494
76,0,0,0.6074087619781494
77,1,0,0.6315968632698059
