,label,pred,score
0,0,0,0.982970118522644
1,0,0,0.5414761900901794
2,0,0,0.9703798890113831
3,0,0,0.9775784015655518
4,0,1,0.9837093353271484
5,0,0,0.9888595342636108
6,0,0,0.9873960614204407
7,1,0,0.9699007868766785
8,1,1,0.9728572964668274
9,0,0,0.9676466584205627
10,0,0,0.8386578559875488
11,0,1,0.7914597988128662
12,0,0,0.9924182891845703
13,0,0,0.9042739868164062
14,0,0,0.9950113296508789
15,1,1,0.9792748093605042
16,1,1,0.9905562996864319
17,0,0,0.992615818977356
18,1,0,0.5010346174240112
19,1,1,0.9899978041648865
20,1,1,0.9722784161567688
21,0,0,0.9948773980140686
22,0,1,0.7467994689941406
23,1,1,0.9721060395240784
24,1,1,0.9927636981010437
25,1,0,0.981825590133667
26,0,1,0.9838686585426331
27,0,0,0.9642633199691772
28,1,1,0.9837914705276489
29,0,0,0.8904086947441101
30,0,0,0.9950271248817444
31,1,1,0.9846549034118652
32,1,1,0.981446385383606
33,1,1,0.9792973399162292
34,1,1,0.9921587705612183
35,0,1,0.9895973801612854
36,1,1,0.9870607852935791
37,1,1,0.9812260866165161
38,0,0,0.6796802878379822
39,1,0,0.9612359404563904
40,1,1,0.9795291423797607
41,0,1,0.7209534645080566
42,1,1,0.9845231771469116
43,1,1,0.9179556965827942
44,0,0,0.9415925741195679
45,0,0,0.9789159893989563
46,0,0,0.6227577328681946
47,1,1,0.9273477792739868
48,0,0,0.8976860046386719
49,1,1,0.9845358729362488
50,1,1,0.968163251876831
51,1,0,0.8401309847831726
52,0,1,0.9803361296653748
53,0,0,0.9587904214859009
54,1,1,0.9581639766693115
55,0,0,0.9355952739715576
56,1,1,0.9592352509498596
57,0,1,0.9567022919654846
58,0,0,0.973944902420044
59,0,0,0.7376049160957336
60,1,1,0.9803054332733154
61,1,1,0.9736798405647278
62,0,1,0.953040599822998
63,1,1,0.8306649327278137
64,1,1,0.8438606858253479
65,1,1,0.7502861618995667
66,1,1,0.9711532592773438
67,0,1,0.9675279855728149
68,0,0,0.971318781375885
69,0,0,0.9893113970756531
70,1,1,0.9734922647476196
71,1,1,0.9917486906051636
72,1,1,0.9318883419036865
73,1,1,0.9509406685829163
74,1,1,0.9842481017112732
75,0,0,0.9582048058509827
76,0,0,0.9821739196777344
77,1,1,0.9898144006729126
