,label,pred,score
0,1,1,0.9818246960639954
1,1,1,0.9335383176803589
2,0,0,0.9513921141624451
3,1,1,0.9429442882537842
4,0,0,0.9315979480743408
5,0,1,0.9811843633651733
6,1,1,0.9211278557777405
7,0,0,0.8807666301727295
8,0,0,0.6764866709709167
9,0,0,0.7224705219268799
10,1,1,0.7523093819618225
11,1,1,0.982161819934845
12,0,1,0.9351429343223572
13,1,1,0.8635805249214172
14,1,1,0.9410661458969116
15,0,1,0.820859432220459
16,0,0,0.9632279872894287
17,0,1,0.8950834274291992
18,1,1,0.9110981225967407
19,0,0,0.9781418442726135
20,1,1,0.9079474210739136
21,1,1,0.8648186922073364
22,1,0,0.7037678956985474
23,1,1,0.5027939081192017
24,0,0,0.8062980771064758
25,0,0,0.8997441530227661
26,0,0,0.9355007410049438
27,0,1,0.9729438424110413
28,0,0,0.9708465337753296
29,1,1,0.8944623470306396
30,1,1,0.9471349716186523
31,1,1,0.7829830646514893
