,label,pred,score
0,1,1,0.9995570778846741
1,1,0,0.9287191033363342
2,1,1,0.9604936838150024
3,1,0,0.8984578251838684
4,0,0,0.9981729984283447
5,0,1,0.9994569420814514
6,1,1,0.9399017691612244
7,0,0,0.9986441731452942
8,0,1,0.998969316482544
9,0,0,0.9975959658622742
10,0,0,0.9918826222419739
11,1,1,0.997058629989624
12,0,1,0.9784407615661621
13,0,1,0.9990571141242981
14,1,0,0.9990113973617554
15,1,1,0.9809308648109436
16,0,1,0.5146198868751526
17,1,0,0.9160731434822083
18,0,0,0.8353245258331299
19,0,0,0.9989603757858276
20,0,1,0.9998227953910828
21,1,1,0.9819985628128052
22,1,1,0.9864500164985657
23,0,0,0.9134345054626465
24,1,1,0.984710156917572
25,1,1,0.9912970066070557
26,1,1,0.9954994320869446
27,1,0,0.865496814250946
28,1,0,0.6263509392738342
29,0,1,0.9924901127815247
30,0,0,0.9988656044006348
31,0,0,0.9981974959373474
32,0,0,0.9597405195236206
33,1,1,0.959161102771759
34,0,0,0.9822733998298645
35,0,0,0.9958208799362183
36,1,1,0.9996509552001953
37,0,0,0.6376230120658875
38,0,0,0.6920190453529358
39,0,0,0.9978259205818176
40,0,0,0.9814375638961792
41,1,1,0.9875869750976562
42,0,1,0.9737822413444519
43,1,1,0.9993727803230286
44,0,0,0.9928909540176392
45,1,0,0.9462019205093384
46,0,0,0.9977040886878967
47,1,0,0.9915736317634583
48,0,0,0.999626874923706
49,1,1,0.996675968170166
50,1,1,0.9991003274917603
51,0,0,0.918278694152832
52,1,1,0.9693136215209961
53,1,1,0.9805968403816223
54,0,0,0.9967939257621765
55,1,1,0.6365717649459839
56,0,0,0.998610258102417
57,0,0,0.9927719235420227
58,0,0,0.9149237275123596
59,0,1,0.8097454309463501
60,0,0,0.9989608526229858
61,0,1,0.7929509282112122
62,0,0,0.6422713398933411
63,0,0,0.9986831545829773
64,1,1,0.976466715335846
65,1,1,0.9990736246109009
66,0,0,0.9640985727310181
67,1,0,0.7554401159286499
68,1,1,0.9979508519172668
69,1,1,0.9696043729782104
70,1,1,0.9853899478912354
71,1,1,0.999255359172821
72,1,1,0.9985916018486023
73,1,1,0.9934739470481873
74,0,0,0.982854962348938
75,1,1,0.9189802408218384
76,1,1,0.9990045428276062
77,1,0,0.5885788202285767
