,label,pred,score
0,0,1,0.9994445443153381
1,0,0,0.9518684148788452
2,0,0,0.9975681900978088
3,0,1,0.9972635507583618
4,0,0,0.9997476935386658
5,0,1,0.9996114373207092
6,1,1,0.9995276927947998
7,1,1,0.9990720748901367
8,0,1,0.808299720287323
9,0,0,0.9997881054878235
10,0,0,0.9995608925819397
11,0,1,0.6746061444282532
12,0,0,0.9995856881141663
13,1,0,0.699895441532135
14,0,1,0.9989651441574097
15,0,0,0.8634171485900879
16,1,1,0.9990434050559998
17,0,0,0.9994667172431946
18,0,0,0.9979973435401917
19,1,0,0.8964431881904602
20,1,1,0.9982590079307556
21,0,1,0.9989927411079407
22,1,1,0.9993818998336792
23,0,0,0.9987919926643372
24,1,1,0.9997770190238953
25,1,1,0.9996398687362671
26,0,0,0.9901366233825684
27,0,0,0.9991181492805481
28,1,0,0.9886992573738098
29,0,0,0.998763918876648
30,1,1,0.9929165840148926
31,0,0,0.972220242023468
32,0,0,0.9995512366294861
33,1,1,0.9987561702728271
34,1,1,0.9868796467781067
35,1,1,0.9996746778488159
36,1,1,0.999543309211731
37,1,1,0.9243478178977966
38,1,1,0.9994039535522461
39,1,1,0.9993298053741455
40,0,1,0.9965986609458923
41,0,0,0.9960582256317139
42,1,1,0.9996788501739502
43,0,0,0.9994163513183594
44,0,0,0.9985230565071106
45,1,1,0.9991412162780762
46,1,1,0.9996194839477539
47,1,1,0.9995055198669434
48,0,0,0.9990750551223755
49,1,1,0.9994780421257019
50,0,0,0.9989539384841919
51,0,0,0.9995108842849731
52,1,1,0.9987452030181885
53,1,1,0.9991050362586975
54,0,0,0.9939675331115723
55,1,1,0.8110296726226807
56,1,1,0.9761605262756348
57,0,0,0.9992934465408325
58,0,1,0.988171398639679
59,1,1,0.6432470083236694
60,0,0,0.9988264441490173
61,0,0,0.999494194984436
62,1,1,0.9872560501098633
63,0,0,0.9990605711936951
64,1,1,0.9959747195243835
65,1,1,0.9991119503974915
66,1,1,0.9997944235801697
67,0,0,0.7248631715774536
68,1,1,0.9989263415336609
69,1,1,0.880415141582489
70,1,1,0.9861193895339966
71,1,1,0.9973713159561157
72,1,1,0.9972823858261108
73,0,0,0.9894711971282959
74,0,0,0.9981598258018494
75,1,1,0.9993027448654175
76,0,1,0.6811243295669556
77,1,1,0.9965416789054871
