,label,pred,score
0,1,1,0.9958248138427734
1,0,0,0.9930813908576965
2,1,0,0.7699999213218689
3,1,1,0.9984533786773682
4,1,1,0.9986729621887207
5,0,0,0.8453664183616638
6,1,1,0.9983508586883545
7,1,1,0.9982819557189941
8,0,0,0.9937410950660706
9,1,1,0.998604953289032
10,0,0,0.9954026937484741
11,1,0,0.8533006906509399
12,0,0,0.991474986076355
13,1,1,0.9869232773780823
14,1,0,0.994175910949707
15,0,0,0.9989985823631287
16,1,1,0.9988246560096741
17,0,0,0.9979345798492432
18,0,0,0.9825968146324158
19,1,0,0.728949248790741
20,0,0,0.9985079169273376
21,1,1,0.9779403209686279
22,0,0,0.9990792274475098
23,0,0,0.9951239228248596
24,0,0,0.9980934262275696
25,0,0,0.997867226600647
26,0,0,0.9814895987510681
27,0,0,0.9992450475692749
28,1,1,0.9933314919471741
29,1,0,0.998555600643158
30,1,1,0.5281662344932556
31,1,1,0.997802197933197
32,1,0,0.9911393523216248
33,1,0,0.9863193035125732
34,0,0,0.9985942244529724
35,0,0,0.8137688636779785
36,1,1,0.9697330594062805
37,0,0,0.9989103078842163
38,0,0,0.9982560276985168
39,0,0,0.9980502128601074
40,0,0,0.9966844916343689
41,1,1,0.9982144832611084
42,1,1,0.9987754225730896
43,0,0,0.7711300849914551
44,1,0,0.9888622164726257
45,0,0,0.987709641456604
46,0,0,0.9956464171409607
47,1,1,0.9988210797309875
48,1,0,0.9007992148399353
49,0,0,0.9957697987556458
50,1,1,0.9983744621276855
51,0,0,0.9992650151252747
52,0,1,0.983031153678894
53,0,0,0.9970224499702454
54,0,0,0.9961538910865784
55,0,0,0.9974641799926758
56,1,1,0.9978806972503662
57,1,1,0.9971898198127747
58,1,1,0.9979178309440613
59,1,1,0.9969108700752258
60,0,0,0.8241819739341736
61,1,1,0.9958117008209229
