,label,pred,score
0,0,0,0.9352201819419861
1,1,1,0.7758316993713379
2,0,0,0.9767045974731445
3,0,0,0.9371404051780701
4,0,1,0.9730653762817383
5,0,0,0.8307763338088989
6,1,1,0.6603913307189941
7,1,0,0.9705483913421631
8,1,0,0.6285614967346191
9,1,1,0.7223129868507385
10,0,0,0.794701337814331
11,1,1,0.974550724029541
12,0,1,0.5174985527992249
13,0,0,0.7950311303138733
14,1,0,0.974125862121582
15,1,1,0.6577451229095459
16,0,0,0.9784746766090393
17,1,0,0.9403918981552124
18,0,0,0.7532171010971069
19,1,1,0.7141668200492859
