,label,pred,score
0,0,0,0.9515480995178223
1,0,0,0.9707649350166321
2,0,0,0.7451528310775757
3,1,0,0.9296632409095764
4,0,0,0.9478679895401001
5,0,0,0.9934924244880676
6,0,0,0.9608117341995239
7,1,0,0.9199484586715698
8,1,1,0.9856957793235779
9,1,1,0.776962399482727
10,1,1,0.6702526807785034
11,0,1,0.8736642599105835
12,0,0,0.964126706123352
13,0,1,0.9837988615036011
14,0,0,0.9925852417945862
15,0,0,0.6305768489837646
16,0,1,0.5333451628684998
17,1,1,0.969515860080719
18,1,1,0.5613279938697815
19,1,1,0.515903651714325
20,0,0,0.9422532916069031
21,1,0,0.6928372979164124
22,1,1,0.6204637289047241
23,1,0,0.9600017070770264
24,1,1,0.7590941786766052
25,1,1,0.9187184572219849
26,1,1,0.9656964540481567
27,0,0,0.8810805678367615
28,0,0,0.9724326133728027
29,0,0,0.9523427486419678
30,1,1,0.5279617309570312
31,1,1,0.83991539478302
