,label,pred,score
0,1,1,0.9870210289955139
1,0,0,0.984204113483429
2,1,1,0.9227142930030823
3,1,1,0.9902053475379944
4,0,0,0.9853898286819458
5,0,0,0.8858329057693481
6,1,1,0.9234611988067627
7,0,0,0.9957037568092346
8,1,1,0.8937011361122131
9,0,0,0.9423868060112
10,0,0,0.9890154004096985
11,1,0,0.9949616193771362
12,1,0,0.5233524441719055
13,0,0,0.9739004969596863
14,0,0,0.9942477941513062
15,1,1,0.9914167523384094
16,0,1,0.8773391246795654
17,1,0,0.8330398797988892
18,1,1,0.9944953322410583
19,0,0,0.9966705441474915
