,label,pred,score
0,0,0,0.9339331388473511
1,1,1,0.8353171348571777
2,1,0,0.9836332201957703
3,1,1,0.8176138997077942
4,1,1,0.9649485945701599
5,0,1,0.9931113719940186
6,1,1,0.86302649974823
7,0,0,0.9862729907035828
8,0,0,0.9949074387550354
9,0,1,0.9508247971534729
10,0,0,0.9754121899604797
11,0,0,0.7082284688949585
12,0,0,0.9894773364067078
13,0,0,0.9925111532211304
14,1,1,0.9153084754943848
15,0,0,0.9908456206321716
16,0,1,0.9883608818054199
17,0,0,0.85651695728302
18,1,1,0.9798598885536194
19,1,0,0.5848973393440247
20,1,1,0.773536205291748
21,1,1,0.9880579710006714
22,0,0,0.9945507645606995
23,1,1,0.937760055065155
24,0,0,0.9748817682266235
25,0,0,0.9826746582984924
26,1,1,0.9795132279396057
27,1,1,0.898663341999054
28,1,1,0.9892489910125732
29,1,1,0.9864214658737183
30,1,1,0.7830032110214233
31,0,0,0.9960349202156067
