,label,pred,score
0,1,1,0.9911755323410034
1,1,0,0.6482380032539368
2,1,1,0.9241179823875427
3,1,0,0.8837432861328125
4,0,0,0.9672932624816895
5,0,1,0.933917760848999
6,1,1,0.9955021739006042
7,0,0,0.9917662739753723
8,0,1,0.9821386337280273
9,0,0,0.9908916354179382
10,0,0,0.9798064231872559
11,1,1,0.7129984498023987
12,0,1,0.5131301879882812
13,0,1,0.9962241649627686
14,1,0,0.9664310812950134
15,1,1,0.6163041591644287
16,0,0,0.9727714657783508
17,1,0,0.6257012486457825
18,0,1,0.5538891553878784
19,0,0,0.9923180341720581
20,0,1,0.9953823685646057
21,1,1,0.7835586667060852
22,1,1,0.9316877126693726
23,0,0,0.973985493183136
24,1,1,0.9932307004928589
25,1,1,0.9927060008049011
26,1,1,0.9942736029624939
27,1,1,0.582524836063385
28,1,0,0.799793004989624
29,0,1,0.5291497707366943
30,0,0,0.9856598377227783
31,0,0,0.9766880869865417
32,0,0,0.990649402141571
33,1,1,0.9879745244979858
34,0,0,0.9869285225868225
35,0,0,0.7753600478172302
36,1,1,0.9840784072875977
37,0,0,0.6749185919761658
38,0,0,0.9667370915412903
39,0,0,0.9949760437011719
40,0,1,0.8285678625106812
41,1,0,0.819308340549469
42,0,1,0.9207087755203247
43,1,1,0.9852146506309509
44,0,0,0.9854872226715088
45,1,1,0.6559776663780212
46,0,0,0.9941100478172302
47,1,0,0.9676246643066406
48,0,0,0.9921951293945312
49,1,1,0.9811796545982361
50,1,1,0.9977737069129944
51,0,0,0.9454904794692993
52,1,1,0.9974251985549927
53,1,1,0.9392462968826294
54,0,0,0.9917495250701904
55,1,1,0.8169559836387634
56,0,0,0.9787745475769043
57,0,0,0.9722921252250671
58,0,0,0.8461658358573914
59,0,0,0.9553374648094177
60,0,0,0.9816877245903015
61,0,1,0.8291178345680237
62,0,1,0.9241201281547546
63,0,0,0.9499063491821289
64,1,1,0.9748951196670532
65,1,1,0.9976909160614014
66,0,0,0.9818553924560547
67,1,0,0.5805625915527344
68,1,1,0.7098919749259949
69,1,1,0.9394806623458862
70,1,1,0.9922019243240356
71,1,1,0.7809107899665833
72,1,1,0.9927194118499756
73,1,1,0.97735595703125
74,0,0,0.9295322895050049
75,1,1,0.877531111240387
76,1,0,0.5122653841972351
77,1,1,0.7233994603157043
