,label,pred,score
0,0,0,0.5312947034835815
1,1,1,0.8068927526473999
2,0,0,0.5312991738319397
3,1,0,0.5312947034835815
4,1,1,0.7001906633377075
5,0,0,0.5312947034835815
6,0,1,0.6733284592628479
7,1,0,0.5312947034835815
8,1,1,0.6533149480819702
9,1,1,0.7001906633377075
10,0,0,0.5312947034835815
11,0,0,0.5312947034835815
12,0,0,0.5312947034835815
13,0,0,0.5312947034835815
14,1,1,0.6533149480819702
15,1,0,0.5312947034835815
16,0,0,0.5312947034835815
17,0,0,0.5312947034835815
18,0,0,0.5312947034835815
19,1,1,0.7001906633377075
20,0,0,0.5312947034835815
21,0,1,0.6733284592628479
22,0,0,0.5312947034835815
23,1,1,0.5681955814361572
24,1,0,0.5087528824806213
25,0,1,0.5521901845932007
26,1,1,0.6733284592628479
27,1,0,0.5312947034835815
28,1,0,0.5312947034835815
29,1,1,0.6766874194145203
30,1,1,0.5251938104629517
31,0,0,0.5312947034835815
32,1,1,0.6733284592628479
33,0,0,0.5312947034835815
34,0,0,0.5312947034835815
35,0,0,0.5312947034835815
36,1,1,0.6733284592628479
37,1,0,0.5312991738319397
38,0,0,0.5312947034835815
39,1,0,0.5312947034835815
40,0,0,0.5312947034835815
41,0,0,0.5312947034835815
42,0,0,0.53072589635849
43,0,0,0.5312947034835815
44,1,0,0.5312947034835815
45,0,0,0.5312947034835815
46,0,0,0.5312947034835815
47,0,0,0.5312947034835815
48,0,0,0.5312947034835815
49,0,0,0.5312947034835815
50,0,0,0.5312947034835815
51,1,1,0.6704690456390381
52,1,1,0.7001906633377075
53,1,1,0.6526676416397095
54,0,0,0.5312947034835815
55,0,0,0.5312947034835815
56,1,1,0.8068926930427551
57,1,1,0.9135705828666687
58,1,0,0.5312947034835815
59,0,0,0.5312947034835815
60,0,1,0.7122531533241272
61,1,0,0.5312947034835815
62,0,0,0.5312947034835815
63,0,0,0.5312947034835815
64,1,0,0.5312947034835815
65,1,0,0.5312947034835815
66,1,0,0.5312947034835815
67,1,0,0.5312947034835815
68,1,1,0.5681955814361572
69,0,0,0.5312947034835815
70,0,0,0.5312947034835815
71,1,1,0.8346759676933289
72,1,0,0.5312947034835815
73,1,1,0.843647837638855
74,1,1,0.8068926930427551
75,0,1,0.6533149480819702
76,1,0,0.5312947034835815
77,1,0,0.5312947034835815
