,label,pred,score
0,0,0,0.5053458213806152
1,0,0,0.5053458213806152
2,0,0,0.5053458213806152
3,1,0,0.5051186084747314
4,1,0,0.9597886800765991
5,0,0,0.5053458213806152
6,1,0,0.5053458213806152
7,1,0,0.8745395541191101
8,1,0,0.9559020400047302
9,0,0,0.5053458213806152
10,1,0,0.9567864537239075
11,0,0,0.5053458213806152
12,1,0,0.9218015670776367
13,0,0,0.5053458213806152
14,1,0,0.9446040391921997
15,1,0,0.5053458213806152
16,1,0,0.8558686375617981
17,1,0,0.5053458213806152
18,0,0,0.5053458213806152
19,0,0,0.5053458213806152
20,1,0,0.9227340817451477
21,0,0,0.5156340599060059
22,0,0,0.5053458213806152
23,0,0,0.5053458213806152
24,1,0,0.5053458213806152
25,0,0,0.5051774978637695
26,0,0,0.5053458213806152
27,1,0,0.959984302520752
28,1,0,0.5053458213806152
29,1,0,0.9467049837112427
30,0,0,0.5053458213806152
31,0,0,0.5053458213806152
32,0,0,0.9389421939849854
33,1,0,0.9224320650100708
34,0,0,0.9332808256149292
35,1,0,0.5053040385246277
36,0,0,0.9491338133811951
37,1,0,0.5053457617759705
38,0,0,0.9557573795318604
39,1,0,0.5053458213806152
40,1,0,0.5052721500396729
41,1,0,0.9145737886428833
42,0,0,0.5053458213806152
43,0,0,0.5053458213806152
44,0,0,0.5053458213806152
45,0,0,0.5053458213806152
46,1,0,0.5264255404472351
47,0,0,0.5053458213806152
48,1,0,0.9263800978660583
49,0,0,0.5053458213806152
50,1,0,0.8678407073020935
51,0,0,0.894284725189209
52,0,0,0.5053458213806152
53,1,0,0.9594992995262146
54,1,0,0.5053458213806152
55,0,0,0.5053458213806152
56,0,0,0.5053458213806152
57,1,0,0.5053458213806152
58,0,0,0.5053458213806152
59,1,0,0.9605790376663208
60,1,0,0.9403736591339111
61,0,0,0.5053458213806152
62,0,0,0.9281724095344543
63,0,0,0.5053458213806152
64,0,0,0.5053458213806152
65,1,0,0.9265313148498535
66,0,0,0.5053458213806152
67,1,0,0.5086003541946411
68,0,0,0.5053458213806152
69,1,0,0.5053458213806152
70,1,0,0.9432421326637268
71,1,0,0.5053458213806152
72,1,0,0.9224469661712646
73,1,0,0.5053458213806152
74,1,0,0.9178030490875244
75,0,0,0.5053458213806152
76,1,0,0.9411157369613647
77,0,0,0.5053458213806152
