,label,pred,score
0,0,1,0.5395722389221191
1,1,0,0.7233755588531494
2,0,0,0.6972270607948303
3,1,0,0.704184353351593
4,1,1,0.6124494075775146
5,1,0,0.6395893096923828
6,1,0,0.658746600151062
7,0,1,0.6348546147346497
8,1,0,0.6938652396202087
9,1,1,0.5544145107269287
10,0,0,0.6896848678588867
11,1,1,0.5244957208633423
12,0,1,0.5427773594856262
13,0,0,0.6124571561813354
14,0,0,0.6378060579299927
15,0,0,0.6081137657165527
16,0,1,0.6431267261505127
17,0,0,0.6902406215667725
18,1,0,0.5005579590797424
19,1,0,0.7151630520820618
