,label,pred,score
0,0,0,0.5287697911262512
1,1,1,0.5490167140960693
2,0,0,0.5287697911262512
3,1,0,0.5287699103355408
4,1,1,0.605134129524231
5,0,0,0.5287697911262512
6,1,0,0.5287697911262512
7,1,0,0.5287697911262512
8,0,0,0.5287697911262512
9,1,0,0.5287697911262512
10,0,0,0.5287697911262512
11,1,1,0.6084025502204895
12,0,0,0.5287697911262512
13,1,0,0.5287697911262512
14,1,1,0.5200449228286743
15,1,1,0.5475215315818787
16,1,1,0.6413813829421997
17,0,0,0.5287697911262512
18,0,0,0.5287697911262512
19,1,0,0.5287697911262512
20,0,1,0.6045266389846802
21,1,0,0.5287697911262512
22,0,1,0.533129870891571
23,1,1,0.5279868841171265
24,0,0,0.5287697911262512
25,1,1,0.5743553638458252
26,1,0,0.5287697911262512
27,0,0,0.5287699103355408
28,0,0,0.5287697911262512
29,0,0,0.5287697911262512
30,1,1,0.5743553638458252
31,1,1,0.5558393001556396
32,0,0,0.5287697911262512
33,0,0,0.5287697911262512
34,0,0,0.5287697911262512
35,0,0,0.5287697911262512
36,1,0,0.5287697911262512
37,0,1,0.6413813829421997
38,1,1,0.5205295085906982
39,0,0,0.5287697911262512
40,1,0,0.5287697911262512
41,0,0,0.5287697911262512
42,0,1,0.5565657615661621
43,0,0,0.5287697911262512
44,1,0,0.5287697911262512
45,0,0,0.5287697911262512
46,1,1,0.6107058525085449
47,1,1,0.6413813829421997
48,0,0,0.5287697911262512
49,0,0,0.5287697911262512
50,0,1,0.6084025502204895
51,1,1,0.6413813829421997
52,0,0,0.5287697911262512
53,1,0,0.5287697911262512
54,0,1,0.6413813829421997
55,1,0,0.5287697911262512
56,1,1,0.5200449228286743
57,1,1,0.57435542345047
58,0,0,0.5287697911262512
59,0,0,0.5287697911262512
60,0,0,0.5287697911262512
61,1,0,0.5287697911262512
62,0,0,0.5287697911262512
63,0,0,0.5287697911262512
64,1,1,0.6068885922431946
65,0,0,0.5287697911262512
66,1,1,0.6084025502204895
67,1,1,0.5475215315818787
68,0,0,0.5287697911262512
69,1,1,0.57435542345047
70,1,0,0.5287697911262512
71,0,0,0.5287697911262512
72,1,0,0.5287697911262512
73,0,0,0.5287697911262512
74,1,0,0.5287697911262512
75,1,1,0.5048186182975769
76,1,1,0.5475215315818787
77,0,0,0.5287697911262512
