,label,pred,score
0,0,1,0.6876391768455505
1,0,1,0.5108391642570496
2,0,1,0.5108391642570496
3,1,1,0.5108391642570496
4,0,1,0.5108391642570496
5,1,0,0.5619534254074097
6,0,1,0.5108391642570496
7,1,1,0.5108391642570496
8,0,1,0.5108391642570496
9,1,1,0.5646222829818726
10,0,1,0.5108391642570496
11,1,0,0.5287397503852844
12,0,0,0.5146400332450867
13,1,1,0.5108391642570496
14,1,1,0.5108391642570496
15,1,1,0.5108391642570496
16,0,1,0.5319562554359436
17,0,1,0.6024312376976013
18,1,1,0.5326687097549438
19,1,0,0.5499277114868164
20,1,1,0.5108391642570496
21,1,1,0.5108391642570496
22,0,1,0.5262411832809448
23,1,1,0.5108391642570496
24,0,1,0.5511935353279114
25,0,1,0.5108391642570496
26,1,1,0.5108380317687988
27,1,1,0.5108391642570496
28,1,1,0.5661793947219849
29,0,1,0.5320011973381042
30,1,1,0.5108391642570496
31,0,1,0.5108391642570496
32,0,1,0.5108391642570496
33,1,1,0.5472199320793152
34,0,1,0.5108391642570496
35,1,0,0.5619534254074097
36,1,1,0.5108391642570496
37,0,1,0.5108391642570496
38,0,1,0.5108391642570496
39,1,1,0.5108391642570496
40,0,1,0.5108391642570496
41,0,1,0.5108391642570496
42,0,1,0.5108391642570496
43,1,1,0.5661794543266296
44,0,1,0.5108391642570496
45,0,1,0.5511935353279114
46,1,1,0.5108391642570496
47,0,1,0.5262411832809448
48,1,1,0.5108391642570496
49,0,1,0.5108391642570496
50,1,1,0.5108391642570496
51,0,1,0.5108391642570496
52,0,1,0.5108391642570496
53,1,1,0.5108391642570496
54,0,1,0.5108391642570496
55,0,1,0.5108391642570496
56,1,1,0.5108391642570496
57,1,1,0.5511935353279114
58,1,1,0.5108391642570496
59,1,0,0.5499277114868164
60,0,1,0.5108391642570496
61,1,1,0.5108391642570496
