,label,pred,score
0,0,0,0.6150476336479187
1,1,0,0.6115890741348267
2,1,1,0.5806350111961365
3,1,0,0.6115512251853943
4,1,0,0.6115296483039856
5,0,1,0.7453206777572632
6,0,0,0.6115728616714478
7,0,1,0.6813326478004456
8,0,1,0.7420724630355835
9,0,0,0.6115817427635193
10,1,0,0.6115783452987671
11,0,0,0.6115673780441284
12,1,0,0.6405497789382935
13,1,1,0.7420724630355835
14,0,1,0.7506473064422607
15,1,0,0.6116924285888672
16,1,0,0.611588180065155
17,0,0,0.6115296483039856
18,0,0,0.611584484577179
19,0,0,0.6115590929985046
20,1,1,0.6903851628303528
21,0,0,0.6115906834602356
22,1,1,0.7506473064422607
23,0,1,0.7623822093009949
24,0,0,0.6037431955337524
25,1,0,0.6405497789382935
26,1,1,0.7506473064422607
27,1,0,0.6115635633468628
28,0,0,0.6115673184394836
29,0,1,0.7232420444488525
30,1,0,0.6115928888320923
31,1,0,0.6110892295837402
