,label,pred,score
0,0,0,0.5000348091125488
1,0,0,0.5000348091125488
2,1,0,0.5000348091125488
3,0,0,0.5000348091125488
4,1,0,0.5000348091125488
5,1,0,0.5000348091125488
6,0,0,0.5000348091125488
7,1,0,0.5000348091125488
8,1,0,0.5000348091125488
9,0,0,0.5000348091125488
10,1,0,0.5000348091125488
11,0,0,0.5000348091125488
12,1,0,0.5000348091125488
13,0,0,0.5000348091125488
14,0,0,0.5000348091125488
15,1,0,0.5000348091125488
16,1,0,0.5000348091125488
17,0,0,0.5000348091125488
18,1,0,0.5000348091125488
19,0,0,0.5000348091125488
