,label,pred,score
0,1,1,0.7224265933036804
1,1,1,0.5356917381286621
2,1,1,0.5356917381286621
3,1,0,0.5047703981399536
4,0,1,0.6583566069602966
5,0,0,0.5047703981399536
6,0,0,0.5047703981399536
7,0,0,0.5047703981399536
8,0,0,0.5047703981399536
9,1,1,0.6117284297943115
10,1,0,0.5047703981399536
11,0,0,0.5047703981399536
12,1,0,0.5047703981399536
13,1,0,0.5047703981399536
14,0,0,0.5047703981399536
15,0,0,0.5047703981399536
16,0,0,0.5047703981399536
17,0,0,0.5047703981399536
18,1,1,0.632840096950531
19,0,0,0.5047703981399536
20,1,1,0.5356917381286621
21,0,0,0.5047703981399536
22,1,0,0.5047705173492432
23,1,1,0.6742046475410461
24,1,1,0.8167413473129272
25,0,0,0.5047703981399536
26,1,1,0.6898075342178345
27,0,0,0.5047703981399536
28,1,0,0.5047703981399536
29,0,0,0.5047703981399536
30,0,0,0.5047703981399536
31,0,1,0.6135185956954956
32,1,1,0.6583566069602966
33,1,1,0.7586848139762878
34,1,0,0.5047703981399536
35,1,1,0.6225103139877319
36,1,0,0.5047703981399536
37,0,0,0.5047703981399536
38,0,0,0.5047705173492432
39,0,0,0.5047703981399536
40,0,0,0.5047703981399536
41,0,0,0.5047703981399536
42,0,1,0.6583565473556519
43,0,0,0.5047703981399536
44,1,1,0.6583565473556519
45,1,0,0.5047703981399536
46,0,0,0.5047703981399536
47,0,1,0.7211093902587891
48,1,0,0.5047703981399536
49,0,0,0.5047703981399536
50,1,0,0.5047703981399536
51,1,0,0.5047703981399536
52,0,1,0.6191174387931824
53,0,0,0.5047703981399536
54,0,0,0.5047703981399536
55,1,1,0.7124122977256775
56,0,0,0.5047703981399536
57,1,1,0.6117284297943115
58,0,0,0.5047703981399536
59,0,0,0.5047703981399536
60,1,0,0.5047703981399536
61,1,0,0.5047703981399536
62,1,1,0.6324318647384644
63,0,0,0.5047703981399536
64,0,0,0.5047703981399536
65,0,0,0.5047703981399536
66,1,1,0.6583565473556519
67,0,0,0.5047703981399536
68,1,1,0.6766371726989746
69,1,1,0.5356916785240173
70,1,0,0.5047703981399536
71,0,1,0.8167413473129272
72,1,0,0.5047703981399536
73,1,1,0.7124122977256775
74,1,0,0.5047703981399536
75,1,1,0.7124122977256775
76,1,1,0.8167413473129272
77,0,0,0.5047703981399536
