,label,pred,score
0,0,0,0.5237511992454529
1,1,0,0.5833460092544556
2,0,0,0.5237511992454529
3,0,0,0.5237511992454529
4,1,0,0.5514296293258667
5,1,0,0.5237511992454529
6,1,1,0.5675511956214905
7,1,0,0.5514296293258667
8,0,0,0.5237511992454529
9,1,0,0.5237511992454529
10,1,0,0.5297020673751831
11,0,0,0.5237511992454529
12,0,0,0.5237511992454529
13,1,0,0.5227380990982056
14,1,0,0.5237511992454529
15,0,0,0.5237511992454529
16,1,0,0.5237511992454529
17,1,0,0.5237511992454529
18,1,0,0.5237511992454529
19,1,0,0.5237511992454529
20,1,0,0.5297020673751831
21,0,0,0.5237511992454529
22,0,0,0.6579744219779968
23,1,0,0.5249373316764832
24,0,0,0.5237511992454529
25,0,1,0.5186191201210022
26,0,0,0.5237511992454529
27,0,0,0.5237511992454529
28,0,0,0.5237511992454529
29,1,0,0.5237511992454529
30,0,0,0.5237511992454529
31,0,0,0.5237511992454529
32,1,0,0.5237511992454529
33,1,0,0.5833460092544556
34,1,0,0.5249373316764832
35,1,0,0.5833460092544556
36,1,0,0.5672680735588074
37,1,0,0.5237511992454529
38,0,0,0.5237511992454529
39,1,0,0.550442636013031
40,1,0,0.6579744219779968
41,0,0,0.5237511992454529
42,1,0,0.521019697189331
43,1,0,0.5237511992454529
44,0,0,0.5237511992454529
45,0,0,0.5237511992454529
46,1,0,0.5237511992454529
47,1,0,0.5237511992454529
48,0,0,0.5237511992454529
49,0,0,0.5237511992454529
50,0,0,0.5237511992454529
51,0,0,0.5237511992454529
52,1,0,0.5514296293258667
53,0,0,0.54830002784729
54,0,0,0.5237511992454529
55,0,0,0.5237511992454529
56,1,0,0.5237511992454529
57,0,0,0.5237511992454529
58,0,0,0.5237511992454529
59,0,0,0.5833460092544556
60,1,0,0.6579744219779968
61,0,0,0.5237511992454529
62,0,0,0.5237511992454529
63,0,0,0.5237511992454529
64,1,0,0.5160413384437561
65,1,0,0.5237511992454529
66,0,0,0.5237511992454529
67,0,0,0.5237511992454529
68,1,0,0.5902450680732727
69,1,0,0.5514296293258667
70,1,0,0.5282114148139954
71,1,0,0.5297020673751831
72,0,0,0.5348798036575317
73,0,0,0.5833460092544556
74,1,0,0.5237511992454529
75,0,0,0.5237511992454529
76,0,0,0.5237511992454529
77,1,0,0.5237511992454529
