,label,pred,score
0,0,0,0.657988965511322
1,0,0,0.657988965511322
2,1,0,0.657988965511322
3,0,0,0.657988965511322
4,1,0,0.657988965511322
5,1,1,0.5943948030471802
6,0,0,0.657988965511322
7,1,0,0.657988965511322
8,0,0,0.657988965511322
9,0,0,0.657988965511322
10,1,0,0.657988965511322
11,1,0,0.657988965511322
12,0,0,0.657988965511322
13,0,0,0.657988965511322
14,1,0,0.657988965511322
15,1,1,0.5731111764907837
16,1,0,0.657988965511322
17,0,1,0.6002651453018188
18,1,0,0.657988965511322
19,0,0,0.657988965511322
20,1,1,0.5943948030471802
21,0,0,0.657988965511322
22,1,0,0.657988965511322
23,0,1,0.60946124792099
24,1,0,0.657988965511322
25,1,1,0.5722496509552002
26,1,1,0.60946124792099
27,0,1,0.5744207501411438
28,1,0,0.657988965511322
29,0,1,0.5989212989807129
30,0,1,0.6063641905784607
31,0,1,0.5943948030471802
