,label,pred,score
0,1,0,0.5675598382949829
1,1,0,0.5675598382949829
2,0,0,0.5675598382949829
3,1,0,0.5675598382949829
4,0,1,0.7073999047279358
5,1,1,0.7069621086120605
6,0,0,0.5675598382949829
7,1,0,0.5675598382949829
8,1,1,0.6810157895088196
9,1,1,0.7069620490074158
10,0,0,0.5675598382949829
11,0,1,0.6810157895088196
12,0,0,0.5675598382949829
13,0,0,0.5675598382949829
14,0,1,0.7021287083625793
15,1,1,0.6842736005783081
16,1,0,0.5675598382949829
17,1,0,0.5675598382949829
18,0,0,0.5675598382949829
19,0,1,0.7318309545516968
20,1,1,0.7126862406730652
21,1,0,0.5675598382949829
22,1,0,0.5675598382949829
23,0,0,0.5675598382949829
24,0,0,0.5675598382949829
25,1,0,0.5675598382949829
26,0,1,0.7069621086120605
27,0,0,0.5675598382949829
28,1,0,0.5675598382949829
29,1,0,0.5675598382949829
30,0,1,0.708055853843689
31,0,0,0.5675598382949829
