,label,pred,score
0,0,1,0.7274072170257568
1,1,1,0.7274072170257568
2,1,0,0.5544862747192383
3,0,1,0.7015687227249146
4,1,0,0.5544862747192383
5,0,0,0.5544862747192383
6,0,0,0.5544862747192383
7,0,1,0.6988822221755981
8,0,1,0.7717344164848328
9,0,0,0.5544862747192383
10,0,0,0.5544862747192383
11,0,0,0.5544862747192383
12,1,0,0.5544862747192383
13,1,0,0.5544862747192383
14,1,0,0.5544862747192383
15,1,0,0.5544862747192383
16,0,1,0.7655822038650513
17,1,0,0.5544862747192383
18,0,0,0.5544862747192383
19,1,0,0.5544862747192383
20,0,0,0.5544862747192383
21,0,1,0.7900575995445251
22,0,0,0.5544862747192383
23,1,1,0.6988822221755981
24,1,0,0.5544862747192383
25,0,0,0.5544862747192383
26,1,1,0.7274072170257568
27,1,0,0.5544862747192383
28,1,1,0.7547522187232971
29,0,0,0.5544862747192383
30,1,0,0.5544862747192383
31,1,1,0.8069818019866943
