,label,pred,score
0,1,1,0.821180522441864
1,1,0,0.568557858467102
2,0,0,0.568557858467102
3,0,1,0.8326418995857239
4,0,1,0.8539673089981079
5,0,0,0.568557858467102
6,1,1,0.8326418995857239
7,1,0,0.568557858467102
8,1,0,0.568557858467102
9,0,0,0.568557858467102
10,0,0,0.568557858467102
11,0,0,0.568557858467102
12,0,1,0.88752281665802
13,1,0,0.568557858467102
14,1,1,0.9198961853981018
15,1,1,0.821180522441864
16,1,0,0.568557858467102
17,1,0,0.568557858467102
18,1,1,0.8625701069831848
19,0,1,0.8792451620101929
20,1,0,0.568557858467102
21,0,1,0.821180522441864
22,1,0,0.568557858467102
23,1,0,0.568557858467102
24,1,0,0.568557858467102
25,0,0,0.568557858467102
26,0,0,0.568557858467102
27,0,0,0.568557858467102
28,0,0,0.568557858467102
29,1,0,0.568557858467102
30,0,1,0.7942262887954712
31,0,0,0.568557858467102
