,label,pred,score
0,0,1,0.5001240372657776
1,0,1,0.5001240372657776
2,0,1,0.5001240372657776
3,1,1,0.5001240372657776
4,1,1,0.5001240372657776
5,1,1,0.5001240372657776
6,0,1,0.5001240372657776
7,1,1,0.5001240372657776
8,0,1,0.5001240372657776
9,0,1,0.5001240372657776
10,0,1,0.5001240372657776
11,1,1,0.5001240372657776
12,0,1,0.5001240372657776
13,0,1,0.5001240372657776
14,1,1,0.5001240372657776
15,1,1,0.5001240372657776
16,0,1,0.5001240372657776
17,1,1,0.5001240372657776
18,1,1,0.5001240372657776
19,1,1,0.5001240372657776
