,label,pred,score
0,1,0,0.5827180743217468
1,1,1,0.531816840171814
2,1,1,0.5939772129058838
3,0,0,0.5827180743217468
4,0,1,0.5722804069519043
5,0,0,0.5827180743217468
6,0,0,0.5827180743217468
7,1,0,0.5827180743217468
8,0,0,0.5827180743217468
9,0,0,0.5827180743217468
10,1,0,0.5827180743217468
11,1,0,0.5827180743217468
12,0,1,0.5141705274581909
13,0,1,0.5476945042610168
14,1,0,0.5827180743217468
15,1,0,0.5827180743217468
16,1,0,0.5827180743217468
17,0,0,0.5827180743217468
18,1,1,0.5563173294067383
19,0,1,0.5374753475189209
20,1,0,0.5827180743217468
21,0,0,0.5827180743217468
22,1,0,0.5827180743217468
23,0,1,0.531816840171814
24,0,0,0.5827180743217468
25,1,1,0.5438891053199768
26,0,0,0.5827180743217468
27,1,1,0.531816840171814
28,0,0,0.5827180743217468
29,1,0,0.5827180743217468
30,1,0,0.5827180743217468
31,0,1,0.5438891053199768
