,label,pred,score
0,0,1,0.5000949501991272
1,0,1,0.5000949501991272
2,1,1,0.5000949501991272
3,0,1,0.5000949501991272
4,1,1,0.5000949501991272
5,0,1,0.5000949501991272
6,0,1,0.5000949501991272
7,0,1,0.5000949501991272
8,1,1,0.5000949501991272
9,1,1,0.5000949501991272
10,1,1,0.5000949501991272
11,1,1,0.5000949501991272
12,1,1,0.5000949501991272
13,0,1,0.5000949501991272
14,0,1,0.5000949501991272
15,0,1,0.5000949501991272
16,1,1,0.5000949501991272
17,1,1,0.5000949501991272
18,0,1,0.5000949501991272
19,1,1,0.5000949501991272
