,label,pred,score
0,0,0,0.5000602602958679
1,1,0,0.5000602602958679
2,1,0,0.5000602602958679
3,1,0,0.5000602602958679
4,1,0,0.5000602602958679
5,0,0,0.5000602602958679
6,0,0,0.5000602602958679
7,1,0,0.5000602602958679
8,1,0,0.5000602602958679
9,0,0,0.5000602602958679
10,1,0,0.5000602602958679
11,0,0,0.5000602602958679
12,1,0,0.5000602602958679
13,0,0,0.5000602602958679
14,1,0,0.5000602602958679
15,0,0,0.5000602602958679
16,0,0,0.5000602602958679
17,1,0,0.5000602602958679
18,0,0,0.5000602602958679
19,0,0,0.5000602602958679
