,label,pred,score
0,0,1,0.5109590888023376
1,1,1,0.5109590888023376
2,0,1,0.5109590888023376
3,0,1,0.5109590888023376
4,1,1,0.5109590888023376
5,0,1,0.5109590888023376
6,1,1,0.5109590888023376
7,0,1,0.5109590888023376
8,1,1,0.5109590888023376
9,0,1,0.5109590888023376
10,1,0,0.6302303671836853
11,1,1,0.5109590888023376
12,1,1,0.5109590888023376
13,1,1,0.5109590888023376
14,1,0,0.6302303671836853
15,1,0,0.6746819615364075
16,0,1,0.5109590888023376
17,1,1,0.5109590888023376
18,0,0,0.5081210136413574
19,0,1,0.5109590888023376
20,0,0,0.6844044923782349
21,0,1,0.5109590888023376
22,1,0,0.5402177572250366
23,1,0,0.5150450468063354
24,1,0,0.5442018508911133
25,1,1,0.5109590888023376
26,0,1,0.5109590888023376
27,0,1,0.5109590888023376
28,0,0,0.5316044092178345
29,0,0,0.5316044092178345
30,0,1,0.5109590888023376
31,0,1,0.5109590888023376
32,0,1,0.5109590888023376
33,1,0,0.5402177572250366
34,1,0,0.6746819615364075
35,0,1,0.5109590888023376
36,1,1,0.5109590888023376
37,0,0,0.5410969257354736
38,0,1,0.5109590888023376
39,1,1,0.5109590888023376
40,0,0,0.560813307762146
41,0,1,0.5109590888023376
42,0,1,0.5109590888023376
43,0,1,0.5109590888023376
44,1,0,0.6697047352790833
45,1,0,0.5500915050506592
46,1,1,0.5109590888023376
47,1,1,0.5109590888023376
48,1,1,0.5109590888023376
49,0,1,0.5109590888023376
50,1,1,0.5109590888023376
51,1,1,0.5109590888023376
52,0,1,0.5109590888023376
53,1,1,0.5109590888023376
54,1,0,0.5116443037986755
55,1,1,0.5109590888023376
56,1,1,0.5109590888023376
57,1,1,0.5109590888023376
58,0,0,0.5116443037986755
59,0,1,0.5109590888023376
60,0,1,0.506628155708313
61,0,0,0.5116443037986755
