,label,pred,score
0,0,1,0.5000359416007996
1,0,1,0.5000359416007996
2,0,1,0.5000359416007996
3,1,1,0.5000359416007996
4,1,1,0.5000359416007996
5,1,1,0.5000359416007996
6,0,1,0.5000359416007996
7,1,1,0.5000359416007996
8,0,1,0.5000359416007996
9,1,1,0.5000359416007996
10,1,1,0.5000359416007996
11,0,1,0.5000359416007996
12,1,1,0.5000359416007996
13,0,1,0.5000359416007996
14,0,1,0.5000359416007996
15,1,1,0.5000359416007996
16,1,1,0.5000359416007996
17,0,1,0.5000359416007996
18,0,1,0.5000359416007996
19,1,1,0.5000359416007996
