,label,pred,score
0,0,0,0.5841124057769775
1,0,1,0.9430943131446838
2,1,1,0.9430943131446838
3,1,0,0.5841531753540039
4,0,0,0.5841124057769775
5,0,0,0.5841124057769775
6,1,0,0.5841124057769775
7,0,0,0.5841124057769775
8,0,0,0.5841124057769775
9,1,0,0.5841124057769775
10,0,0,0.5841124057769775
11,1,0,0.5841124057769775
12,1,0,0.5841531753540039
13,1,0,0.6107767820358276
14,1,1,0.9763039946556091
15,1,1,0.614266037940979
16,0,0,0.5841124057769775
17,1,0,0.5831716656684875
18,1,0,0.5841124057769775
19,0,0,0.5841124057769775
20,0,0,0.5015300512313843
21,0,0,0.5841124057769775
22,0,0,0.5841124057769775
23,1,1,0.9430943131446838
24,0,0,0.5841124057769775
25,1,0,0.5841124057769775
26,0,0,0.5841124057769775
27,1,0,0.5841124057769775
28,0,0,0.5841124057769775
29,0,0,0.5841124057769775
30,0,0,0.5841124057769775
31,0,0,0.5841124057769775
32,0,0,0.5841124057769775
33,1,0,0.5841531753540039
34,0,0,0.5841124057769775
35,0,0,0.5841124057769775
36,1,0,0.5841124057769775
37,0,0,0.5841124057769775
38,1,0,0.5651822686195374
39,0,1,0.9430943131446838
40,1,0,0.5841124057769775
41,1,0,0.5841124057769775
42,1,0,0.5842572450637817
43,0,0,0.5841124057769775
44,0,0,0.5841124057769775
45,0,0,0.5886462926864624
46,0,0,0.5841124057769775
47,1,0,0.8078852891921997
48,1,1,0.9763039946556091
49,1,0,0.5841124057769775
50,0,0,0.5841124057769775
51,1,1,0.9763039946556091
52,1,0,0.5841124057769775
53,0,0,0.5841124057769775
54,1,1,0.9430943131446838
55,1,0,0.5844417214393616
56,0,0,0.5841124057769775
57,0,0,0.5841124057769775
58,1,1,0.9750070571899414
59,1,0,0.5841124057769775
60,0,0,0.5841124057769775
61,1,0,0.5790190100669861
62,0,0,0.5841124057769775
63,1,0,0.5841124057769775
64,1,0,0.5841124057769775
65,1,0,0.5841124057769775
66,0,1,0.5464681386947632
67,1,0,0.8078852891921997
68,0,0,0.5841124057769775
69,1,0,0.5841531753540039
70,0,0,0.5841124057769775
71,1,0,0.5841124057769775
72,1,0,0.5844417214393616
73,1,0,0.5841124057769775
74,0,0,0.5841124057769775
75,0,0,0.5841124057769775
76,1,0,0.9145475625991821
77,0,0,0.8078852891921997
