,label,pred,score
0,1,0,0.50005704164505
1,1,0,0.50005704164505
2,1,0,0.50005704164505
3,0,0,0.50005704164505
4,0,0,0.50005704164505
5,0,0,0.50005704164505
6,0,0,0.50005704164505
7,1,0,0.50005704164505
8,0,0,0.50005704164505
9,0,0,0.50005704164505
10,1,0,0.50005704164505
11,0,0,0.50005704164505
12,1,0,0.50005704164505
13,1,0,0.50005704164505
14,1,0,0.50005704164505
15,0,0,0.50005704164505
16,1,0,0.50005704164505
17,0,0,0.50005704164505
18,0,0,0.50005704164505
19,1,0,0.50005704164505
