,label,pred,score
0,0,1,0.500028133392334
1,1,1,0.500028133392334
2,1,1,0.500028133392334
3,1,1,0.500028133392334
4,0,1,0.500028133392334
5,1,1,0.500028133392334
6,0,1,0.500028133392334
7,0,1,0.500028133392334
8,1,1,0.500028133392334
9,0,1,0.500028133392334
10,0,1,0.500028133392334
11,1,1,0.500028133392334
12,1,1,0.500028133392334
13,1,1,0.500028133392334
14,0,1,0.500028133392334
15,0,1,0.500028133392334
16,0,1,0.500028133392334
17,0,1,0.500028133392334
18,1,1,0.500028133392334
19,1,1,0.500028133392334
