,label,pred,score
0,1,1,0.5208117365837097
1,1,1,0.5682754516601562
2,1,1,0.534834623336792
3,0,0,0.5193668007850647
4,0,0,0.5193668007850647
5,0,0,0.5193668007850647
6,1,1,0.5047555565834045
7,1,0,0.5193668007850647
8,0,0,0.5193668007850647
9,1,1,0.534834623336792
10,0,0,0.5193668007850647
11,1,0,0.5193668007850647
12,1,0,0.5193668007850647
13,0,0,0.5193668007850647
14,0,0,0.5193668007850647
15,1,0,0.5193668007850647
16,0,0,0.5193668007850647
17,1,0,0.5193668007850647
18,0,0,0.5193668007850647
19,1,1,0.506528913974762
20,0,0,0.5193668007850647
21,0,0,0.5193668007850647
22,1,0,0.5193668007850647
23,1,1,0.534834623336792
24,0,0,0.5193668007850647
25,1,1,0.5208117365837097
26,0,0,0.5193668007850647
27,0,0,0.5193668007850647
28,0,0,0.5193668007850647
29,1,0,0.5193668007850647
30,1,0,0.5193668007850647
31,0,0,0.5193668007850647
32,1,0,0.5193668007850647
33,0,0,0.5193668007850647
34,1,0,0.5193668007850647
35,0,0,0.5193668007850647
36,0,0,0.5193668007850647
37,0,0,0.5193668007850647
38,0,1,0.5682754516601562
39,0,0,0.5193668007850647
40,1,0,0.5193668007850647
41,1,1,0.5665244460105896
42,1,1,0.5011036992073059
43,0,0,0.5193668007850647
44,1,1,0.5665244460105896
45,1,1,0.5477550029754639
46,1,0,0.5193668007850647
47,0,0,0.5193668007850647
48,0,0,0.501053512096405
49,0,0,0.5193668007850647
50,0,1,0.5665244460105896
51,0,0,0.5193668007850647
52,0,1,0.5665244460105896
53,1,0,0.5193668007850647
54,0,1,0.5084627270698547
55,0,0,0.5193668007850647
56,0,1,0.5431604385375977
57,1,0,0.5193668007850647
58,1,0,0.5193668007850647
59,1,1,0.5413635969161987
60,1,1,0.5962923169136047
61,1,1,0.5208117365837097
62,1,0,0.5193668007850647
63,1,0,0.5024263262748718
64,0,0,0.5193668007850647
65,1,1,0.5075316429138184
66,1,0,0.5123707056045532
67,1,1,0.534834623336792
68,1,0,0.5193668007850647
69,0,0,0.5193668007850647
70,0,0,0.5193668007850647
71,0,0,0.5193668007850647
72,1,1,0.5682754516601562
73,0,0,0.5193668007850647
74,0,0,0.5193668007850647
75,0,0,0.5193668007850647
76,1,1,0.5011036992073059
77,1,1,0.5665244460105896
