,label,pred,score
0,1,0,0.5131884813308716
1,0,0,0.5160024762153625
2,0,0,0.5160024762153625
3,1,0,0.5470750331878662
4,0,0,0.5516079664230347
5,0,0,0.5160024762153625
6,1,1,0.7291451096534729
7,0,0,0.5160024762153625
8,1,0,0.5160024762153625
9,1,0,0.5160024762153625
10,1,0,0.5470750331878662
11,0,0,0.5160024762153625
12,0,0,0.5160024762153625
13,0,0,0.5160024762153625
14,0,0,0.5160025358200073
15,0,0,0.5160024762153625
16,1,0,0.5585767030715942
17,0,0,0.5160024762153625
18,1,0,0.5434591770172119
19,0,0,0.5160024762153625
20,1,0,0.5160024762153625
21,0,0,0.5160024762153625
22,0,1,0.5482641458511353
23,1,0,0.5160024762153625
24,1,0,0.5470750331878662
25,1,0,0.5160024762153625
26,1,0,0.5501075983047485
27,1,0,0.5447902679443359
28,0,0,0.5160024762153625
29,1,0,0.5160024762153625
30,1,0,0.5160024762153625
31,1,0,0.5160024762153625
32,1,0,0.5434591770172119
33,1,0,0.5516079664230347
34,1,0,0.5179044604301453
35,0,0,0.5160024762153625
36,0,0,0.5160024762153625
37,1,0,0.5434591770172119
38,1,0,0.5179044604301453
39,1,0,0.5160024762153625
40,1,0,0.5270466208457947
41,0,0,0.5160024762153625
42,0,0,0.5160024762153625
43,0,0,0.5160024762153625
44,1,0,0.5160025358200073
45,0,0,0.5160024762153625
46,0,0,0.5160024762153625
47,0,0,0.5160024762153625
48,0,0,0.5160024762153625
49,0,0,0.5160024762153625
50,1,0,0.5160024762153625
51,1,0,0.5037574172019958
52,1,0,0.5160024762153625
53,1,0,0.5516079068183899
54,1,0,0.5160024762153625
55,0,0,0.5160024762153625
56,0,0,0.5160024762153625
57,1,0,0.5516079068183899
58,0,0,0.5160024762153625
59,0,0,0.5160024762153625
60,1,0,0.5160024762153625
61,1,1,0.6584727168083191
62,0,0,0.5160024762153625
63,0,0,0.5160024762153625
64,1,0,0.5470750331878662
65,0,0,0.5160024762153625
66,1,1,0.6792812347412109
67,0,1,0.5044606924057007
68,0,1,0.6792812347412109
69,0,1,0.7762047648429871
70,1,0,0.5160024762153625
71,0,0,0.5160024762153625
72,0,0,0.5160024762153625
73,1,0,0.5160024762153625
74,1,0,0.5160024762153625
75,1,1,0.6792812347412109
76,0,0,0.5516079068183899
77,0,0,0.5160024762153625
