,label,pred,score
0,1,1,0.5004839897155762
1,1,1,0.5004839897155762
2,1,1,0.5004839897155762
3,0,0,0.5328318476676941
4,1,1,0.5004839897155762
5,0,1,0.5004839897155762
6,1,0,0.5340414643287659
7,1,1,0.5004839897155762
8,1,0,0.522742748260498
9,1,1,0.5004839897155762
10,0,0,0.5146982073783875
11,1,0,0.532529890537262
12,1,1,0.5004839897155762
13,1,1,0.5004839897155762
14,0,0,0.5221831202507019
15,1,0,0.5123355388641357
16,0,1,0.5004839897155762
17,0,1,0.5004839897155762
18,1,0,0.5340414643287659
19,0,1,0.5004839897155762
20,0,1,0.5004839897155762
21,1,0,0.5182210803031921
22,0,0,0.5214532613754272
23,1,1,0.5004839897155762
24,0,1,0.5004839897155762
25,0,1,0.5004839897155762
26,1,0,0.5365064144134521
27,1,1,0.5004839897155762
28,0,1,0.5004839897155762
29,0,1,0.5004839897155762
30,1,0,0.5123355388641357
31,0,0,0.522742748260498
32,0,0,0.5307740569114685
33,0,1,0.5004839897155762
34,0,1,0.5004839897155762
35,1,0,0.5365064144134521
36,0,1,0.5004839897155762
37,1,0,0.5320001244544983
38,1,1,0.5004839897155762
39,0,1,0.5004839897155762
40,1,0,0.5186019539833069
41,0,1,0.5004839897155762
42,0,0,0.522742748260498
43,0,1,0.5004839897155762
44,1,1,0.5004839897155762
45,0,0,0.5473654866218567
46,1,1,0.5004842281341553
47,1,1,0.5004839897155762
48,0,1,0.5004839897155762
49,0,1,0.5004839897155762
50,1,1,0.5004839897155762
51,1,1,0.5004839897155762
52,0,1,0.5004839897155762
53,1,1,0.5004839897155762
54,0,1,0.5004839897155762
55,0,1,0.5004839897155762
56,1,1,0.5004839897155762
57,0,0,0.5307740569114685
58,0,1,0.5004839897155762
59,1,1,0.5004839897155762
60,1,1,0.5004839897155762
61,0,1,0.5004839897155762
