,label,pred,score
0,0,0,0.5690828561782837
1,1,0,0.6307828426361084
2,1,0,0.6417140364646912
3,1,0,0.6337357759475708
4,0,0,0.5690828561782837
5,0,0,0.5690828561782837
6,0,0,0.5690828561782837
7,1,0,0.6361590027809143
8,1,0,0.5690828561782837
9,0,0,0.5690828561782837
10,1,0,0.642632007598877
11,0,0,0.5690828561782837
12,1,0,0.6169872283935547
13,0,0,0.7033625245094299
14,0,0,0.5690828561782837
15,0,0,0.5690828561782837
16,0,0,0.6145306825637817
17,0,0,0.5690828561782837
18,0,0,0.5690828561782837
19,1,0,0.6169872283935547
20,1,0,0.5690828561782837
21,0,0,0.5690828561782837
22,1,0,0.5690828561782837
23,0,0,0.5690828561782837
24,0,0,0.7350276112556458
25,1,0,0.5690828561782837
26,1,0,0.7033625245094299
27,1,0,0.7350276112556458
28,1,0,0.5690828561782837
29,1,0,0.6135627627372742
30,0,0,0.5690828561782837
31,1,0,0.5690828561782837
32,1,0,0.5690828561782837
33,0,0,0.5690828561782837
34,1,0,0.6615108251571655
35,0,0,0.5690828561782837
36,1,0,0.7033625245094299
37,0,0,0.5690828561782837
38,1,0,0.5690828561782837
39,1,0,0.5690828561782837
40,1,0,0.5690828561782837
41,0,0,0.5690828561782837
42,0,0,0.5690828561782837
43,0,0,0.6143840551376343
44,0,0,0.5690828561782837
45,1,0,0.5690828561782837
46,1,0,0.5690828561782837
47,0,0,0.5690828561782837
48,0,0,0.5690828561782837
49,1,0,0.5690828561782837
50,1,0,0.5690828561782837
51,0,0,0.5690828561782837
52,1,0,0.6260911226272583
53,1,0,0.5690828561782837
54,1,0,0.6169872283935547
55,1,0,0.642632007598877
56,0,0,0.5690828561782837
57,0,0,0.7033625245094299
58,0,0,0.5690828561782837
59,1,0,0.642632007598877
60,0,0,0.5690828561782837
61,0,0,0.5690828561782837
62,1,0,0.6583573818206787
63,0,0,0.5690828561782837
64,1,0,0.642632007598877
65,0,0,0.5690828561782837
66,1,0,0.7033625245094299
67,0,0,0.5690828561782837
68,1,0,0.6307828426361084
69,0,0,0.5690828561782837
70,0,0,0.5690828561782837
71,0,0,0.5690828561782837
72,1,0,0.5690828561782837
73,0,0,0.5690828561782837
74,1,0,0.735027551651001
75,1,0,0.6994864344596863
76,0,0,0.6091471314430237
77,1,0,0.5690828561782837
