,label,pred,score
0,1,0,0.5000446438789368
1,1,0,0.5000446438789368
2,1,0,0.5000446438789368
3,0,0,0.5000446438789368
4,0,0,0.5000446438789368
5,0,0,0.5000446438789368
6,0,0,0.5000446438789368
7,1,0,0.5000446438789368
8,1,0,0.5000446438789368
9,0,0,0.5000446438789368
10,0,0,0.5000446438789368
11,0,0,0.5000446438789368
12,0,0,0.5000446438789368
13,1,0,0.5000446438789368
14,1,0,0.5000446438789368
15,1,0,0.5000446438789368
16,0,0,0.5000446438789368
17,1,0,0.5000446438789368
18,1,0,0.5000446438789368
19,0,0,0.5000446438789368
