,label,pred,score
0,0,0,0.5000354051589966
1,1,0,0.5000354051589966
2,1,0,0.5000354051589966
3,0,0,0.5000354051589966
4,0,0,0.5000354051589966
5,0,0,0.5000354051589966
6,0,0,0.5000354051589966
7,0,0,0.5000354051589966
8,1,0,0.5000354051589966
9,0,0,0.5000354051589966
10,0,0,0.5000354051589966
11,1,0,0.5000354051589966
12,1,0,0.5000354051589966
13,1,0,0.5000354051589966
14,0,0,0.5000354051589966
15,1,0,0.5000354051589966
16,1,0,0.5000354051589966
17,0,0,0.5000354051589966
18,1,0,0.5000354051589966
19,1,0,0.5000354051589966
