,label,pred,score
0,0,1,0.5039255619049072
1,1,1,0.5039255619049072
2,0,1,0.6703158617019653
3,0,1,0.5039255619049072
4,1,0,0.6459338068962097
5,0,0,0.617815375328064
6,1,1,0.6630273461341858
7,1,1,0.5039255619049072
8,1,0,0.6459338068962097
9,0,1,0.5039255619049072
10,1,0,0.7079284191131592
11,0,0,0.5061241388320923
12,1,1,0.5039255619049072
13,1,0,0.7079284191131592
14,0,1,0.5039255619049072
15,0,0,0.5377528667449951
16,0,1,0.5039255619049072
17,0,1,0.5039255619049072
18,0,0,0.570580005645752
19,0,1,0.5039255619049072
20,1,1,0.5039255619049072
21,0,1,0.5039255619049072
22,0,0,0.5408753156661987
23,1,1,0.5039255619049072
24,0,1,0.5039255619049072
25,1,0,0.5123105645179749
26,0,1,0.5039255619049072
27,0,1,0.5039255619049072
28,1,1,0.5039255619049072
29,0,1,0.5039255619049072
30,0,0,0.570580005645752
31,0,1,0.5039255619049072
32,1,0,0.5858637690544128
33,1,1,0.5039255619049072
34,1,1,0.5039255619049072
35,0,1,0.5039255619049072
36,0,1,0.5039255619049072
37,1,1,0.5039255619049072
38,1,0,0.570580005645752
39,0,1,0.5039255619049072
40,1,1,0.5039255619049072
41,0,1,0.5039255619049072
42,0,1,0.5039255619049072
43,1,1,0.5039255619049072
44,1,1,0.5039255619049072
45,1,1,0.5039255619049072
46,1,0,0.5256612300872803
47,1,1,0.5039255619049072
48,1,0,0.5484426021575928
49,0,0,0.6781376004219055
50,1,1,0.5039488077163696
51,1,1,0.5039255619049072
52,0,1,0.5039255619049072
53,0,1,0.5039255619049072
54,1,1,0.5039255619049072
55,1,1,0.6630274057388306
56,1,1,0.5039255619049072
57,1,1,0.5039255619049072
58,1,1,0.5039255619049072
59,0,1,0.5039255619049072
60,0,0,0.617815375328064
61,0,1,0.5039255619049072
