,label,pred,score
0,1,0,0.6239713430404663
1,0,0,0.5367027521133423
2,0,0,0.5367027521133423
3,1,0,0.6100820302963257
4,1,0,0.5367027521133423
5,1,0,0.5367027521133423
6,1,0,0.5367027521133423
7,0,0,0.5367027521133423
8,0,0,0.5367027521133423
9,0,0,0.5367027521133423
10,1,0,0.6488310694694519
11,1,0,0.6100820302963257
12,0,0,0.5367027521133423
13,1,0,0.5367027521133423
14,1,0,0.5367027521133423
15,0,0,0.5367027521133423
16,1,0,0.5367027521133423
17,0,0,0.5367027521133423
18,0,0,0.5367027521133423
19,0,1,0.6098129749298096
20,1,0,0.667106568813324
21,0,0,0.5367027521133423
22,1,0,0.6138171553611755
23,1,0,0.5367027521133423
24,1,0,0.5367027521133423
25,0,0,0.5367027521133423
26,1,0,0.5367027521133423
27,1,0,0.5367027521133423
28,1,0,0.6488310694694519
29,1,0,0.608026921749115
30,0,0,0.5367027521133423
31,1,0,0.5367027521133423
32,1,0,0.6488310694694519
33,1,0,0.5367027521133423
34,1,1,0.6098129749298096
35,0,0,0.5367027521133423
36,0,0,0.5367027521133423
37,1,0,0.5818954110145569
38,0,0,0.5367027521133423
39,1,0,0.5367027521133423
40,0,0,0.5367027521133423
41,0,0,0.5367027521133423
42,0,0,0.5367027521133423
43,1,0,0.6080268621444702
44,1,0,0.5367027521133423
45,0,0,0.5367026925086975
46,0,0,0.5367027521133423
47,1,0,0.5915462374687195
48,0,0,0.5367027521133423
49,0,0,0.6087349653244019
50,1,0,0.5367027521133423
51,1,0,0.5893696546554565
52,1,0,0.6488310694694519
53,0,0,0.5367027521133423
54,0,0,0.5367027521133423
55,1,0,0.6100820302963257
56,1,0,0.6080268621444702
57,0,0,0.5367027521133423
58,1,0,0.6387693881988525
59,1,1,0.6098129749298096
60,0,0,0.6080268621444702
61,0,0,0.6383496522903442
62,0,0,0.6638578176498413
63,0,0,0.5367027521133423
64,1,0,0.5367027521133423
65,0,0,0.5367027521133423
66,1,0,0.6059138178825378
67,0,0,0.5367027521133423
68,0,0,0.5367027521133423
69,1,0,0.5915462374687195
70,0,0,0.5367027521133423
71,0,0,0.5367027521133423
72,1,0,0.5555546283721924
73,0,0,0.6080268621444702
74,0,0,0.5367027521133423
75,1,0,0.5367027521133423
76,0,0,0.5367027521133423
77,0,0,0.5367027521133423
