,label,pred,score
0,1,0,0.6035924553871155
1,0,0,0.6681962609291077
2,1,0,0.5265522599220276
3,0,0,0.5252180099487305
4,0,0,0.5201752781867981
5,0,0,0.5494204759597778
6,0,1,0.523369312286377
7,1,0,0.7002052068710327
8,0,0,0.6035924553871155
9,1,0,0.5197219252586365
10,0,0,0.7271671891212463
11,1,0,0.5372763276100159
12,0,0,0.7271671891212463
13,1,0,0.6035924553871155
14,0,0,0.6658195853233337
15,0,0,0.5252180099487305
16,1,0,0.5197219848632812
17,1,0,0.6035924553871155
18,1,0,0.6035924553871155
19,1,0,0.6954479217529297
20,0,0,0.7271671891212463
21,1,0,0.6901995539665222
22,1,0,0.5265522599220276
23,1,0,0.6901994943618774
24,0,0,0.537276029586792
25,0,0,0.5617668628692627
26,0,0,0.6285721063613892
27,0,0,0.6901995539665222
28,0,0,0.5265522599220276
29,1,0,0.6035923957824707
30,1,0,0.6084739565849304
31,1,0,0.6659021973609924
