,label,pred,score
0,1,0,0.5126180052757263
1,1,0,0.5490239858627319
2,0,1,0.55078125
3,1,1,0.55078125
4,0,0,0.5490239858627319
5,0,0,0.5490238666534424
6,1,1,0.55078125
7,0,1,0.55078125
8,1,1,0.5409467220306396
9,1,0,0.5490239858627319
10,0,0,0.5490239858627319
11,0,0,0.5490239858627319
12,1,1,0.5276336073875427
13,1,0,0.5490239858627319
14,0,0,0.5490239858627319
15,1,0,0.5490239858627319
16,0,0,0.5490239858627319
17,1,0,0.5490239858627319
18,0,0,0.5490239858627319
19,0,0,0.5490239858627319
20,0,0,0.5490239858627319
21,1,1,0.5409467220306396
22,1,1,0.5409467220306396
23,1,1,0.5409467220306396
24,1,1,0.5390662550926208
25,1,0,0.5490239858627319
26,1,0,0.5490239858627319
27,0,0,0.5490239858627319
28,1,0,0.5118743181228638
29,1,0,0.5011438131332397
30,0,0,0.5490239858627319
31,0,0,0.5490239858627319
32,1,0,0.5490239858627319
33,1,1,0.55078125
34,1,0,0.5209852457046509
35,0,0,0.5490239858627319
36,0,1,0.5215469002723694
37,0,0,0.5490239858627319
38,1,1,0.522402286529541
39,0,0,0.5490239858627319
40,0,0,0.5490239858627319
41,0,0,0.5490239858627319
42,0,0,0.5490239858627319
43,1,0,0.5490239858627319
44,1,0,0.5046131610870361
45,0,1,0.5390662550926208
46,1,0,0.5490239858627319
47,0,0,0.5490239858627319
48,0,0,0.5490239858627319
49,1,0,0.5490239858627319
50,1,0,0.5011438131332397
51,0,0,0.5490239858627319
52,0,1,0.5031145215034485
53,0,0,0.5490239858627319
54,0,0,0.5490239858627319
55,1,1,0.5606273412704468
56,0,0,0.5490239858627319
57,1,0,0.5011438131332397
58,0,0,0.5490239858627319
59,1,0,0.5490239858627319
60,0,0,0.5125803351402283
61,0,0,0.5490239858627319
62,0,0,0.5490239858627319
63,1,0,0.513547956943512
64,1,0,0.5126180052757263
65,1,0,0.5490238666534424
66,0,0,0.5490239858627319
67,0,0,0.5490239858627319
68,1,1,0.5276268720626831
69,0,0,0.5490239858627319
70,1,0,0.5490239858627319
71,1,1,0.5390662550926208
72,1,0,0.5490239858627319
73,0,0,0.5490239858627319
74,1,0,0.5490239858627319
75,0,0,0.5490239858627319
76,1,0,0.5490239858627319
77,0,0,0.5490239858627319
