,label,pred,score
0,0,0,0.5335258841514587
1,0,0,0.5335258841514587
2,1,0,0.546923041343689
3,1,0,0.5335258841514587
4,0,0,0.5335258841514587
5,0,0,0.5335258841514587
6,0,0,0.5335258841514587
7,1,0,0.5335258841514587
8,1,0,0.5984915494918823
9,0,0,0.7732070088386536
10,1,0,0.5335258841514587
11,1,0,0.5984915494918823
12,0,0,0.5335258841514587
13,0,0,0.5335258841514587
14,1,0,0.7016546130180359
15,0,0,0.5335263609886169
16,1,0,0.7732070088386536
17,1,0,0.5335258841514587
18,0,0,0.5335258841514587
19,0,0,0.5335258841514587
20,0,0,0.5335258841514587
21,1,1,0.5067017078399658
22,0,0,0.5335258841514587
23,1,0,0.5517961978912354
24,0,0,0.5335258841514587
25,0,0,0.5335258841514587
26,0,0,0.5335258841514587
27,1,0,0.6264324188232422
28,0,0,0.5657331347465515
29,0,0,0.5335258841514587
30,1,1,0.5067017078399658
31,1,0,0.5767545104026794
32,1,0,0.5805670022964478
33,0,0,0.5584545731544495
34,0,0,0.5335258841514587
35,1,1,0.5067017078399658
36,1,0,0.5335258841514587
37,1,0,0.5335258841514587
38,0,0,0.5335258841514587
39,1,0,0.5984915494918823
40,0,0,0.5335258841514587
41,1,0,0.5335258841514587
42,0,0,0.5335258841514587
43,1,0,0.7732070684432983
44,1,0,0.5335258841514587
45,1,0,0.575801432132721
46,1,0,0.575801432132721
47,0,0,0.5335258841514587
48,0,0,0.5335258841514587
49,1,0,0.5335258841514587
50,0,0,0.5661682486534119
51,0,0,0.575801432132721
52,0,0,0.5335258841514587
53,0,0,0.5335258841514587
54,1,0,0.5767545104026794
55,1,0,0.5335258841514587
56,0,0,0.575801432132721
57,1,0,0.5335258841514587
58,1,0,0.5335258841514587
59,0,0,0.5335258841514587
60,0,0,0.5335258841514587
61,0,0,0.5335258841514587
62,0,0,0.5335258841514587
63,1,0,0.5335258841514587
64,1,0,0.5335258841514587
65,1,0,0.5335258841514587
66,1,0,0.6153402924537659
67,1,0,0.6452785134315491
68,1,0,0.575801432132721
69,0,0,0.5335258841514587
70,1,0,0.5335258841514587
71,0,0,0.5335258841514587
72,1,0,0.5335263609886169
73,0,0,0.5335258841514587
74,0,0,0.5335258841514587
75,0,0,0.5335258841514587
76,1,1,0.5067017078399658
77,1,0,0.6192309856414795
