,label,pred,score
0,1,1,0.5000610947608948
1,0,1,0.5000610947608948
2,0,1,0.5000610947608948
3,1,1,0.5000610947608948
4,1,1,0.5000610947608948
5,1,1,0.5000610947608948
6,0,1,0.5000610947608948
7,0,1,0.5000610947608948
8,1,1,0.5000610947608948
9,0,1,0.5000610947608948
10,1,1,0.5000610947608948
11,0,1,0.5000610947608948
12,1,1,0.5000610947608948
13,1,1,0.5000610947608948
14,0,1,0.5000610947608948
15,0,1,0.5000610947608948
16,0,1,0.5000610947608948
17,1,1,0.5000610947608948
18,0,1,0.5000610947608948
19,1,1,0.5000610947608948
