,label,pred,score
0,1,1,0.8155591487884521
1,1,1,0.5500800013542175
2,1,1,0.550385057926178
3,1,0,0.8057253360748291
4,1,1,0.8093861937522888
5,0,1,0.7419386506080627
6,0,1,0.8155115842819214
7,0,0,0.5152576565742493
8,1,1,0.5899695158004761
9,0,1,0.5889161825180054
10,0,1,0.720893144607544
11,1,1,0.7208932638168335
12,1,1,0.5500805377960205
13,0,1,0.7802514433860779
14,0,1,0.5970203876495361
15,0,0,0.7999147176742554
16,1,0,0.7978152632713318
17,1,1,0.5449537634849548
18,1,0,0.7481281757354736
19,1,1,0.7807673215866089
20,0,1,0.5506892800331116
21,1,1,0.720893144607544
22,0,1,0.8415163159370422
23,1,1,0.5673193335533142
24,0,0,0.8051517009735107
25,1,1,0.5391077399253845
26,1,1,0.5753642320632935
27,0,1,0.676382839679718
28,0,0,0.7986270785331726
29,0,1,0.5185250639915466
30,0,0,0.5366581082344055
31,0,0,0.6946197152137756
