,label,pred,score
0,1,0,0.5617073774337769
1,1,1,0.6626254320144653
2,0,1,0.6347538828849792
3,1,0,0.5617073774337769
4,1,0,0.5617073774337769
5,0,0,0.5617073774337769
6,1,0,0.5617073774337769
7,1,0,0.5617073774337769
8,0,0,0.5617073774337769
9,1,1,0.755250871181488
10,0,1,0.6834343671798706
11,0,0,0.5617073774337769
12,1,0,0.5617073774337769
13,0,0,0.5617073774337769
14,0,0,0.5617073774337769
15,1,0,0.5617073774337769
16,1,0,0.5617073774337769
17,0,0,0.5617073774337769
18,1,0,0.5617073774337769
19,1,1,0.6626254320144653
20,0,0,0.5617073774337769
21,0,1,0.620543897151947
22,0,1,0.7311262488365173
23,0,0,0.5617073774337769
24,1,0,0.5617073774337769
25,1,0,0.5617073774337769
26,0,0,0.5617073774337769
27,1,1,0.7558754682540894
28,0,1,0.7216922044754028
29,0,1,0.6626254320144653
30,1,1,0.6347538828849792
31,0,0,0.5617073774337769
