,label,pred,score
0,0,0,0.5700737237930298
1,0,0,0.570073664188385
2,1,1,0.7126665711402893
3,0,0,0.570073664188385
4,1,0,0.570073664188385
5,1,1,0.7126665711402893
6,0,0,0.5700737237930298
7,0,1,0.7126665711402893
8,0,1,0.7191603779792786
9,1,0,0.5700737237930298
10,1,0,0.570073664188385
11,0,1,0.7350900769233704
12,1,0,0.570073664188385
13,0,0,0.570073664188385
14,0,0,0.570073664188385
15,0,1,0.7344005107879639
16,0,1,0.7071458101272583
17,1,0,0.5700735449790955
18,1,0,0.570073664188385
19,1,1,0.7071458101272583
20,1,0,0.5700735449790955
21,1,0,0.570073664188385
22,1,0,0.5700737237930298
23,0,0,0.5700737237930298
24,1,0,0.570073664188385
25,1,1,0.7199280858039856
26,0,0,0.570073664188385
27,1,1,0.7636914849281311
28,0,0,0.5700737237930298
29,0,0,0.5700737237930298
30,0,1,0.7190951108932495
31,1,0,0.570073664188385
