,label,pred,score
0,1,0,0.5894858241081238
1,1,1,0.613755464553833
2,0,1,0.6046053767204285
3,1,0,0.5894858241081238
4,1,1,0.5901039242744446
5,1,1,0.5892331600189209
6,0,0,0.5894858241081238
7,0,1,0.6539785861968994
8,0,0,0.5894858241081238
9,0,1,0.601658821105957
10,1,0,0.5894858241081238
11,1,0,0.5894858241081238
12,0,1,0.5735325813293457
13,1,0,0.5894858241081238
14,0,1,0.5892331600189209
15,0,0,0.5894858241081238
16,0,0,0.5894858241081238
17,1,0,0.5894858241081238
18,0,1,0.5901039242744446
19,0,0,0.5894858241081238
20,1,0,0.5894858241081238
21,1,0,0.5894858241081238
22,0,0,0.5894858241081238
23,0,0,0.5894858241081238
24,1,1,0.6536828875541687
25,0,0,0.5894858241081238
26,1,0,0.5894858241081238
27,0,0,0.5894858241081238
28,1,1,0.5901039242744446
29,1,0,0.5894858241081238
30,1,0,0.5894858241081238
31,0,0,0.5894858241081238
