,label,pred,score
0,1,0,0.6175006031990051
1,1,0,0.6175006031990051
2,0,0,0.6277925968170166
3,1,0,0.7089906930923462
4,1,0,0.7089906930923462
5,0,0,0.7089906930923462
6,1,0,0.7089906930923462
7,0,0,0.6180330514907837
8,0,0,0.7089906930923462
9,0,0,0.7089906930923462
10,1,0,0.6422054171562195
11,0,0,0.7089906930923462
12,0,0,0.7089906930923462
13,0,0,0.6175006031990051
14,1,0,0.7089906930923462
15,1,0,0.7089906930923462
16,0,0,0.7089906930923462
17,0,0,0.7089906930923462
18,1,0,0.7089906930923462
19,1,0,0.7089906930923462
20,0,0,0.6422054171562195
21,1,0,0.7089906930923462
22,1,0,0.5384783148765564
23,0,0,0.7089906930923462
24,0,1,0.5406976342201233
25,1,0,0.7089906930923462
26,0,0,0.6255894899368286
27,1,0,0.7089906930923462
28,1,1,0.5035435557365417
29,1,0,0.7089906930923462
30,0,0,0.7089906930923462
31,0,0,0.7089906930923462
