,label,pred,score
0,1,0,0.6579578518867493
1,0,0,0.6579578518867493
2,1,0,0.5287283062934875
3,0,0,0.6579578518867493
4,1,0,0.6579578518867493
5,0,0,0.6579578518867493
6,1,1,0.5004940629005432
7,0,0,0.6579578518867493
8,1,1,0.5323437452316284
9,0,0,0.6579578518867493
10,1,0,0.6579578518867493
11,0,0,0.5287283062934875
12,0,0,0.6579578518867493
13,0,0,0.6579578518867493
14,0,1,0.5191464424133301
15,1,0,0.6579578518867493
16,1,0,0.6579578518867493
17,1,0,0.6579578518867493
18,1,0,0.5460177063941956
19,0,0,0.5460177063941956
20,1,0,0.6579578518867493
21,0,0,0.5484850406646729
22,0,0,0.5231865644454956
23,1,0,0.6579578518867493
24,1,0,0.6579578518867493
25,0,0,0.6579578518867493
26,0,0,0.5268160104751587
27,1,0,0.5460177063941956
28,0,0,0.6579578518867493
29,0,0,0.6579578518867493
30,1,0,0.6579578518867493
31,1,0,0.6579578518867493
