,label,pred,score
0,0,1,0.5675265192985535
1,1,1,0.5795397162437439
2,1,0,0.532012939453125
3,0,0,0.532012939453125
4,1,0,0.5690690875053406
5,0,0,0.5690690875053406
6,1,1,0.7178099155426025
7,0,0,0.532012939453125
8,0,0,0.532012939453125
9,1,0,0.532012939453125
10,0,0,0.532012939453125
11,0,0,0.532012939453125
12,1,0,0.532012939453125
13,1,0,0.532012939453125
14,1,0,0.532012939453125
15,0,0,0.532012939453125
16,1,0,0.532012939453125
17,0,0,0.532012939453125
18,0,0,0.532012939453125
19,1,1,0.5816527605056763
20,1,1,0.5795397162437439
21,0,0,0.532012939453125
22,1,0,0.532012939453125
23,1,0,0.5586526393890381
24,1,1,0.5827849507331848
25,1,1,0.7429638504981995
26,0,0,0.532012939453125
27,1,0,0.532012939453125
28,0,0,0.532012939453125
29,0,0,0.532012939453125
30,1,1,0.7605777382850647
31,0,0,0.5690690875053406
32,1,1,0.5675265192985535
33,1,1,0.5638033747673035
34,1,0,0.532012939453125
35,1,1,0.6452987194061279
36,0,0,0.532012939453125
37,0,0,0.532012939453125
38,0,0,0.532012939453125
39,1,0,0.532012939453125
40,0,0,0.532012939453125
41,1,0,0.532012939453125
42,0,0,0.532012939453125
43,0,0,0.532012939453125
44,1,0,0.532012939453125
45,0,0,0.532012939453125
46,0,0,0.532012939453125
47,1,1,0.7605777382850647
48,0,0,0.532012939453125
49,1,0,0.532012939453125
50,0,0,0.532012939453125
51,1,0,0.532012939453125
52,0,0,0.532012939453125
53,1,0,0.532012939453125
54,1,1,0.637234091758728
55,0,0,0.532012939453125
56,0,0,0.532012939453125
57,1,0,0.532012939453125
58,0,1,0.6463220715522766
59,1,0,0.5690690875053406
60,0,1,0.5802505016326904
61,0,0,0.532012939453125
62,1,1,0.7154316306114197
63,1,1,0.7605777382850647
64,0,0,0.532012939453125
65,1,1,0.7605777382850647
66,1,1,0.5795397162437439
67,0,0,0.532012939453125
68,1,0,0.5690690875053406
69,1,1,0.5675265192985535
70,1,1,0.6452987194061279
71,1,0,0.532012939453125
72,0,0,0.532012939453125
73,0,0,0.532012939453125
74,0,1,0.7032695412635803
75,0,0,0.532012939453125
76,0,0,0.532012939453125
77,0,0,0.532012939453125
