,label,pred,score
0,1,1,0.5000405311584473
1,1,1,0.5000405311584473
2,0,1,0.5000405311584473
3,0,1,0.5000405311584473
4,1,1,0.5000405311584473
5,1,1,0.5000405311584473
6,1,1,0.5000405311584473
7,1,1,0.5000405311584473
8,1,1,0.5000405311584473
9,1,1,0.5000405311584473
10,0,1,0.5000405311584473
11,1,1,0.5000405311584473
12,0,1,0.5000405311584473
13,0,1,0.5000405311584473
14,0,1,0.5000405311584473
15,0,1,0.5000405311584473
16,0,1,0.5000405311584473
17,1,1,0.5000405311584473
18,0,1,0.5000405311584473
19,0,1,0.5000405311584473
