,label,pred,score
0,1,1,0.5214395523071289
1,1,1,0.5727368593215942
2,1,1,0.5791497826576233
3,1,1,0.5775021314620972
4,0,1,0.5214395523071289
5,1,1,0.595739483833313
6,0,1,0.5869133472442627
7,1,1,0.595739483833313
8,1,1,0.5214395523071289
9,0,1,0.5791497826576233
10,0,1,0.5945997834205627
11,1,1,0.5214395523071289
12,0,1,0.6135357618331909
13,1,1,0.5214395523071289
14,1,1,0.5978102684020996
15,1,1,0.5214395523071289
16,1,1,0.5978102684020996
17,0,1,0.5214395523071289
18,0,1,0.5214395523071289
19,1,1,0.5214395523071289
20,0,1,0.5945517420768738
21,1,1,0.5214395523071289
22,1,1,0.5214395523071289
23,1,1,0.5214395523071289
24,0,1,0.5214395523071289
25,0,1,0.5214395523071289
26,1,1,0.6031603217124939
27,1,1,0.5214395523071289
28,0,1,0.5214395523071289
29,0,1,0.5214395523071289
30,0,1,0.5214395523071289
31,0,1,0.5692627429962158
32,1,1,0.5214395523071289
33,0,1,0.5214395523071289
34,1,1,0.5214395523071289
35,1,1,0.5214395523071289
36,0,1,0.5214395523071289
37,1,1,0.597453773021698
38,1,1,0.5214395523071289
39,0,1,0.5214395523071289
40,0,1,0.5214395523071289
41,0,1,0.5214395523071289
42,1,1,0.6031603217124939
43,1,1,0.5214395523071289
44,0,1,0.5214395523071289
45,0,1,0.5791497826576233
46,1,1,0.5214395523071289
47,0,1,0.5869133472442627
48,0,1,0.5858275294303894
49,0,1,0.5214395523071289
50,0,1,0.5214395523071289
51,0,1,0.5214395523071289
52,1,1,0.5214487910270691
53,1,1,0.5214395523071289
54,0,1,0.5214395523071289
55,0,1,0.5214395523071289
56,0,1,0.5214395523071289
57,0,1,0.5214395523071289
58,0,1,0.5214395523071289
59,1,1,0.5913718342781067
60,1,1,0.5214395523071289
61,1,1,0.5214395523071289
