,label,pred,score
0,0,0,0.5388412475585938
1,1,0,0.6777717471122742
2,1,1,0.887273907661438
3,0,0,0.5388412475585938
4,1,0,0.5388412475585938
5,0,0,0.5388412475585938
6,1,0,0.5787478685379028
7,0,0,0.5388412475585938
8,1,0,0.5388412475585938
9,1,0,0.5388412475585938
10,0,0,0.5388412475585938
11,0,0,0.5388412475585938
12,0,0,0.5388412475585938
13,1,0,0.6777717471122742
14,1,1,0.9070952534675598
15,1,0,0.5388412475585938
16,0,0,0.5388412475585938
17,1,1,0.8080241680145264
18,0,0,0.5388412475585938
19,0,0,0.5388412475585938
20,0,0,0.5388412475585938
21,0,0,0.5388412475585938
22,0,1,0.6618316769599915
23,0,0,0.5388412475585938
24,1,0,0.5388412475585938
25,1,0,0.5388412475585938
26,0,0,0.5388412475585938
27,1,0,0.5388412475585938
28,1,1,0.5194180607795715
29,1,0,0.5388412475585938
30,1,0,0.5388412475585938
31,1,0,0.5388412475585938
32,1,1,0.6618316769599915
33,1,1,0.887273907661438
34,0,0,0.5388412475585938
35,0,0,0.5388412475585938
36,1,0,0.5388412475585938
37,1,0,0.5388412475585938
38,1,0,0.5388412475585938
39,0,0,0.5388412475585938
40,1,1,0.8080241680145264
41,0,0,0.5388412475585938
42,1,0,0.5388412475585938
43,0,0,0.5388412475585938
44,1,1,0.6618316769599915
45,0,0,0.5388412475585938
46,1,1,0.6282520294189453
47,0,0,0.5388412475585938
48,0,0,0.710505485534668
49,0,0,0.6423614025115967
50,0,0,0.5388412475585938
51,0,1,0.5039718747138977
52,0,0,0.5388412475585938
53,0,0,0.5388412475585938
54,1,1,0.887273907661438
55,1,0,0.561338484287262
56,0,0,0.5388412475585938
57,0,0,0.5388412475585938
58,1,1,0.8080241680145264
59,0,0,0.5388412475585938
60,1,1,0.6230655908584595
61,0,0,0.5388412475585938
62,0,0,0.5388412475585938
63,1,0,0.5388412475585938
64,0,0,0.5388412475585938
65,0,0,0.5388412475585938
66,1,1,0.8080241680145264
67,1,0,0.5388412475585938
68,1,0,0.581138551235199
69,1,0,0.561338484287262
70,1,0,0.5388412475585938
71,0,0,0.5388412475585938
72,0,1,0.6618316769599915
73,0,0,0.6777717471122742
74,1,0,0.5577405691146851
75,1,1,0.6618316769599915
76,1,0,0.7373700737953186
77,0,0,0.5388412475585938
