,label,pred,score
0,1,1,0.5130662322044373
1,0,1,0.5130662322044373
2,0,1,0.5130662322044373
3,1,1,0.5130662322044373
4,1,0,0.5737927556037903
5,1,0,0.5716315507888794
6,0,1,0.5130662322044373
7,0,0,0.5969789028167725
8,1,1,0.5130662322044373
9,0,1,0.5130662322044373
10,0,0,0.5456254482269287
11,1,0,0.5816996097564697
12,0,1,0.5130662322044373
13,0,0,0.5737927556037903
14,0,0,0.5712234973907471
15,0,1,0.5130662322044373
16,0,1,0.5130662322044373
17,1,1,0.5130662322044373
18,0,0,0.5969789028167725
19,1,1,0.5130662322044373
20,1,1,0.5130662322044373
21,1,1,0.5130662322044373
22,0,1,0.5130662322044373
23,1,1,0.5130662322044373
24,1,1,0.5130662322044373
25,1,1,0.5130662322044373
26,0,1,0.5130662322044373
27,1,1,0.5130662322044373
28,1,1,0.5130662322044373
29,1,0,0.5683549642562866
30,0,1,0.5130662322044373
31,0,1,0.5130662322044373
32,0,0,0.5490280985832214
33,0,1,0.5130662322044373
34,0,1,0.5130662322044373
35,1,0,0.5816996097564697
36,1,1,0.5130662322044373
37,1,1,0.5130662322044373
38,1,0,0.5902408361434937
39,1,1,0.5130662322044373
40,0,0,0.5488173365592957
41,0,0,0.5737927556037903
42,0,1,0.5130662322044373
43,1,1,0.5130662322044373
44,0,1,0.5130662322044373
45,0,1,0.5130662322044373
46,1,0,0.5735623836517334
47,1,0,0.5519641041755676
48,0,1,0.5130662322044373
49,1,1,0.5130662322044373
50,1,1,0.5130662322044373
51,0,1,0.5130662322044373
52,0,1,0.5130662322044373
53,0,1,0.5130662322044373
54,0,1,0.5130662322044373
55,1,0,0.5519641041755676
56,0,1,0.5130662322044373
57,1,0,0.588483452796936
58,0,0,0.5859585404396057
59,1,1,0.5130662322044373
60,1,1,0.5130662322044373
61,1,0,0.588483452796936
