,label,pred,score
0,1,0,0.5000032782554626
1,0,0,0.5000032782554626
2,0,0,0.5000032782554626
3,1,0,0.5000032782554626
4,0,0,0.5000032782554626
5,1,0,0.5000032782554626
6,1,0,0.5000032782554626
7,1,0,0.5000032782554626
8,1,0,0.5000032782554626
9,0,0,0.5000032782554626
10,1,0,0.5000032782554626
11,0,0,0.5000032782554626
12,1,0,0.5000032782554626
13,1,0,0.5000032782554626
14,1,0,0.5000032782554626
15,0,0,0.5000032782554626
16,0,0,0.5000032782554626
17,0,0,0.5000032782554626
18,0,0,0.5000032782554626
19,0,0,0.5000032782554626
