,label,pred,score
0,1,1,0.5255555510520935
1,1,0,0.526380717754364
2,0,1,0.5130380988121033
3,1,1,0.5365155339241028
4,1,1,0.5130380988121033
5,0,1,0.515977144241333
6,1,0,0.526380717754364
7,1,0,0.526380717754364
8,0,0,0.526380717754364
9,0,0,0.526380717754364
10,1,0,0.526380717754364
11,1,0,0.526380717754364
12,0,0,0.526380717754364
13,1,0,0.526380717754364
14,1,0,0.526380717754364
15,0,1,0.5257558822631836
16,1,0,0.526380717754364
17,0,1,0.5131244659423828
18,0,0,0.526380717754364
19,1,0,0.526380717754364
20,1,1,0.5130380988121033
21,0,0,0.526380717754364
22,1,0,0.526380717754364
23,0,0,0.526380717754364
24,1,1,0.5099186301231384
25,0,0,0.526380717754364
26,0,0,0.526380717754364
27,1,0,0.526380717754364
28,0,1,0.5091659426689148
29,0,0,0.526380717754364
30,0,0,0.526380717754364
31,0,1,0.5099186301231384
