,label,pred,score
0,0,0,0.5096167922019958
1,0,0,0.5096167922019958
2,1,0,0.5096167922019958
3,1,0,0.6553424000740051
4,0,0,0.5096167922019958
5,1,0,0.5096167922019958
6,0,0,0.5096167922019958
7,0,0,0.5907118320465088
8,0,0,0.5096167922019958
9,0,0,0.6070811152458191
10,1,0,0.5096185207366943
11,0,0,0.5096167922019958
12,0,0,0.5096167922019958
13,0,0,0.5096167922019958
14,1,0,0.5096167922019958
15,1,0,0.6203222870826721
16,1,0,0.5096167922019958
17,0,0,0.5096167922019958
18,1,0,0.5096167922019958
19,1,0,0.5096167922019958
20,1,0,0.6335854530334473
21,1,0,0.5096167922019958
22,1,0,0.5951112508773804
23,0,0,0.6565676927566528
24,1,0,0.5096167922019958
25,1,0,0.6084488034248352
26,1,0,0.5096167922019958
27,0,0,0.6084166765213013
28,1,0,0.5096167922019958
29,1,0,0.5096167922019958
30,0,0,0.6164500713348389
31,0,0,0.5096167922019958
32,1,0,0.5096167922019958
33,0,0,0.5096167922019958
34,1,0,0.6164500713348389
35,1,0,0.5068019032478333
36,1,0,0.5096167922019958
37,1,0,0.5096167922019958
38,0,0,0.5096167922019958
39,1,0,0.5096167922019958
40,0,0,0.5096167922019958
41,0,0,0.6070811152458191
42,0,0,0.5096167922019958
43,0,1,0.5164646506309509
44,0,0,0.6723730564117432
45,0,0,0.5096167922019958
46,0,0,0.5096167922019958
47,1,0,0.6286101341247559
48,1,0,0.5096167922019958
49,1,0,0.5096167922019958
50,0,0,0.5096167922019958
51,0,0,0.5096167922019958
52,1,0,0.6335854530334473
53,0,0,0.5096167922019958
54,1,0,0.5068019032478333
55,1,0,0.6553424000740051
56,1,0,0.5096167922019958
57,0,0,0.5096167922019958
58,1,0,0.5096167922019958
59,0,0,0.6164500713348389
60,0,0,0.5096167922019958
61,0,0,0.5096167922019958
