,label,pred,score
0,1,0,0.5362848043441772
1,1,1,0.5817920565605164
2,0,0,0.5362848043441772
3,1,0,0.5362848043441772
4,1,0,0.5024168491363525
5,1,0,0.5362848043441772
6,1,1,0.511892557144165
7,0,0,0.5362848043441772
8,1,1,0.5104778409004211
9,0,0,0.5362848043441772
10,0,0,0.5362848043441772
11,0,0,0.5362848043441772
12,0,0,0.5362848043441772
13,1,1,0.523188591003418
14,0,0,0.5362848043441772
15,1,0,0.5362848043441772
16,1,0,0.5362848043441772
17,0,0,0.5362848043441772
18,1,0,0.5362848043441772
19,0,0,0.5362848043441772
20,1,0,0.5024168491363525
21,0,0,0.5362848043441772
22,0,0,0.5362848043441772
23,0,0,0.5362848043441772
24,1,0,0.5362848043441772
25,1,1,0.5086628198623657
26,0,1,0.5338161587715149
27,0,1,0.5139466524124146
28,0,0,0.5362848043441772
29,1,1,0.523188591003418
30,1,1,0.5139466524124146
31,1,1,0.5110999345779419
32,0,0,0.5362848043441772
33,0,0,0.5362848043441772
34,0,0,0.5362848043441772
35,1,0,0.5362848043441772
36,0,0,0.5362848043441772
37,1,1,0.5110999345779419
38,0,1,0.523188591003418
39,0,0,0.5362848043441772
40,0,0,0.5362848043441772
41,1,0,0.5362848043441772
42,1,0,0.5362848043441772
43,1,0,0.509492039680481
44,1,1,0.5110999345779419
45,1,0,0.5362848043441772
46,0,0,0.5362848043441772
47,0,0,0.5362848043441772
48,0,0,0.5362848043441772
49,1,0,0.5006446838378906
50,0,0,0.5362848043441772
51,1,1,0.5139466524124146
52,1,0,0.5029811263084412
53,1,0,0.5362848043441772
54,1,0,0.5024168491363525
55,1,0,0.5054522752761841
56,0,0,0.5141650438308716
57,0,1,0.5139466524124146
58,0,0,0.5362848043441772
59,0,0,0.5362848043441772
60,1,0,0.5362848043441772
61,1,0,0.5024168491363525
62,1,0,0.5362848043441772
63,0,0,0.5362848043441772
64,1,0,0.5362848043441772
65,1,0,0.5054522752761841
66,0,0,0.5087118744850159
67,1,1,0.5120244026184082
68,0,0,0.5362848043441772
69,1,0,0.5362848043441772
70,0,0,0.5362848043441772
71,0,0,0.5362848043441772
72,1,1,0.5139466524124146
73,0,0,0.5362848043441772
74,0,0,0.5362848043441772
75,0,0,0.5362848043441772
76,0,0,0.5362848043441772
77,1,0,0.5362848043441772
