,label,pred,score
0,1,0,0.500135064125061
1,1,0,0.500135064125061
2,0,0,0.500135064125061
3,0,0,0.500135064125061
4,1,0,0.500135064125061
5,1,0,0.500135064125061
6,0,0,0.500135064125061
7,0,0,0.500135064125061
8,0,0,0.500135064125061
9,0,0,0.500135064125061
10,1,0,0.500135064125061
11,1,0,0.500135064125061
12,0,0,0.500135064125061
13,0,0,0.500135064125061
14,0,0,0.500135064125061
15,1,0,0.500135064125061
16,0,0,0.500135064125061
17,1,0,0.500135064125061
18,1,0,0.500135064125061
19,1,0,0.500135064125061
