,label,pred,score
0,0,0,0.9925755262374878
1,0,0,0.9917073845863342
2,0,1,0.562026858329773
3,0,1,0.9342013597488403
4,0,1,0.9696589708328247
5,0,0,0.9862809181213379
6,1,1,0.9920706152915955
7,0,0,0.9887253642082214
8,1,1,0.986763060092926
9,1,1,0.9890059232711792
10,1,0,0.9884329438209534
11,0,0,0.96566241979599
12,0,0,0.9968788623809814
13,1,1,0.9768397212028503
14,1,1,0.9958910942077637
15,1,1,0.9964389801025391
16,1,0,0.9963492155075073
17,1,1,0.8535537719726562
18,0,0,0.9901870489120483
19,1,1,0.9970571994781494
