,label,pred,score
0,1,0,0.6871574521064758
1,0,0,0.6433395147323608
2,0,0,0.6162170171737671
3,0,1,0.5503875017166138
4,0,0,0.6710295677185059
5,0,0,0.5493071675300598
6,0,1,0.636374294757843
7,0,0,0.5532967448234558
8,1,0,0.756244957447052
9,0,0,0.6689138412475586
10,1,1,0.6878352165222168
11,1,0,0.8043621778488159
12,1,0,0.5313972234725952
13,1,0,0.6424341201782227
14,1,0,0.7912372350692749
15,1,1,0.6305127739906311
16,0,0,0.5221843123435974
17,0,0,0.5687161684036255
18,0,0,0.7420163750648499
19,0,1,0.5861102342605591
20,0,1,0.6448816061019897
21,0,0,0.5396947860717773
22,0,0,0.6077856421470642
23,1,0,0.614375114440918
24,0,1,0.5530285239219666
25,1,1,0.5877545475959778
26,0,1,0.5657507181167603
27,0,1,0.5456641912460327
28,0,0,0.8150030374526978
29,0,1,0.6825746297836304
30,0,0,0.6509901285171509
31,0,0,0.6353663802146912
32,0,1,0.8138765692710876
33,1,1,0.787673830986023
34,1,1,0.7487599849700928
35,1,1,0.6673430800437927
36,1,0,0.662530243396759
37,0,0,0.5415751338005066
38,0,0,0.6750105023384094
39,0,0,0.626624584197998
40,1,0,0.5199567079544067
41,1,1,0.603870689868927
42,1,1,0.648443341255188
43,1,0,0.5276400446891785
44,0,0,0.7135439515113831
45,1,0,0.5108053088188171
46,0,0,0.5855841636657715
47,1,0,0.6490796208381653
48,1,0,0.6413300633430481
49,0,0,0.7079110145568848
50,1,0,0.5517475605010986
51,1,1,0.5548649430274963
52,1,1,0.5927836298942566
53,1,1,0.789249062538147
54,1,0,0.7971469759941101
55,1,1,0.9542655944824219
56,1,1,0.5412555932998657
57,0,1,0.7478033900260925
58,1,1,0.9449715614318848
59,1,1,0.5015584826469421
60,1,1,0.7435048818588257
61,0,1,0.5512606501579285
