,label,pred,score
0,1,1,0.9696915745735168
1,1,1,0.9964595437049866
2,1,1,0.9968284964561462
3,0,0,0.9997367262840271
4,1,1,0.9147859215736389
5,1,1,0.9976919889450073
6,0,0,0.9985995888710022
7,1,0,0.8967389464378357
8,1,1,0.9987152814865112
9,1,1,0.5193772315979004
10,1,1,0.563899040222168
11,0,1,0.6488896608352661
12,1,1,0.9971377849578857
13,1,1,0.9982106685638428
14,0,0,0.9996269941329956
15,0,0,0.9989985823631287
16,0,0,0.9941747784614563
17,1,0,0.9867227673530579
18,0,0,0.9989129304885864
19,1,1,0.99540776014328
20,0,0,0.8426018953323364
21,1,1,0.99308842420578
22,0,0,0.9695484638214111
23,1,1,0.9933732748031616
24,0,0,0.9996095299720764
25,0,0,0.998658299446106
26,1,1,0.9982641339302063
27,0,1,0.9808405041694641
28,1,1,0.9859812259674072
29,0,0,0.9996709823608398
30,0,0,0.9725890755653381
31,1,0,0.9924412965774536
32,0,1,0.7338358163833618
33,0,0,0.9994032382965088
34,1,1,0.9992176294326782
35,0,0,0.9981300234794617
36,1,0,0.9738970994949341
37,0,1,0.9834185242652893
38,1,1,0.9901110529899597
39,1,1,0.994196891784668
40,0,0,0.9817162156105042
41,1,1,0.801823079586029
42,1,1,0.9988573789596558
43,0,0,0.9997046589851379
44,1,1,0.9986109733581543
45,1,1,0.9990971088409424
46,0,0,0.997026264667511
47,1,1,0.9970508813858032
48,0,0,0.9995081424713135
49,1,1,0.9980918765068054
50,0,0,0.9976474642753601
51,0,0,0.9931208491325378
52,0,0,0.9995580315589905
53,1,1,0.9736301898956299
54,1,1,0.9876055717468262
55,1,0,0.8690364360809326
56,0,0,0.9992501139640808
57,0,0,0.9994989633560181
58,0,0,0.9988906979560852
59,0,0,0.9990390539169312
60,0,0,0.9996473789215088
61,0,0,0.9159994125366211
