,label,pred,score
0,0,0,0.8853957653045654
1,0,0,0.985175609588623
2,1,1,0.9981215596199036
3,1,1,0.985063910484314
4,1,1,0.9968273043632507
5,0,1,0.9856599569320679
6,1,1,0.985939621925354
7,1,1,0.6722538471221924
8,1,1,0.9983488321304321
9,1,1,0.9953188300132751
10,1,1,0.5955492854118347
11,0,1,0.9828377962112427
12,1,1,0.9984531402587891
13,1,0,0.8302828073501587
14,0,0,0.9958122372627258
15,0,1,0.9928110241889954
16,1,1,0.9958966970443726
17,1,1,0.9987075328826904
18,1,1,0.9949690699577332
19,1,1,0.9985342025756836
20,1,1,0.9638330340385437
21,1,1,0.8306236863136292
22,1,1,0.991355836391449
23,1,0,0.9391347765922546
24,1,1,0.8576465845108032
25,1,1,0.879559338092804
26,1,1,0.9631571769714355
27,1,1,0.9812204837799072
28,0,0,0.9985727071762085
29,1,0,0.6230068802833557
30,0,0,0.9866878390312195
31,0,0,0.9979000091552734
32,0,0,0.9875242710113525
33,1,1,0.9839052557945251
34,1,1,0.9980226755142212
35,0,1,0.9978260397911072
36,0,0,0.9991681575775146
37,0,0,0.9992451667785645
38,0,1,0.997620165348053
39,0,0,0.9990934133529663
40,1,0,0.9338949918746948
41,0,0,0.9992567896842957
42,0,0,0.9989563226699829
43,0,0,0.9909971952438354
44,1,1,0.9901505708694458
45,0,0,0.9992233514785767
46,0,0,0.9987310767173767
47,0,0,0.9702446460723877
48,1,1,0.9986962676048279
49,0,1,0.9939510822296143
50,0,0,0.9382987022399902
51,0,0,0.9988539218902588
52,0,0,0.9992103576660156
53,0,0,0.9991920590400696
54,1,1,0.9968183040618896
55,0,0,0.6733788847923279
56,0,0,0.9991592168807983
57,1,1,0.9610500335693359
58,0,0,0.9944674968719482
59,0,0,0.9970421195030212
60,1,1,0.9951181411743164
61,1,0,0.6258864998817444
62,0,0,0.999218225479126
63,1,1,0.9981656670570374
64,0,0,0.9986097812652588
65,0,0,0.9990760087966919
66,1,1,0.983578085899353
67,0,0,0.6102168560028076
68,0,0,0.9988319277763367
69,0,0,0.9991914629936218
70,0,0,0.9987887740135193
71,1,0,0.9926807284355164
72,1,1,0.9971086382865906
73,1,1,0.999208390712738
74,1,0,0.8952705264091492
75,1,1,0.9988665580749512
76,0,0,0.9598227739334106
77,0,0,0.9991924166679382
