,label,pred,score
0,0,0,0.8796741366386414
1,1,1,0.8468688130378723
2,1,1,0.8874752521514893
3,1,1,0.7788102030754089
4,0,1,0.9726294279098511
5,1,1,0.903411328792572
6,1,1,0.9114423394203186
7,1,0,0.8479737043380737
8,1,1,0.9772781729698181
9,1,1,0.9774617552757263
10,1,1,0.8776967525482178
11,0,0,0.918630838394165
12,0,0,0.922065794467926
13,0,0,0.9759600758552551
14,0,1,0.8413090109825134
15,0,0,0.9453660249710083
16,1,1,0.7816747426986694
17,0,0,0.9727783203125
18,0,0,0.9614033102989197
19,0,1,0.9393740892410278
20,0,0,0.9783863425254822
21,1,1,0.9229180812835693
22,1,1,0.6761929988861084
23,0,0,0.9131786823272705
24,1,1,0.9464169144630432
25,0,0,0.9069281816482544
26,0,0,0.886466920375824
27,0,0,0.504031240940094
28,1,1,0.946965754032135
29,0,1,0.9453815817832947
30,1,1,0.8129215836524963
31,1,1,0.7639757990837097
