,label,pred,score
0,0,0,0.9551935195922852
1,0,0,0.8882840275764465
2,1,1,0.9625280499458313
3,0,0,0.9892446994781494
4,0,0,0.9882667660713196
5,1,1,0.9832404255867004
6,0,0,0.9628011584281921
7,0,1,0.8611276745796204
8,0,0,0.9555724263191223
9,1,1,0.8505262136459351
10,1,1,0.9255450367927551
11,1,1,0.8788335919380188
12,0,0,0.9643651247024536
13,0,1,0.9686719179153442
14,1,1,0.9766913056373596
15,1,1,0.7090649604797363
16,0,0,0.7530582547187805
17,1,1,0.9624361395835876
18,0,0,0.9552195072174072
19,1,1,0.9920744895935059
20,0,1,0.9925123453140259
21,1,1,0.9486846327781677
22,1,1,0.9747650623321533
23,0,0,0.9822903275489807
24,0,1,0.9697322845458984
25,1,1,0.9622359871864319
26,1,0,0.6092348098754883
27,0,1,0.5896837711334229
28,0,0,0.9897067546844482
29,1,1,0.9902660250663757
30,1,1,0.9833939671516418
31,1,1,0.9475312829017639
