,label,pred,score
0,1,1,0.593981146812439
1,1,1,0.5866443514823914
2,1,1,0.5883527994155884
3,1,1,0.5415940880775452
4,1,1,0.6031174659729004
5,1,0,0.5390970706939697
6,0,1,0.5189386606216431
7,0,0,0.6498446464538574
8,0,0,0.6617580056190491
9,0,1,0.510604977607727
10,0,1,0.5993881225585938
11,1,1,0.5595606565475464
12,0,0,0.6834157109260559
13,1,1,0.5860600471496582
14,0,0,0.63275545835495
15,0,1,0.515591025352478
16,1,0,0.665837287902832
17,0,1,0.618209183216095
18,1,0,0.5607753992080688
19,0,0,0.537693202495575
