,label,pred,score
0,0,0,0.994631290435791
1,0,0,0.9996737241744995
2,0,0,0.9997972846031189
3,1,1,0.999417781829834
4,1,1,0.9998531341552734
5,1,1,0.9986573457717896
6,0,0,0.9987187385559082
7,0,0,0.9977114200592041
8,1,1,0.9995982050895691
9,0,0,0.5667610764503479
10,1,1,0.9998151659965515
11,1,1,0.9998111128807068
12,1,0,0.998162567615509
13,1,1,0.9998268485069275
14,1,1,0.9998586177825928
15,0,0,0.9985550045967102
16,0,1,0.9997400641441345
17,1,0,0.9872056245803833
18,0,0,0.9993675351142883
19,0,0,0.9989458918571472
20,1,1,0.9998770952224731
21,0,0,0.999727189540863
22,0,0,0.8339407444000244
23,0,0,0.9997901320457458
24,1,1,0.9998536109924316
25,0,0,0.9996873140335083
26,1,1,0.9997993111610413
27,1,1,0.9955033659934998
28,0,1,0.5526240468025208
29,1,1,0.9964072108268738
30,1,1,0.9228900074958801
31,1,1,0.9998260140419006
32,0,0,0.9373860955238342
33,1,1,0.9833458662033081
34,0,0,0.6452128887176514
35,1,1,0.9998621940612793
36,0,0,0.9998505115509033
37,1,1,0.999656081199646
38,1,1,0.9988101720809937
39,0,0,0.9996032118797302
40,1,1,0.9996596574783325
41,0,1,0.9311561584472656
42,0,1,0.9998517036437988
43,0,0,0.7704530358314514
44,0,0,0.9998877048492432
45,0,0,0.999789297580719
46,1,1,0.705745279788971
47,1,1,0.9519116282463074
48,1,1,0.9996985197067261
49,0,1,0.9998037219047546
50,0,1,0.9973740577697754
51,0,1,0.9997584223747253
52,0,0,0.9992745518684387
53,0,0,0.9975374937057495
54,0,1,0.97930908203125
55,1,1,0.9996644258499146
56,1,1,0.9997733235359192
57,1,1,0.9998537302017212
58,1,1,0.9996631145477295
59,0,1,0.9982819557189941
60,1,1,0.9998522996902466
61,1,1,0.9965217113494873
62,1,1,0.9994146823883057
63,0,0,0.999168872833252
64,0,0,0.9988608360290527
65,0,0,0.792323887348175
66,0,0,0.9990271329879761
67,1,1,0.9948837161064148
68,0,0,0.9994409680366516
69,1,1,0.9998481273651123
70,1,1,0.9986262321472168
71,1,1,0.9998053908348083
72,1,1,0.7518417239189148
73,0,0,0.9996024966239929
74,1,1,0.9998692274093628
75,0,0,0.9992122650146484
76,0,0,0.9996471405029297
77,1,1,0.5987471342086792
