,label,pred,score
0,1,1,0.9139466285705566
1,1,1,0.9602674245834351
2,0,0,0.9931208491325378
3,0,0,0.84211665391922
4,0,0,0.9945898056030273
5,1,1,0.9802265167236328
6,1,1,0.9915987253189087
7,1,1,0.9508525133132935
8,1,1,0.9612651467323303
9,1,1,0.5981841683387756
10,1,0,0.9185986518859863
11,1,1,0.8069320321083069
12,1,1,0.99290531873703
13,0,1,0.737861156463623
14,0,0,0.9701884984970093
15,0,0,0.9919392466545105
16,1,1,0.9865055680274963
17,1,0,0.9281333088874817
18,1,1,0.97686767578125
19,1,1,0.6627857685089111
20,0,0,0.996569037437439
21,1,0,0.9303361773490906
22,1,1,0.9856030941009521
23,0,0,0.9849868416786194
24,1,1,0.8308031558990479
25,0,0,0.9964540004730225
26,1,1,0.900354266166687
27,0,1,0.5766881108283997
28,0,0,0.9780510663986206
29,1,0,0.6692100763320923
30,1,1,0.9302287101745605
31,1,1,0.9903978109359741
32,1,1,0.8297320604324341
33,0,0,0.9893622994422913
34,1,1,0.9941786527633667
35,0,0,0.9565838575363159
36,0,0,0.9951925277709961
37,0,0,0.9969868063926697
38,1,1,0.9663704037666321
39,0,0,0.9897097945213318
40,0,0,0.8657015562057495
41,0,1,0.7607475519180298
42,0,0,0.9972624778747559
43,1,1,0.9887762665748596
44,0,0,0.9961220622062683
45,1,0,0.7571201324462891
46,1,1,0.9868608117103577
47,0,0,0.9957103729248047
48,1,1,0.9832989573478699
49,0,1,0.8947245478630066
50,0,0,0.9972315430641174
51,0,0,0.9737229943275452
52,1,1,0.7074079513549805
53,0,0,0.994941234588623
54,1,1,0.9840573668479919
55,1,1,0.9152194857597351
56,1,1,0.9580587148666382
57,0,1,0.9759889841079712
58,0,1,0.5767137408256531
59,0,0,0.9959293007850647
60,1,1,0.8778634667396545
61,0,1,0.7519373893737793
62,1,1,0.9801031947135925
63,0,0,0.9952830672264099
64,1,1,0.9630692005157471
65,0,0,0.9970062375068665
66,1,1,0.9927863478660583
67,1,1,0.973588764667511
68,0,0,0.9963588118553162
69,0,0,0.9963749051094055
70,0,1,0.9857161641120911
71,0,0,0.9915348291397095
72,0,0,0.9904981255531311
73,0,0,0.9959027171134949
74,0,1,0.8822904825210571
75,1,1,0.9389141201972961
76,0,0,0.8999624252319336
77,1,1,0.8903250694274902
