,label,pred,score
0,1,0,0.9966509938240051
1,1,1,0.8824315667152405
2,1,0,0.9505357146263123
3,0,0,0.9983119964599609
4,1,1,0.9285538792610168
5,1,0,0.7991036176681519
6,0,0,0.9982870221138
7,1,0,0.9733455181121826
8,1,1,0.9964432120323181
9,1,1,0.9324301481246948
10,1,1,0.7123461961746216
11,0,0,0.9954837560653687
12,1,1,0.9924129843711853
13,1,1,0.9961037635803223
14,0,0,0.9943159222602844
15,0,0,0.9981632828712463
16,0,0,0.9279382228851318
17,1,0,0.9948775768280029
18,0,0,0.9978345036506653
19,1,1,0.9902201294898987
20,0,0,0.9930071830749512
21,1,0,0.959896981716156
22,0,0,0.9956833124160767
23,1,1,0.9957332015037537
24,0,0,0.998497724533081
25,0,0,0.9975284934043884
26,1,1,0.995657205581665
27,0,0,0.985544741153717
28,1,0,0.9650781750679016
29,0,0,0.9981523156166077
30,0,0,0.9966496825218201
31,1,1,0.7521753311157227
32,0,0,0.9935129284858704
33,0,0,0.9975046515464783
34,1,1,0.9536130428314209
35,0,0,0.99783855676651
36,1,0,0.7908856868743896
37,0,0,0.9839757680892944
38,1,0,0.9213659167289734
39,1,0,0.9837889671325684
40,0,0,0.998890221118927
41,1,1,0.9763120412826538
42,1,1,0.9950224161148071
43,0,0,0.9988584518432617
44,1,1,0.9668785333633423
45,1,1,0.9411574602127075
46,0,0,0.9985199570655823
47,1,1,0.9969105124473572
48,0,0,0.9986555576324463
49,1,1,0.9903304576873779
50,0,0,0.9975706934928894
51,0,0,0.9984450936317444
52,0,0,0.997825026512146
53,1,0,0.9974420070648193
54,1,1,0.9867795705795288
55,1,0,0.9827501773834229
56,0,0,0.9943923354148865
57,0,0,0.8989969491958618
58,0,0,0.9916970729827881
59,0,0,0.9986384510993958
60,0,0,0.997424840927124
61,0,1,0.9782541990280151
