,label,pred,score
0,1,0,0.545820951461792
1,1,0,0.6417533159255981
2,1,0,0.5759196877479553
3,0,0,0.6679049134254456
4,1,1,0.519702672958374
5,0,1,0.519702672958374
6,0,1,0.519702672958374
7,1,1,0.519702672958374
8,1,1,0.519702672958374
9,1,1,0.519702672958374
10,0,0,0.545820951461792
11,1,1,0.519702672958374
12,0,0,0.5945045351982117
13,0,1,0.519702672958374
14,1,1,0.519702672958374
15,0,0,0.5171597599983215
16,1,1,0.519702672958374
17,1,1,0.519702672958374
18,0,1,0.519702672958374
19,1,1,0.519702672958374
20,0,1,0.519702672958374
21,0,1,0.519702672958374
22,0,1,0.519702672958374
23,0,1,0.519702672958374
24,1,1,0.519702672958374
25,1,1,0.519702672958374
26,0,1,0.519702672958374
27,0,0,0.5400174260139465
28,0,1,0.519702672958374
29,0,1,0.519702672958374
30,0,1,0.519702672958374
31,0,1,0.519702672958374
32,1,0,0.5759196877479553
33,0,0,0.5400174260139465
34,1,0,0.6883341670036316
35,0,0,0.5505518913269043
36,0,1,0.519702672958374
37,0,1,0.519702672958374
38,0,1,0.519702672958374
39,0,1,0.519702672958374
40,1,0,0.684602677822113
41,1,1,0.519702672958374
42,0,1,0.519702672958374
43,0,0,0.5213510990142822
44,1,1,0.519702672958374
45,1,0,0.6883341670036316
46,1,0,0.5210722088813782
47,1,0,0.5723291635513306
48,0,1,0.519702672958374
49,1,0,0.5705769062042236
50,1,1,0.519702672958374
51,1,1,0.519702672958374
52,0,1,0.519702672958374
53,0,1,0.519702672958374
54,1,1,0.519702672958374
55,1,1,0.519702672958374
56,1,1,0.519702672958374
57,1,1,0.519702672958374
58,1,0,0.6417533159255981
59,0,1,0.519702672958374
60,0,0,0.545820951461792
61,1,1,0.519684910774231
