,label,pred,score
0,1,0,0.5001254677772522
1,1,0,0.5001254677772522
2,0,0,0.5001254677772522
3,1,0,0.5001254677772522
4,0,0,0.5001254677772522
5,0,0,0.5001254677772522
6,1,0,0.5001254677772522
7,1,0,0.5001254677772522
8,0,0,0.5001254677772522
9,1,0,0.5001254677772522
10,0,0,0.5001254677772522
11,0,0,0.5001254677772522
12,1,0,0.5001254677772522
13,0,0,0.5001254677772522
14,1,0,0.5001254677772522
15,0,0,0.5001254677772522
16,1,0,0.5001254677772522
17,0,0,0.5001254677772522
18,0,0,0.5001254677772522
19,1,0,0.5001254677772522
