,label,pred,score
0,0,0,0.5001195669174194
1,1,0,0.5001195669174194
2,0,0,0.5001195669174194
3,0,0,0.5001195669174194
4,0,0,0.5001195669174194
5,1,0,0.5001195669174194
6,0,0,0.5001195669174194
7,1,0,0.5001195669174194
8,0,0,0.5001195669174194
9,1,0,0.5001195669174194
10,0,0,0.5001195669174194
11,0,0,0.5001195669174194
12,1,0,0.5001195669174194
13,1,0,0.5001195669174194
14,1,0,0.5001195669174194
15,0,0,0.5001195669174194
16,1,0,0.5001195669174194
17,1,0,0.5001195669174194
18,1,0,0.5001195669174194
19,0,0,0.5001195669174194
