,label,pred,score
0,1,0,0.5000061392784119
1,0,0,0.5000061392784119
2,0,0,0.5000061392784119
3,1,0,0.5000061392784119
4,1,0,0.5000061392784119
5,0,0,0.5000061392784119
6,0,0,0.5000061392784119
7,0,0,0.5000061392784119
8,0,0,0.5000061392784119
9,0,0,0.5000061392784119
10,1,0,0.5000061392784119
11,1,0,0.5000061392784119
12,0,0,0.5000061392784119
13,1,0,0.5000061392784119
14,1,0,0.5000061392784119
15,1,0,0.5000061392784119
16,1,0,0.5000061392784119
17,0,0,0.5000061392784119
18,1,0,0.5000061392784119
19,0,0,0.5000061392784119
