,label,pred,score
0,1,0,0.5415918827056885
1,0,0,0.5415918827056885
2,1,0,0.5415918827056885
3,0,0,0.5415918827056885
4,1,1,0.5387110710144043
5,1,1,0.8300722241401672
6,0,0,0.5415918827056885
7,0,0,0.5415918827056885
8,0,0,0.5415918827056885
9,0,0,0.5415918827056885
10,0,1,0.630503237247467
11,1,1,0.6734921336174011
12,1,1,0.7571753859519958
13,0,0,0.5415918827056885
14,0,0,0.5415918827056885
15,0,0,0.5415918827056885
16,0,1,0.8045753240585327
17,1,0,0.5415918827056885
18,1,1,0.6662537455558777
19,1,1,0.7032910585403442
20,0,0,0.5415918827056885
21,1,1,0.5387110710144043
22,1,0,0.5415918827056885
23,1,1,0.630503237247467
24,0,0,0.5415918827056885
25,0,0,0.5415918827056885
26,0,0,0.5415918827056885
27,1,0,0.5415918827056885
28,0,0,0.5415918827056885
29,0,0,0.5415918827056885
30,0,0,0.5415918827056885
31,1,1,0.630503237247467
32,1,1,0.7471569180488586
33,0,1,0.7571055889129639
34,1,0,0.5415918827056885
35,0,0,0.5415918827056885
36,0,0,0.5415918827056885
37,0,0,0.5415753126144409
38,1,0,0.5415918827056885
39,0,0,0.5415918827056885
40,0,0,0.5415918827056885
41,1,0,0.5415918827056885
42,1,0,0.5415918827056885
43,1,1,0.5387110710144043
44,0,0,0.5415918827056885
45,0,1,0.6662537455558777
46,1,1,0.641364574432373
47,0,0,0.5415918827056885
48,0,0,0.5415918827056885
49,1,1,0.6413646340370178
50,1,0,0.5415918827056885
51,0,0,0.5415918827056885
52,0,0,0.5415919423103333
53,1,0,0.5415918827056885
54,0,0,0.5415918827056885
55,0,0,0.5415918827056885
56,0,0,0.5415918827056885
57,1,1,0.8272150754928589
58,1,1,0.6734921336174011
59,1,0,0.5415753126144409
60,0,1,0.7269165515899658
61,1,1,0.6156692504882812
62,1,1,0.598180890083313
63,1,1,0.6734921336174011
64,1,0,0.5415918827056885
65,0,0,0.5415918827056885
66,1,1,0.5387110710144043
67,1,0,0.5415918827056885
68,1,0,0.5415918827056885
69,1,1,0.6662537455558777
70,1,0,0.5415918827056885
71,1,0,0.5415918827056885
72,0,0,0.5415918827056885
73,1,1,0.6662537455558777
74,0,1,0.6662537455558777
75,0,0,0.5415918827056885
76,1,1,0.6940522193908691
77,0,0,0.5415918827056885
