,label,pred,score
0,1,1,0.8003740906715393
1,1,0,0.5485765933990479
2,0,0,0.5485770106315613
3,0,0,0.5484173893928528
4,0,1,0.7778189778327942
5,1,0,0.5383462905883789
6,1,0,0.548577070236206
7,0,1,0.7488864660263062
8,0,0,0.5485771298408508
9,1,1,0.7488864660263062
10,1,0,0.548577070236206
11,1,0,0.5485773086547852
12,0,0,0.5485771298408508
13,0,0,0.5485771298408508
14,1,0,0.5485771298408508
15,0,1,0.6926977634429932
16,1,0,0.5485846996307373
17,1,1,0.7778189182281494
18,0,0,0.5485771894454956
19,0,0,0.5485771894454956
20,0,0,0.5485765933990479
21,0,1,0.7708945870399475
22,1,0,0.5485771298408508
23,0,0,0.5489837527275085
24,1,0,0.548575222492218
25,0,1,0.7747176885604858
26,0,0,0.5485771298408508
27,0,1,0.8144890666007996
28,1,1,0.7828211188316345
29,1,0,0.5485767126083374
30,1,1,0.7778189182281494
31,1,0,0.5383462905883789
