,label,pred,score
0,1,0,0.6274993419647217
1,0,0,0.5176079273223877
2,0,0,0.5743627548217773
3,0,0,0.5176079273223877
4,1,0,0.5176079273223877
5,1,0,0.5176076889038086
6,1,0,0.5176079273223877
7,0,0,0.5176079273223877
8,0,0,0.5176079273223877
9,1,0,0.5176079273223877
10,1,0,0.5176079273223877
11,0,0,0.5176079273223877
12,1,0,0.5176079273223877
13,0,0,0.5176079273223877
14,1,0,0.6274993419647217
15,0,0,0.5176079273223877
16,1,0,0.5176079273223877
17,0,0,0.5675113201141357
18,0,0,0.6623244285583496
19,1,0,0.5176079273223877
20,1,0,0.5176079273223877
21,0,0,0.5176079273223877
22,1,0,0.5720663666725159
23,0,0,0.5176079273223877
24,0,0,0.5176079273223877
25,1,0,0.5176079273223877
26,1,0,0.5176079273223877
27,1,0,0.5953059196472168
28,0,0,0.5176079273223877
29,0,0,0.6514989733695984
30,1,0,0.5176079273223877
31,0,0,0.5176079273223877
32,0,0,0.5447235107421875
33,0,0,0.5176079273223877
34,1,0,0.5176079273223877
35,0,0,0.5720663666725159
36,1,0,0.5176079273223877
37,0,0,0.5176079273223877
38,0,0,0.638361930847168
39,1,0,0.6332695484161377
40,1,0,0.5176079273223877
41,1,0,0.6119471788406372
42,1,0,0.5176079273223877
43,0,0,0.5176079273223877
44,0,0,0.5176079273223877
45,1,0,0.5176079273223877
46,0,0,0.5743627548217773
47,0,0,0.5176079273223877
48,0,0,0.5176079273223877
49,1,0,0.6028556823730469
50,0,0,0.5176079273223877
51,1,0,0.5706549286842346
52,1,0,0.5176079273223877
53,1,0,0.5953059196472168
54,1,0,0.5176079273223877
55,0,0,0.5176079273223877
56,0,0,0.5176079273223877
57,1,0,0.5676815509796143
58,1,0,0.6119471788406372
59,0,0,0.5176079273223877
60,0,0,0.5720663666725159
61,1,0,0.5176079273223877
