,label,pred,score
0,0,1,0.514910876750946
1,1,1,0.533610463142395
2,0,1,0.6163464188575745
3,0,1,0.5094356536865234
4,0,1,0.5094356536865234
5,0,1,0.5094356536865234
6,1,1,0.5094356536865234
7,1,1,0.5094356536865234
8,0,1,0.514910876750946
9,0,1,0.5024580359458923
10,0,1,0.5094356536865234
11,0,1,0.5094356536865234
12,0,1,0.5094356536865234
13,0,1,0.5094356536865234
14,1,1,0.5094389319419861
15,1,1,0.5264861583709717
16,1,1,0.533610463142395
17,1,1,0.5094356536865234
18,0,1,0.5094356536865234
19,0,1,0.5094356536865234
20,1,1,0.5094356536865234
21,0,1,0.5094356536865234
22,1,1,0.5066139101982117
23,0,1,0.5094356536865234
24,0,1,0.5094356536865234
25,0,1,0.5094356536865234
26,0,1,0.5094356536865234
27,1,1,0.5094356536865234
28,1,1,0.6253371238708496
29,0,1,0.5094356536865234
30,1,1,0.5185598134994507
31,1,0,0.5311000943183899
32,0,1,0.5094355940818787
33,0,1,0.5094355940818787
34,0,1,0.5092172622680664
35,1,1,0.5094355940818787
36,1,0,0.5311000943183899
37,1,1,0.5094355940818787
38,0,1,0.5094355940818787
39,1,1,0.5094355940818787
40,1,1,0.5094355940818787
41,1,1,0.5094355940818787
42,1,1,0.5618140697479248
43,0,1,0.5094355940818787
44,1,1,0.5094355940818787
45,0,1,0.5094355940818787
46,1,1,0.5094355940818787
47,0,1,0.5218650102615356
48,1,1,0.5094355940818787
49,0,1,0.5162925720214844
50,1,1,0.5094355940818787
51,1,1,0.5094355940818787
52,1,1,0.5094355940818787
53,1,1,0.5094355940818787
54,1,1,0.5092172622680664
55,0,1,0.5094355940818787
56,1,1,0.5094355940818787
57,0,1,0.5092172622680664
58,0,1,0.5094355940818787
59,1,1,0.6253371238708496
60,1,1,0.5094355940818787
61,0,1,0.5339561700820923
