,label,pred,score
0,0,1,0.7143664360046387
1,0,0,0.565625786781311
2,1,1,0.6881747245788574
3,1,1,0.690053403377533
4,1,1,0.7126315236091614
5,1,1,0.6881982088088989
6,0,0,0.6225026845932007
7,1,0,0.5377540588378906
8,1,0,0.6055688261985779
9,1,0,0.5901878476142883
10,1,0,0.5377497673034668
11,0,0,0.6216117739677429
12,0,0,0.6111522316932678
13,0,1,0.6722450852394104
14,0,0,0.6048129200935364
15,0,0,0.6049225330352783
16,0,1,0.6881723999977112
17,1,0,0.5808064341545105
18,1,0,0.6060232520103455
19,1,0,0.6063224673271179
20,1,0,0.5939798951148987
21,0,0,0.5941361784934998
22,1,0,0.6225383281707764
23,0,0,0.6056641936302185
24,0,0,0.5500112771987915
25,1,0,0.5958993434906006
26,0,1,0.6973130106925964
27,0,1,0.6900084018707275
28,0,1,0.7107380628585815
29,0,0,0.6335241794586182
30,1,0,0.6200090050697327
31,1,1,0.7524451017379761
