,label,pred,score
0,1,0,0.5787784457206726
1,0,0,0.5787784457206726
2,0,0,0.5787784457206726
3,0,0,0.5274180173873901
4,1,0,0.5787784457206726
5,0,0,0.5787784457206726
6,1,0,0.5787783265113831
7,1,0,0.5787784457206726
8,0,0,0.5579360127449036
9,1,0,0.5787784457206726
10,0,0,0.5546706914901733
11,0,0,0.5787784457206726
12,0,0,0.5787784457206726
13,1,0,0.5787784457206726
14,1,0,0.5787784457206726
15,0,0,0.5403501391410828
16,0,0,0.5787784457206726
17,1,0,0.5787784457206726
18,1,0,0.5787784457206726
19,1,0,0.5787784457206726
20,0,0,0.5787784457206726
21,1,0,0.515954852104187
22,0,0,0.5787784457206726
23,0,0,0.5403501391410828
24,0,0,0.5787784457206726
25,1,1,0.574513852596283
26,1,1,0.5145488977432251
27,1,1,0.5364060401916504
28,0,0,0.5787784457206726
29,0,0,0.5787784457206726
30,1,0,0.5787784457206726
31,1,1,0.5145488977432251
32,1,0,0.5787784457206726
33,0,0,0.5787784457206726
34,1,0,0.5787784457206726
35,1,0,0.5787784457206726
36,0,0,0.5274180173873901
37,1,0,0.5787784457206726
38,1,1,0.5102819800376892
39,0,0,0.5787784457206726
40,1,0,0.5274180173873901
41,0,0,0.5787784457206726
42,0,1,0.5769146680831909
43,1,1,0.5724871158599854
44,0,1,0.5982393026351929
45,0,0,0.5787784457206726
46,0,0,0.5787784457206726
47,0,0,0.5787784457206726
48,0,0,0.5787784457206726
49,0,0,0.5787784457206726
50,1,1,0.5364060401916504
51,1,0,0.5787784457206726
52,1,0,0.5787784457206726
53,0,1,0.5866765975952148
54,1,0,0.5363317728042603
55,0,0,0.5787784457206726
56,1,0,0.5787784457206726
57,1,0,0.5787784457206726
58,0,0,0.5787784457206726
59,1,1,0.574513852596283
60,1,0,0.5787784457206726
61,0,0,0.5787784457206726
