,label,pred,score
0,0,1,0.6795463562011719
1,1,1,0.6241815686225891
2,0,0,0.5551382303237915
3,1,1,0.624608039855957
4,0,1,0.6335418820381165
5,0,1,0.6220701336860657
6,1,1,0.6151649355888367
7,0,1,0.6204739809036255
8,1,1,0.6220700740814209
9,0,1,0.718873918056488
10,1,1,0.519439697265625
11,0,1,0.631235659122467
12,0,0,0.5706140995025635
13,1,1,0.6151649355888367
14,1,0,0.5535996556282043
15,0,1,0.5091019868850708
16,0,1,0.6901913285255432
17,1,0,0.5263256430625916
18,1,1,0.6311805248260498
19,1,1,0.6335417032241821
20,1,1,0.7843592166900635
21,1,1,0.6346670985221863
22,1,1,0.6902849674224854
23,1,1,0.523543655872345
24,0,0,0.5740155577659607
25,1,1,0.7397375702857971
26,0,1,0.6344086527824402
27,0,0,0.6535605788230896
28,1,1,0.6220700740814209
29,0,0,0.7022742033004761
30,0,1,0.7367361187934875
31,0,1,0.5112594962120056
