,label,pred,score
0,1,0,0.6037886142730713
1,1,0,0.6184729337692261
2,0,0,0.5627910494804382
3,1,0,0.5627910494804382
4,1,0,0.5849968791007996
5,0,0,0.5627910494804382
6,1,0,0.5627910494804382
7,0,0,0.6181771159172058
8,1,0,0.5627910494804382
9,0,0,0.5627910494804382
10,1,0,0.5627910494804382
11,1,0,0.5836604833602905
12,1,0,0.5627910494804382
13,1,0,0.6051334142684937
14,0,0,0.5627910494804382
15,1,0,0.5627910494804382
16,1,0,0.5627910494804382
17,1,0,0.6181771159172058
18,0,0,0.5627910494804382
19,0,0,0.5944971442222595
20,0,0,0.5627910494804382
21,0,0,0.5627910494804382
22,1,0,0.6181771159172058
23,1,0,0.5627910494804382
24,1,0,0.6037886142730713
25,1,0,0.5901841521263123
26,0,0,0.5627910494804382
27,1,0,0.6184729337692261
28,0,0,0.5627910494804382
29,0,0,0.613741397857666
30,1,0,0.5627910494804382
31,1,0,0.5836604833602905
32,0,0,0.5627910494804382
33,0,0,0.5627910494804382
34,0,0,0.5627910494804382
35,0,0,0.5627910494804382
36,1,0,0.5978623628616333
37,0,0,0.5627910494804382
38,1,0,0.5836604833602905
39,0,0,0.5627910494804382
40,1,0,0.6184258460998535
41,0,0,0.5627910494804382
42,1,0,0.5849968791007996
43,1,0,0.5627910494804382
44,1,0,0.5627910494804382
45,0,0,0.5627910494804382
46,0,0,0.5627910494804382
47,1,0,0.5627910494804382
48,1,0,0.6826993227005005
49,0,0,0.5627910494804382
50,1,0,0.6223474144935608
51,0,0,0.5627910494804382
52,0,0,0.5627910494804382
53,0,0,0.5836604833602905
54,1,0,0.5627910494804382
55,1,0,0.5849968791007996
56,0,0,0.5627910494804382
57,0,0,0.5627910494804382
58,0,0,0.5627910494804382
59,1,0,0.5627910494804382
60,1,0,0.5849968791007996
61,1,0,0.6184729337692261
62,1,0,0.6004981398582458
63,0,0,0.5627910494804382
64,0,0,0.5627909898757935
65,0,0,0.5627910494804382
66,0,0,0.5627910494804382
67,0,0,0.5627910494804382
68,1,0,0.5947211980819702
69,1,0,0.5627909898757935
70,1,0,0.5627910494804382
71,0,0,0.5836604833602905
72,1,0,0.5627910494804382
73,0,0,0.5627910494804382
74,0,0,0.5627910494804382
75,0,0,0.5989769101142883
76,0,0,0.5627910494804382
77,0,0,0.5627910494804382
