,label,pred,score
0,0,0,0.5001063346862793
1,1,0,0.5001063346862793
2,1,0,0.5001063346862793
3,1,0,0.5001063346862793
4,0,0,0.5001063346862793
5,0,0,0.5001063346862793
6,1,0,0.5001063346862793
7,1,0,0.5001063346862793
8,1,0,0.5001063346862793
9,1,0,0.5001063346862793
10,0,0,0.5001063346862793
11,1,0,0.5001063346862793
12,1,0,0.5001063346862793
13,0,0,0.5001063346862793
14,1,0,0.5001063346862793
15,0,0,0.5001063346862793
16,0,0,0.5001063346862793
17,0,0,0.5001063346862793
18,0,0,0.5001063346862793
19,0,0,0.5001063346862793
