,label,pred,score
0,0,0,0.5000840425491333
1,0,0,0.5000840425491333
2,1,0,0.5000840425491333
3,0,0,0.5000840425491333
4,0,0,0.5000840425491333
5,1,0,0.5000840425491333
6,1,0,0.5000840425491333
7,1,0,0.5000840425491333
8,1,0,0.5000840425491333
9,0,0,0.5000840425491333
10,0,0,0.5000840425491333
11,0,0,0.5000840425491333
12,1,0,0.5000840425491333
13,1,0,0.5000840425491333
14,0,0,0.5000840425491333
15,0,0,0.5000840425491333
16,1,0,0.5000840425491333
17,1,0,0.5000840425491333
18,1,0,0.5000840425491333
19,0,0,0.5000840425491333
