,label,pred,score
0,1,1,0.5260084867477417
1,0,1,0.5260084867477417
2,1,1,0.5260084867477417
3,1,1,0.5260084867477417
4,0,1,0.5260084867477417
5,0,0,0.5007938146591187
6,0,1,0.5187941193580627
7,0,1,0.5092892646789551
8,0,0,0.5031867027282715
9,0,1,0.5260084867477417
10,1,1,0.5260084867477417
11,1,1,0.5260084867477417
12,1,1,0.5260084867477417
13,1,0,0.5425939559936523
14,1,1,0.5260084867477417
15,0,1,0.5101401209831238
16,1,1,0.5144450664520264
17,1,0,0.5446422100067139
18,0,1,0.5260084867477417
19,1,0,0.5451128482818604
20,1,1,0.5260084867477417
21,0,1,0.5260084867477417
22,0,1,0.5260084867477417
23,1,1,0.5229406356811523
24,1,1,0.5260084867477417
25,1,1,0.5260084867477417
26,0,1,0.5260084867477417
27,1,1,0.5260084867477417
28,0,1,0.5260084867477417
29,0,1,0.5260084867477417
30,0,1,0.5216829180717468
31,1,1,0.5187941193580627
32,1,1,0.5260084867477417
33,0,1,0.5187941193580627
34,1,1,0.5098985433578491
35,0,1,0.5260084867477417
36,0,1,0.5260084867477417
37,1,1,0.5260084867477417
38,1,1,0.5260084867477417
39,0,1,0.5260084867477417
40,0,0,0.5145178437232971
41,0,1,0.5260084867477417
42,1,1,0.5260084867477417
43,0,1,0.5260084867477417
44,1,1,0.5260084867477417
45,1,1,0.5140987038612366
46,0,1,0.5260084867477417
47,1,1,0.5260084867477417
48,0,0,0.5031867027282715
49,0,1,0.5260084867477417
50,1,0,0.5425939559936523
51,0,1,0.5260084867477417
52,1,0,0.5446422100067139
53,1,1,0.5260084867477417
54,0,1,0.5260084867477417
55,1,1,0.5260084867477417
56,1,1,0.5229406356811523
57,0,1,0.5260084867477417
58,1,1,0.5260084867477417
59,0,1,0.5260084867477417
60,0,1,0.5260084867477417
61,0,1,0.5260084867477417
