,label,pred,score
0,0,0,0.5809030532836914
1,1,1,0.5315314531326294
2,0,1,0.5315314531326294
3,1,1,0.5315314531326294
4,0,1,0.5315314531326294
5,1,1,0.5315314531326294
6,1,1,0.5315314531326294
7,1,1,0.5315314531326294
8,1,0,0.5107452869415283
9,0,1,0.5315314531326294
10,1,0,0.5935631990432739
11,0,1,0.5315314531326294
12,1,1,0.5315314531326294
13,1,1,0.5116079449653625
14,0,1,0.5315314531326294
15,0,1,0.5116079449653625
16,1,1,0.5015627145767212
17,0,0,0.5266173481941223
18,1,1,0.5315314531326294
19,1,0,0.5460954308509827
20,1,1,0.5315314531326294
21,1,1,0.5315314531326294
22,0,1,0.5043655633926392
23,0,1,0.5116079449653625
24,0,1,0.5315314531326294
25,1,1,0.5315314531326294
26,1,1,0.5315314531326294
27,0,1,0.5315314531326294
28,1,1,0.5315314531326294
29,0,1,0.5315314531326294
30,1,1,0.5315314531326294
31,0,1,0.514458179473877
32,0,0,0.5682071447372437
33,1,1,0.5315314531326294
34,1,0,0.5258413553237915
35,0,1,0.5315314531326294
36,1,1,0.5315314531326294
37,0,1,0.5315314531326294
38,0,1,0.5315314531326294
39,1,1,0.5315314531326294
40,1,0,0.5460954308509827
41,0,1,0.5315314531326294
42,1,1,0.5315314531326294
43,0,1,0.5315314531326294
44,1,1,0.5315314531326294
45,0,1,0.5315314531326294
46,1,0,0.5515890121459961
47,0,1,0.5315314531326294
48,0,1,0.5315314531326294
49,0,1,0.5315314531326294
50,0,0,0.5266173481941223
51,1,0,0.5935631990432739
52,0,1,0.5315314531326294
53,0,0,0.6284931898117065
54,1,0,0.5955833196640015
55,1,0,0.5515890121459961
56,0,1,0.5315314531326294
57,1,1,0.5315314531326294
58,0,1,0.5315314531326294
59,0,1,0.5315314531326294
60,0,1,0.5315314531326294
61,1,1,0.5315314531326294
