,label,pred,score
0,1,0,0.5859440565109253
1,0,1,0.5023308396339417
2,1,1,0.5023307800292969
3,0,1,0.5640018582344055
4,0,1,0.5023308396339417
5,0,1,0.5023308396339417
6,1,0,0.5859440565109253
7,1,1,0.5023307800292969
8,1,1,0.5357058048248291
9,1,1,0.5023308396339417
10,0,1,0.5023308396339417
11,0,1,0.5023308396339417
12,0,1,0.5023307800292969
13,0,0,0.5194896459579468
14,0,1,0.5871975421905518
15,1,0,0.5000824928283691
16,1,1,0.5023308396339417
17,1,1,0.5023307800292969
18,0,1,0.5023308396339417
19,1,1,0.5547564029693604
20,0,1,0.5023308396339417
21,0,1,0.5023308396339417
22,0,1,0.5023308396339417
23,0,1,0.5023307800292969
24,1,1,0.5357058048248291
25,0,1,0.5243670344352722
26,0,1,0.5023308396339417
27,0,1,0.5023308396339417
28,1,1,0.5023307800292969
29,1,1,0.514805793762207
30,1,1,0.5023308396339417
31,0,1,0.5023308396339417
32,1,1,0.5023308396339417
33,0,1,0.5023308396339417
34,0,1,0.5023308396339417
35,1,1,0.5023308396339417
36,0,1,0.5023308396339417
37,1,1,0.5023308396339417
38,1,1,0.5023308396339417
39,0,1,0.5023308396339417
40,0,1,0.5023308396339417
41,0,1,0.5023308396339417
42,1,1,0.5023308396339417
43,1,1,0.5547564029693604
44,0,1,0.5064731240272522
45,1,0,0.5556902289390564
46,1,1,0.5023308396339417
47,1,1,0.5023308396339417
48,1,1,0.5023308396339417
49,0,1,0.5243670344352722
50,0,1,0.5871975421905518
51,0,1,0.5023308396339417
52,1,1,0.5023308396339417
53,1,1,0.5023308396339417
54,0,1,0.5023308396339417
55,1,1,0.5023308396339417
56,1,1,0.5023308396339417
57,1,1,0.5243670344352722
58,1,1,0.5085698366165161
59,1,1,0.5023308396339417
60,0,1,0.523790717124939
61,0,1,0.5410373210906982
