,label,pred,score
0,1,0,0.5564418435096741
1,0,0,0.6111291646957397
2,0,0,0.5187246799468994
3,0,0,0.5187246799468994
4,0,0,0.5187246799468994
5,1,0,0.6111291646957397
6,1,0,0.576915442943573
7,1,0,0.5187246799468994
8,1,0,0.6111291646957397
9,1,0,0.5187246799468994
10,0,0,0.5187246799468994
11,0,0,0.5187246799468994
12,0,0,0.5187246799468994
13,0,0,0.5187246799468994
14,1,0,0.5852081775665283
15,1,0,0.5187246799468994
16,0,0,0.5187246799468994
17,1,0,0.5852081775665283
18,0,0,0.5187246799468994
19,1,0,0.5702370405197144
20,1,0,0.5187246799468994
21,1,0,0.6111291646957397
22,0,0,0.5187246799468994
23,1,0,0.5829113721847534
24,0,0,0.5666952729225159
25,0,0,0.5187246799468994
26,1,0,0.5187246799468994
27,1,0,0.5187246799468994
28,0,0,0.5187246799468994
29,0,0,0.5187246799468994
30,0,0,0.5187246799468994
31,1,0,0.5529893040657043
32,1,0,0.5187246799468994
33,1,0,0.5187246799468994
34,0,0,0.5187246799468994
35,0,0,0.5187246799468994
36,0,0,0.5223740339279175
37,0,0,0.6111291646957397
38,0,0,0.5187246799468994
39,1,0,0.5829113721847534
40,1,0,0.5447697639465332
41,1,0,0.5500485897064209
42,1,0,0.5380986332893372
43,1,0,0.5702370405197144
44,1,0,0.5187246799468994
45,0,0,0.5187246799468994
46,0,0,0.5187246799468994
47,0,0,0.5187246799468994
48,1,0,0.5702370405197144
49,0,0,0.5187246799468994
50,1,0,0.5187246799468994
51,0,0,0.5187246799468994
52,0,0,0.5187246799468994
53,1,0,0.5187246799468994
54,1,0,0.558609127998352
55,0,0,0.5187246799468994
56,1,0,0.5564418435096741
57,1,0,0.5852081775665283
58,1,0,0.5187246799468994
59,0,0,0.5187246799468994
60,1,0,0.5066608786582947
61,0,0,0.5187246799468994
62,0,0,0.5829113721847534
63,1,0,0.5187246799468994
64,0,0,0.5187246799468994
65,0,0,0.5187246799468994
66,0,0,0.5187246799468994
67,1,0,0.5852081775665283
68,1,0,0.5187246799468994
69,0,0,0.5187246799468994
70,0,0,0.5572481751441956
71,1,0,0.5187246799468994
72,1,0,0.5187246799468994
73,1,1,0.5584791302680969
74,0,0,0.5187246799468994
75,0,0,0.5187246799468994
76,0,0,0.5187246799468994
77,1,0,0.5187246799468994
