,label,pred,score
0,0,0,0.6860659718513489
1,1,0,0.5650384426116943
2,0,0,0.5239273309707642
3,1,0,0.6860659718513489
4,1,0,0.6860659718513489
5,0,0,0.6860659718513489
6,1,0,0.5650384426116943
7,0,0,0.6860659718513489
8,0,0,0.5559313297271729
9,0,0,0.6860659718513489
10,0,0,0.6860659718513489
11,0,0,0.6860659718513489
12,1,0,0.5587959289550781
13,1,0,0.6860659718513489
14,0,0,0.6860659718513489
15,1,0,0.6860659718513489
16,1,0,0.6860659718513489
17,0,0,0.6860659718513489
18,1,0,0.6860659718513489
19,0,0,0.5966938734054565
20,1,0,0.6860659718513489
21,0,0,0.6860659718513489
22,0,0,0.6860659718513489
23,1,0,0.5581251978874207
24,0,0,0.5581251978874207
25,0,0,0.5603646039962769
26,0,0,0.5650384426116943
27,1,0,0.504315197467804
28,1,0,0.6860659718513489
29,1,0,0.6860659718513489
30,1,0,0.6860659718513489
31,1,0,0.6860659718513489
