,label,pred,score
0,0,0,0.6227587461471558
1,1,1,0.6812753677368164
2,0,1,0.5986642241477966
3,1,0,0.6227587461471558
4,1,0,0.6227587461471558
5,0,0,0.6227587461471558
6,0,1,0.6667498350143433
7,0,0,0.6227587461471558
8,0,0,0.6227587461471558
9,1,0,0.6227587461471558
10,1,1,0.7406708002090454
11,0,0,0.6227587461471558
12,0,1,0.6065893173217773
13,0,1,0.5890724062919617
14,1,0,0.6227587461471558
15,1,0,0.6227587461471558
16,1,0,0.6227587461471558
17,1,0,0.6227587461471558
18,1,0,0.6227587461471558
19,0,0,0.6227587461471558
20,0,0,0.6227587461471558
21,1,1,0.6065893173217773
22,0,1,0.6394261121749878
23,0,0,0.6227587461471558
24,1,1,0.6065893173217773
25,0,1,0.7045475244522095
26,1,0,0.6227587461471558
27,1,0,0.6227587461471558
28,0,0,0.6227587461471558
29,1,0,0.6227587461471558
30,0,0,0.6227587461471558
31,1,1,0.5986642241477966
