,label,pred,score
0,1,0,0.5749220848083496
1,1,1,0.717853307723999
2,1,0,0.5749220848083496
3,1,0,0.5749220848083496
4,1,0,0.5749220848083496
5,0,0,0.5749220848083496
6,1,0,0.5749220848083496
7,0,1,0.5241774320602417
8,0,0,0.5045375227928162
9,1,0,0.5749220848083496
10,0,0,0.5749220848083496
11,0,1,0.5373812317848206
12,0,1,0.5459498763084412
13,1,0,0.5749493837356567
14,0,0,0.5749220848083496
15,1,0,0.5045375227928162
16,0,1,0.6621919274330139
17,0,0,0.5507566928863525
18,0,0,0.5749220848083496
19,0,0,0.5749220848083496
20,0,0,0.5749220848083496
21,1,0,0.5749220848083496
22,1,1,0.5241773724555969
23,1,0,0.5749493837356567
24,1,0,0.5749220848083496
25,1,1,0.7133879065513611
26,1,0,0.5749220848083496
27,0,0,0.5749220848083496
28,0,0,0.5749220848083496
29,0,0,0.5749247074127197
30,1,0,0.5045375823974609
31,0,0,0.5749220848083496
