,label,pred,score
0,0,0,0.5589592456817627
1,1,1,0.9347596764564514
2,1,0,0.5589592456817627
3,1,1,0.9501837491989136
4,1,0,0.5589592456817627
5,0,0,0.5589592456817627
6,0,0,0.5589592456817627
7,0,1,0.941724419593811
8,1,1,0.9347596764564514
9,1,1,0.9515856504440308
10,0,0,0.5589592456817627
11,0,0,0.5589592456817627
12,1,0,0.5589592456817627
13,0,0,0.5589592456817627
14,0,0,0.5589592456817627
15,1,1,0.9488899111747742
16,1,0,0.5589593648910522
17,1,0,0.5589593648910522
18,0,1,0.9474483132362366
19,0,0,0.5589593648910522
20,1,0,0.5589593648910522
21,1,0,0.5589593648910522
22,0,1,0.932434618473053
23,1,0,0.5589593648910522
24,0,1,0.9419237375259399
25,0,0,0.5589593648910522
26,1,0,0.5589593648910522
27,0,0,0.5589593648910522
28,0,1,0.9488899111747742
29,1,0,0.5589593648910522
30,0,1,0.9347596764564514
31,1,0,0.5589593648910522
