,label,pred,score
0,0,1,0.5757325887680054
1,1,0,0.5650455355644226
2,1,0,0.5650455355644226
3,1,0,0.5650455355644226
4,0,0,0.5650455355644226
5,0,1,0.5713030695915222
6,1,1,0.5757325887680054
7,1,1,0.6045928597450256
8,0,0,0.5650455355644226
9,0,0,0.5650455355644226
10,0,0,0.5650455355644226
11,0,0,0.5650455355644226
12,0,1,0.6045928597450256
13,0,0,0.5650455355644226
14,1,0,0.5650455355644226
15,1,0,0.5650455355644226
16,1,0,0.5650455355644226
17,0,0,0.5650455355644226
18,0,1,0.6340917348861694
19,0,0,0.5650455355644226
20,0,0,0.5650455355644226
21,1,1,0.5757325887680054
22,1,0,0.5650455355644226
23,1,1,0.648050844669342
24,0,0,0.5650455355644226
25,1,1,0.6174741983413696
26,1,0,0.5650455355644226
27,1,0,0.5650455355644226
28,0,1,0.595954179763794
29,1,0,0.5650455355644226
30,1,0,0.5650455355644226
31,0,1,0.6041402220726013
