,label,pred,score
0,0,0,0.5001787543296814
1,0,0,0.5001787543296814
2,0,0,0.5001787543296814
3,1,0,0.5001787543296814
4,0,0,0.5001787543296814
5,1,0,0.5001787543296814
6,1,0,0.5001787543296814
7,1,0,0.5001787543296814
8,1,0,0.5001787543296814
9,1,0,0.5001787543296814
10,1,0,0.5001787543296814
11,0,0,0.5001787543296814
12,0,0,0.5001787543296814
13,0,0,0.5001787543296814
14,0,0,0.5001787543296814
15,0,0,0.5001787543296814
16,1,0,0.5001787543296814
17,1,0,0.5001787543296814
18,0,0,0.5001787543296814
19,1,0,0.5001787543296814
