,label,pred,score
0,0,1,0.5023825764656067
1,1,0,0.5637360215187073
2,0,1,0.5023825764656067
3,1,1,0.5023825764656067
4,1,1,0.5023825764656067
5,0,1,0.5023825764656067
6,1,1,0.5023825764656067
7,0,0,0.5211388468742371
8,1,1,0.5023825764656067
9,1,1,0.5023825764656067
10,0,1,0.5023825764656067
11,0,1,0.5023825764656067
12,1,1,0.5023825764656067
13,1,1,0.5023825764656067
14,0,0,0.5495385527610779
15,1,0,0.5211388468742371
16,1,0,0.5258265137672424
17,0,0,0.5255887508392334
18,1,1,0.5023825764656067
19,0,0,0.5022472143173218
20,1,1,0.5023825764656067
21,0,0,0.5211388468742371
22,1,1,0.5083929896354675
23,0,1,0.5023825764656067
24,1,0,0.5348599553108215
25,1,1,0.5023825764656067
26,1,1,0.5023825764656067
27,0,1,0.5023825764656067
28,0,0,0.5495385527610779
29,1,1,0.5023825764656067
30,1,0,0.5297432541847229
31,0,1,0.5023825764656067
32,1,0,0.5212104320526123
33,1,1,0.5023825764656067
34,0,0,0.5472385883331299
35,1,1,0.5023825764656067
36,1,0,0.5637360215187073
37,0,1,0.5023825764656067
38,1,1,0.5023825764656067
39,1,1,0.5023825764656067
40,0,1,0.5023825764656067
41,0,0,0.5347610712051392
42,0,1,0.5023825764656067
43,0,1,0.5023825764656067
44,1,1,0.5083929896354675
45,0,1,0.5023825764656067
46,1,0,0.5260685682296753
47,1,1,0.5023825764656067
48,1,0,0.5258265733718872
49,1,1,0.5023825764656067
50,1,1,0.5023825764656067
51,0,1,0.5023825764656067
52,0,0,0.5133243799209595
53,0,1,0.5023825764656067
54,0,1,0.5023825764656067
55,0,1,0.5023825764656067
56,0,1,0.5023825764656067
57,1,1,0.5023825764656067
58,0,1,0.5023825764656067
59,0,1,0.5023825764656067
60,0,1,0.5023825764656067
61,0,1,0.5023825764656067
