,label,pred,score
0,0,1,0.5157678723335266
1,1,1,0.5225396752357483
2,1,1,0.5157678723335266
3,1,1,0.5051690340042114
4,1,1,0.5157678723335266
5,1,1,0.5157678723335266
6,0,1,0.5274519920349121
7,0,1,0.5157678723335266
8,1,1,0.5157678723335266
9,1,1,0.5157678723335266
10,0,1,0.5157678723335266
11,0,1,0.5157678723335266
12,0,1,0.5157678723335266
13,0,1,0.5157678723335266
14,1,1,0.5355945825576782
15,0,1,0.5157678723335266
16,1,1,0.5168243646621704
17,1,1,0.5157678723335266
18,0,1,0.5157678723335266
19,0,0,0.50330650806427
20,0,1,0.5157678723335266
21,0,1,0.514162003993988
22,1,1,0.5123250484466553
23,1,1,0.515770435333252
24,1,1,0.5157678723335266
25,1,1,0.5157678723335266
26,1,1,0.5168243646621704
27,1,1,0.5157678723335266
28,0,1,0.5157678723335266
29,0,1,0.5091906189918518
30,1,1,0.5073423385620117
31,0,1,0.5157678723335266
32,0,1,0.5157678723335266
33,0,1,0.5073423385620117
34,1,1,0.5136387348175049
35,1,1,0.5225396752357483
36,1,1,0.5157678723335266
37,0,1,0.5091906189918518
38,0,1,0.5157678723335266
39,1,1,0.5157678723335266
40,1,1,0.5355945825576782
41,0,1,0.5157678723335266
42,0,1,0.5157678723335266
43,1,0,0.5055749416351318
44,1,1,0.5157678723335266
45,0,1,0.5157678723335266
46,0,1,0.5073423385620117
47,0,1,0.5157678723335266
48,1,1,0.5157678723335266
49,0,1,0.5215067267417908
50,0,0,0.5075061321258545
51,0,1,0.5157678723335266
52,1,1,0.5157678723335266
53,1,1,0.5157678723335266
54,0,1,0.5157678723335266
55,0,1,0.5157678723335266
56,0,1,0.5157678723335266
57,1,1,0.5157678723335266
58,1,1,0.5157678723335266
59,1,1,0.5157678723335266
60,1,1,0.5157678723335266
61,0,1,0.5157678723335266
