,label,pred,score
0,1,0,0.7408109903335571
1,0,0,0.549126386642456
2,1,1,0.8120531439781189
3,1,0,0.7479861378669739
4,0,0,0.7526809573173523
5,1,0,0.6767392754554749
6,0,0,0.6930078864097595
7,0,0,0.7459322810173035
8,1,1,0.5003098845481873
9,0,0,0.6503065228462219
10,0,0,0.7417567372322083
11,0,0,0.7349568009376526
12,1,0,0.7417008280754089
13,0,0,0.7062487602233887
14,0,0,0.7649623155593872
15,0,0,0.7429354190826416
16,0,0,0.7412317991256714
17,1,1,0.6776139736175537
18,1,1,0.6389911770820618
19,1,0,0.7187625169754028
20,0,0,0.6158570051193237
21,0,0,0.6512227654457092
22,0,0,0.7455466389656067
23,0,0,0.7138473987579346
24,1,1,0.6775437593460083
25,1,1,0.8059003353118896
26,1,0,0.5491542220115662
27,1,1,0.6775017380714417
28,1,0,0.6958318948745728
29,1,1,0.6373460292816162
30,1,0,0.54916912317276
31,0,0,0.6488415598869324
32,1,0,0.7537379264831543
33,1,1,0.6758366227149963
34,1,1,0.5968534350395203
35,1,1,0.6413877010345459
36,1,1,0.8262138366699219
37,0,0,0.7335030436515808
38,1,1,0.7201076149940491
39,0,1,0.8290504813194275
40,1,0,0.7662724852561951
41,0,0,0.7459136843681335
42,0,1,0.8266831040382385
43,1,0,0.7624096870422363
44,1,1,0.7373281717300415
45,0,0,0.6917366981506348
46,1,1,0.7335336804389954
47,0,0,0.7437896132469177
48,0,0,0.621523380279541
49,1,1,0.8264738321304321
50,1,1,0.7570004463195801
51,1,1,0.5757156610488892
52,1,0,0.5378313660621643
53,0,0,0.7527928352355957
54,0,0,0.7179207801818848
55,0,0,0.7179481387138367
56,1,1,0.511725902557373
57,0,1,0.826535165309906
58,0,1,0.8740189075469971
59,1,1,0.7374076843261719
60,1,0,0.7395466566085815
61,1,0,0.511608362197876
62,1,1,0.5534984469413757
63,0,0,0.7035502791404724
64,1,0,0.7670018076896667
65,0,1,0.7071851491928101
66,0,0,0.7305254936218262
67,0,0,0.7537035346031189
68,0,0,0.7457650899887085
69,0,0,0.7372662425041199
70,0,0,0.6673856973648071
71,0,0,0.7674141526222229
72,0,0,0.76851886510849
73,1,1,0.8264555335044861
74,0,0,0.7440252304077148
75,1,0,0.7021993398666382
76,0,0,0.7377883791923523
77,1,0,0.5491713881492615
