,label,pred,score
0,1,0,0.5102490186691284
1,0,1,0.5126807689666748
2,0,1,0.529215931892395
3,0,1,0.529215931892395
4,0,1,0.5210474729537964
5,0,1,0.529215931892395
6,1,1,0.5015754103660583
7,1,1,0.529215931892395
8,0,1,0.529215931892395
9,0,1,0.529215931892395
10,0,1,0.529215931892395
11,1,1,0.5180420875549316
12,1,1,0.5173500180244446
13,0,1,0.529215931892395
14,0,1,0.529215931892395
15,0,1,0.5292159914970398
16,1,1,0.529215931892395
17,1,1,0.5173500180244446
18,0,1,0.529215931892395
19,1,1,0.511701762676239
20,0,1,0.529215931892395
21,1,0,0.5037361979484558
22,1,1,0.529215931892395
23,1,1,0.529215931892395
24,0,1,0.529215931892395
25,0,1,0.529215931892395
26,1,1,0.529215931892395
27,0,1,0.5292159914970398
28,1,1,0.529215931892395
29,1,1,0.5292159914970398
30,0,1,0.529215931892395
31,0,1,0.529215931892395
32,1,1,0.5292159914970398
33,1,1,0.529215931892395
34,0,1,0.5292159914970398
35,1,1,0.529215931892395
36,1,1,0.5292159914970398
37,1,1,0.5292159914970398
38,1,1,0.5292160511016846
39,0,1,0.511701762676239
40,1,0,0.5213797688484192
41,1,1,0.529215931892395
42,0,1,0.5126807689666748
43,0,1,0.5292159914970398
44,1,1,0.5292159914970398
45,1,1,0.5292159914970398
46,1,0,0.5213797688484192
47,1,1,0.5064154863357544
48,0,1,0.517746090888977
49,1,1,0.529215931892395
50,0,0,0.5372874140739441
51,0,1,0.511701762676239
52,1,1,0.529215931892395
53,1,1,0.529215931892395
54,1,0,0.5037361979484558
55,0,1,0.5093264579772949
56,0,1,0.529215931892395
57,0,1,0.529215931892395
58,0,0,0.5304938554763794
59,1,1,0.529215931892395
60,0,1,0.529215931892395
61,0,1,0.5292159914970398
