,label,pred,score
0,1,0,0.500142514705658
1,0,0,0.500142514705658
2,1,0,0.500142514705658
3,1,0,0.500142514705658
4,0,0,0.500142514705658
5,1,0,0.500142514705658
6,0,0,0.500142514705658
7,0,0,0.500142514705658
8,1,0,0.500142514705658
9,1,0,0.500142514705658
10,0,0,0.500142514705658
11,0,0,0.500142514705658
12,1,0,0.500142514705658
13,1,0,0.500142514705658
14,0,0,0.500142514705658
15,0,0,0.500142514705658
16,1,0,0.500142514705658
17,1,0,0.500142514705658
18,0,0,0.500142514705658
19,0,0,0.500142514705658
