,label,pred,score
0,0,0,0.50014328956604
1,1,0,0.50014328956604
2,0,0,0.50014328956604
3,0,0,0.50014328956604
4,0,0,0.50014328956604
5,1,0,0.50014328956604
6,1,0,0.50014328956604
7,1,0,0.50014328956604
8,0,0,0.50014328956604
9,1,0,0.50014328956604
10,1,0,0.50014328956604
11,0,0,0.50014328956604
12,1,0,0.50014328956604
13,1,0,0.50014328956604
14,0,0,0.50014328956604
15,0,0,0.50014328956604
16,0,0,0.50014328956604
17,1,0,0.50014328956604
18,0,0,0.50014328956604
19,1,0,0.50014328956604
