,label,pred,score
0,0,1,0.5054025053977966
1,1,1,0.5054025053977966
2,1,0,0.6427730917930603
3,0,1,0.5054025053977966
4,0,0,0.572397768497467
5,1,1,0.5054025053977966
6,0,1,0.5054025053977966
7,1,1,0.5054025053977966
8,0,0,0.5656483769416809
9,1,0,0.6427730917930603
10,1,1,0.5054025053977966
11,0,1,0.5054025053977966
12,1,1,0.5054025053977966
13,1,1,0.5054132342338562
14,0,1,0.5054025053977966
15,0,1,0.5054025053977966
16,1,1,0.5054025053977966
17,0,0,0.5827524662017822
18,0,0,0.5656483769416809
19,0,1,0.5054025053977966
20,0,1,0.5054025053977966
21,0,1,0.5054025053977966
22,0,1,0.5054025053977966
23,0,1,0.5054025053977966
24,0,1,0.5054025053977966
25,0,0,0.6312036514282227
26,0,1,0.5054025053977966
27,1,0,0.5962051749229431
28,1,1,0.5054025053977966
29,1,1,0.5054025053977966
30,1,0,0.5962051749229431
31,1,1,0.5054025053977966
32,0,0,0.663017988204956
33,1,1,0.5054025053977966
34,0,0,0.5827524662017822
35,1,0,0.665870189666748
36,1,0,0.6124776601791382
37,1,1,0.5054025053977966
38,1,1,0.5054025053977966
39,0,1,0.5054025053977966
40,0,1,0.5054025053977966
41,1,0,0.6124776601791382
42,1,1,0.5054025053977966
43,1,0,0.5891825556755066
44,0,0,0.5419252514839172
45,1,1,0.5054025053977966
46,1,1,0.5054025053977966
47,1,1,0.5054025053977966
48,0,1,0.5054025053977966
49,0,0,0.6030091643333435
50,0,1,0.5054025053977966
51,0,1,0.5054025053977966
52,1,1,0.5054025053977966
53,1,0,0.5650689005851746
54,0,1,0.5054025053977966
55,0,1,0.5054025053977966
56,1,1,0.5054025053977966
57,1,0,0.5656483769416809
58,0,1,0.5054025053977966
59,1,0,0.5782842636108398
60,0,1,0.5054025053977966
61,1,1,0.5054025053977966
