,label,pred,score
0,1,1,0.5481914281845093
1,0,0,0.5288959741592407
2,0,0,0.5288959741592407
3,1,0,0.5288959741592407
4,0,0,0.5288959741592407
5,0,0,0.5288959741592407
6,1,0,0.5288959741592407
7,1,1,0.5724901556968689
8,1,0,0.54268479347229
9,0,0,0.5288959741592407
10,0,0,0.5288959741592407
11,0,0,0.5288959741592407
12,0,0,0.5702659487724304
13,0,1,0.5715744495391846
14,0,1,0.5299972891807556
15,0,0,0.5288959741592407
16,1,0,0.5288959741592407
17,1,1,0.570763349533081
18,1,1,0.5019765496253967
19,1,0,0.5288959741592407
20,0,0,0.5288959741592407
21,1,1,0.5314126014709473
22,1,0,0.5288959741592407
23,1,0,0.5288959741592407
24,0,0,0.5288959741592407
25,0,0,0.5288959741592407
26,1,0,0.5288959741592407
27,1,0,0.5288959741592407
28,1,1,0.570763349533081
29,1,0,0.6368173956871033
30,1,0,0.5702659487724304
31,1,0,0.5288959741592407
32,0,0,0.5288959741592407
33,1,1,0.5019765496253967
34,1,0,0.528903603553772
35,0,0,0.5288959741592407
36,1,1,0.5019765496253967
37,0,0,0.5288959741592407
38,0,0,0.528903603553772
39,0,0,0.5288959741592407
40,1,0,0.5288959741592407
41,1,0,0.5288959741592407
42,0,0,0.5288959741592407
43,0,0,0.5288959741592407
44,1,0,0.5532476305961609
45,1,0,0.5047610402107239
46,1,1,0.5314126014709473
47,1,0,0.5288959741592407
48,0,0,0.5288959741592407
49,0,0,0.5288959741592407
50,1,1,0.5019765496253967
51,1,1,0.570763349533081
52,0,0,0.5288959741592407
53,0,1,0.570763349533081
54,0,0,0.5288959741592407
55,0,0,0.528895914554596
56,0,0,0.5288959741592407
57,1,0,0.5288959741592407
58,1,0,0.5288959741592407
59,1,1,0.5820226669311523
60,0,0,0.5288959741592407
61,0,1,0.5487306118011475
62,1,0,0.5089530944824219
63,0,0,0.5288959741592407
64,1,0,0.5288959741592407
65,1,0,0.5113719701766968
66,0,0,0.5288959741592407
67,1,0,0.5702659487724304
68,1,0,0.5532476305961609
69,1,0,0.5532476305961609
70,1,0,0.5288959741592407
71,0,0,0.5288959741592407
72,0,0,0.5288959741592407
73,0,1,0.570763349533081
74,0,0,0.5288959741592407
75,0,0,0.5288959741592407
76,0,0,0.5288959741592407
77,0,0,0.5288959741592407
