,label,pred,score
0,1,0,0.6320663690567017
1,0,1,0.5844035744667053
2,1,0,0.6320663690567017
3,0,0,0.6320663690567017
4,0,0,0.6320663690567017
5,1,0,0.6320663690567017
6,1,1,0.6456008553504944
7,0,0,0.6320663690567017
8,1,0,0.6320663690567017
9,0,0,0.6320663690567017
10,1,0,0.6320663690567017
11,0,0,0.5010024905204773
12,1,0,0.6320663690567017
13,1,1,0.5802767276763916
14,1,0,0.6320663690567017
15,0,0,0.6320663690567017
16,0,0,0.6320663690567017
17,1,0,0.5992963314056396
18,0,0,0.6320663690567017
19,1,0,0.6320663690567017
20,1,0,0.5992963314056396
21,0,0,0.6320663690567017
22,0,1,0.5802767276763916
23,0,0,0.5992963314056396
24,0,1,0.5792253613471985
25,1,1,0.5929850935935974
26,1,0,0.6320663690567017
27,1,0,0.6320663690567017
28,0,0,0.6320663690567017
29,0,1,0.5213038325309753
30,1,0,0.6320663690567017
31,0,0,0.6320663690567017
