,label,pred,score
0,0,1,0.5174724459648132
1,1,1,0.5174720287322998
2,0,1,0.5174724459648132
3,1,1,0.5278126001358032
4,0,1,0.5174724459648132
5,0,1,0.5174724459648132
6,0,1,0.5174724459648132
7,1,1,0.5174724459648132
8,1,1,0.5027535557746887
9,0,1,0.5665785670280457
10,0,1,0.5174724459648132
11,1,1,0.5174724459648132
12,1,1,0.5174724459648132
13,0,1,0.5212770104408264
14,1,1,0.5267756581306458
15,0,0,0.5042551755905151
16,1,1,0.5174724459648132
17,0,1,0.5174724459648132
18,1,1,0.5174724459648132
19,1,0,0.5310863852500916
20,0,1,0.5079877972602844
21,0,1,0.560413658618927
22,0,1,0.5174724459648132
23,0,1,0.5212770104408264
24,0,1,0.5174724459648132
25,1,1,0.5174724459648132
26,0,1,0.5174724459648132
27,1,1,0.5174724459648132
28,1,1,0.5396509766578674
29,1,1,0.5174724459648132
30,1,1,0.5174724459648132
31,0,1,0.5174724459648132
32,0,1,0.5174724459648132
33,1,1,0.5533993244171143
34,0,1,0.5174724459648132
35,1,1,0.5174724459648132
36,1,1,0.5174724459648132
37,0,1,0.5174724459648132
38,0,1,0.5174724459648132
39,1,0,0.5310863852500916
40,1,1,0.5174724459648132
41,0,0,0.54083651304245
42,1,1,0.5436151623725891
43,0,1,0.5174724459648132
44,1,1,0.5174724459648132
45,0,1,0.5174724459648132
46,0,1,0.526775598526001
47,0,1,0.5174724459648132
48,1,1,0.5174724459648132
49,0,1,0.5174724459648132
50,1,1,0.5174724459648132
51,0,1,0.526775598526001
52,1,1,0.5456711649894714
53,1,1,0.5533993244171143
54,1,1,0.5456711649894714
55,1,1,0.5174724459648132
56,0,1,0.5174724459648132
57,0,1,0.5174724459648132
58,1,1,0.5174724459648132
59,0,1,0.5174724459648132
60,1,1,0.5174724459648132
61,1,1,0.5174724459648132
