,label,pred,score
0,1,0,0.5331054329872131
1,1,1,0.5084899067878723
2,1,1,0.5012922883033752
3,1,1,0.5084899067878723
4,0,0,0.5071731209754944
5,1,1,0.5084899067878723
6,0,1,0.5084899067878723
7,0,1,0.5084899067878723
8,0,1,0.5084899067878723
9,1,1,0.5084899067878723
10,0,0,0.5574619174003601
11,0,1,0.5084899067878723
12,0,1,0.5084899067878723
13,0,1,0.5084899067878723
14,0,1,0.5034500956535339
15,0,1,0.5084899067878723
16,0,1,0.5084899067878723
17,0,1,0.5084899067878723
18,0,1,0.5084899067878723
19,1,1,0.5084899067878723
20,0,1,0.5084899067878723
21,1,0,0.5545738935470581
22,0,0,0.5951443910598755
23,0,1,0.5084899067878723
24,1,0,0.5786076784133911
25,0,0,0.5011518001556396
26,0,0,0.5128402709960938
27,1,1,0.5084899067878723
28,0,1,0.5084899067878723
29,1,1,0.5084899067878723
30,1,0,0.5268442034721375
31,0,1,0.5084899067878723
32,0,1,0.5084899067878723
33,0,0,0.5128402709960938
34,0,1,0.5084899067878723
35,1,0,0.5128402709960938
36,1,1,0.5012922883033752
37,1,1,0.5084899067878723
38,1,1,0.5084899067878723
39,0,1,0.5084899067878723
40,0,1,0.5084899067878723
41,1,0,0.5786076784133911
42,0,1,0.5034500956535339
43,0,1,0.5084899067878723
44,0,1,0.5084899067878723
45,1,0,0.5218625664710999
46,1,1,0.5084899067878723
47,0,1,0.5084899067878723
48,1,1,0.5084899067878723
49,1,1,0.5084899067878723
50,1,1,0.5084899067878723
51,1,1,0.5084899067878723
52,1,1,0.5084899067878723
53,0,0,0.5667427182197571
54,1,1,0.5084899067878723
55,1,0,0.515850305557251
56,0,1,0.5084899067878723
57,1,1,0.5084899067878723
58,1,1,0.5084899067878723
59,1,1,0.5084899067878723
60,1,1,0.5084899067878723
61,1,0,0.5331054329872131
