,label,pred,score
0,0,0,0.5611902475357056
1,0,0,0.5611902475357056
2,1,0,0.5543885231018066
3,1,0,0.5606030821800232
4,0,0,0.5611902475357056
5,1,0,0.5678240656852722
6,1,0,0.5611902475357056
7,1,0,0.5611902475357056
8,0,0,0.5762157440185547
9,1,0,0.5543885231018066
10,0,0,0.5611902475357056
11,0,0,0.5611902475357056
12,1,0,0.5611902475357056
13,0,0,0.5611902475357056
14,1,0,0.5611902475357056
15,0,0,0.5611902475357056
16,0,0,0.5543885231018066
17,0,0,0.5611902475357056
18,1,0,0.5734955072402954
19,0,0,0.5611902475357056
20,1,0,0.5458146333694458
21,0,0,0.5611902475357056
22,1,0,0.5611902475357056
23,0,0,0.5611902475357056
24,0,0,0.5611902475357056
25,0,0,0.5611902475357056
26,1,0,0.5611902475357056
27,1,0,0.5533004403114319
28,0,0,0.5611902475357056
29,0,0,0.5611902475357056
30,1,0,0.5611902475357056
31,1,0,0.5783464908599854
32,0,0,0.5611902475357056
33,1,0,0.5533004403114319
34,0,0,0.5611902475357056
35,1,0,0.5611902475357056
36,0,0,0.5611902475357056
37,1,0,0.5650359988212585
38,1,0,0.5611902475357056
39,0,0,0.5611902475357056
40,0,0,0.5650359988212585
41,1,0,0.5050085186958313
42,1,0,0.5533004999160767
43,0,0,0.5543884634971619
44,1,0,0.5611902475357056
45,0,0,0.5611902475357056
46,1,0,0.5611902475357056
47,1,0,0.5458146333694458
48,1,0,0.5611902475357056
49,1,0,0.5611902475357056
50,1,0,0.5611902475357056
51,1,0,0.5650359988212585
52,1,0,0.5533004999160767
53,1,0,0.5678240656852722
54,0,0,0.5611902475357056
55,0,0,0.5527089238166809
56,0,0,0.5611902475357056
57,0,0,0.5611902475357056
58,0,0,0.5611902475357056
59,0,0,0.5611902475357056
60,0,0,0.564923882484436
61,1,0,0.5663191676139832
62,1,0,0.5440060496330261
63,0,0,0.5611902475357056
64,1,0,0.5415621995925903
65,1,0,0.5458146333694458
66,1,0,0.5543884634971619
67,1,0,0.5606501698493958
68,0,0,0.5611902475357056
69,1,0,0.5611902475357056
70,0,0,0.5611902475357056
71,0,0,0.5611902475357056
72,1,0,0.5611902475357056
73,0,0,0.5611902475357056
74,1,0,0.5611902475357056
75,0,0,0.5611902475357056
76,0,0,0.5611902475357056
77,0,0,0.5611902475357056
