,label,pred,score
0,1,0,0.5572115182876587
1,1,0,0.6121014952659607
2,0,0,0.5572115182876587
3,1,0,0.5464096069335938
4,1,0,0.5512953400611877
5,0,0,0.5572115182876587
6,0,0,0.5572115182876587
7,0,0,0.5572115182876587
8,0,0,0.5572115182876587
9,1,0,0.5572115182876587
10,0,0,0.5572115182876587
11,0,0,0.5572115182876587
12,0,0,0.5572115182876587
13,1,0,0.5572115182876587
14,0,0,0.5572115182876587
15,0,0,0.5572115182876587
16,0,0,0.5572115182876587
17,1,0,0.5572115182876587
18,1,0,0.5620831251144409
19,1,0,0.5572115182876587
20,0,0,0.5572115182876587
21,0,0,0.5572115182876587
22,0,0,0.5638749599456787
23,0,0,0.5572115182876587
24,1,0,0.5157769322395325
25,1,0,0.5424574017524719
26,0,0,0.5423570275306702
27,0,0,0.5572115182876587
28,0,0,0.5572115182876587
29,0,0,0.5489795804023743
30,1,0,0.5572115182876587
31,1,0,0.5572115182876587
32,0,0,0.6121014952659607
33,0,0,0.5572115182876587
34,1,0,0.5205289125442505
35,1,0,0.5620831251144409
36,0,0,0.5572115182876587
37,1,0,0.5438259243965149
38,1,0,0.5572115182876587
39,1,0,0.5302385687828064
40,0,0,0.5572115182876587
41,0,0,0.5572115182876587
42,1,0,0.5572115182876587
43,0,0,0.5572115182876587
44,1,0,0.5503886938095093
45,0,0,0.5572115182876587
46,1,0,0.5572115182876587
47,0,0,0.5572115182876587
48,1,0,0.5572115182876587
49,0,0,0.5572115182876587
50,1,0,0.5572115182876587
51,1,0,0.5572115182876587
52,1,0,0.5620831251144409
53,0,0,0.5572115182876587
54,1,0,0.5572115182876587
55,0,0,0.5302385687828064
56,1,0,0.5302385687828064
57,1,1,0.5248188972473145
58,1,0,0.5464096069335938
59,0,0,0.5302385687828064
60,1,0,0.5572115182876587
61,0,0,0.5572115182876587
62,1,0,0.5572115182876587
63,1,0,0.5205289125442505
64,1,0,0.5572115182876587
65,1,0,0.5620831251144409
66,0,0,0.5572115182876587
67,0,0,0.5572115182876587
68,1,0,0.5302385687828064
69,1,0,0.5447667837142944
70,0,0,0.5572115182876587
71,0,0,0.5572115182876587
72,1,0,0.5214810371398926
73,0,0,0.5572115182876587
74,0,0,0.5572115182876587
75,1,0,0.6121014952659607
76,1,0,0.5205289125442505
77,0,0,0.5572115182876587
