,label,pred,score
0,1,0,0.6240383386611938
1,1,1,0.522114098072052
2,1,0,0.6240383386611938
3,0,0,0.5642478466033936
4,0,1,0.522114098072052
5,0,1,0.522114098072052
6,0,1,0.522114098072052
7,0,0,0.6124374866485596
8,0,1,0.5046104788780212
9,0,1,0.522114098072052
10,0,1,0.522114098072052
11,1,1,0.522114098072052
12,1,1,0.522114098072052
13,1,1,0.522114098072052
14,1,1,0.522114098072052
15,0,1,0.5046104788780212
16,0,1,0.522114098072052
17,1,0,0.5884431600570679
18,0,0,0.5042479634284973
19,0,1,0.522114098072052
20,1,0,0.5057257413864136
21,0,1,0.522114098072052
22,0,1,0.522114098072052
23,1,1,0.560276985168457
24,1,1,0.522114098072052
25,1,1,0.5046104788780212
26,0,1,0.522114098072052
27,0,1,0.522114098072052
28,1,0,0.5884431600570679
29,1,1,0.522114098072052
30,1,0,0.5418094992637634
31,0,0,0.5042479634284973
32,1,1,0.522114098072052
33,0,1,0.522114098072052
34,1,1,0.522114098072052
35,1,1,0.522114098072052
36,1,1,0.5033250451087952
37,1,1,0.522114098072052
38,0,1,0.522114098072052
39,1,1,0.522114098072052
40,0,1,0.515924334526062
41,1,1,0.522114098072052
42,1,1,0.522114098072052
43,1,1,0.522114098072052
44,0,1,0.522114098072052
45,0,1,0.5363619327545166
46,0,1,0.522114098072052
47,1,0,0.51611328125
48,0,1,0.522114098072052
49,0,1,0.522114098072052
50,0,1,0.522114098072052
51,0,1,0.522114098072052
52,1,1,0.522114098072052
53,0,1,0.522114098072052
54,1,1,0.5221140384674072
55,0,0,0.5460910201072693
56,1,1,0.560276985168457
57,0,1,0.522114098072052
58,1,1,0.522114098072052
59,0,1,0.522114098072052
60,1,1,0.522114098072052
61,1,1,0.522114098072052
