,label,pred,score
0,1,1,0.5085176825523376
1,1,1,0.5745114088058472
2,1,1,0.5085176825523376
3,0,1,0.5085176825523376
4,1,1,0.5278535485267639
5,0,1,0.5745114088058472
6,1,1,0.5085176825523376
7,0,1,0.5085176825523376
8,1,1,0.5085176825523376
9,0,1,0.5085176825523376
10,1,1,0.5085176825523376
11,1,1,0.5085176825523376
12,1,1,0.5085176825523376
13,0,1,0.5085176825523376
14,1,1,0.5085176825523376
15,0,1,0.5085176825523376
16,0,1,0.5085176825523376
17,1,1,0.5085176825523376
18,0,1,0.5085176825523376
19,0,1,0.5085176825523376
20,1,1,0.5085176825523376
21,0,1,0.5085176825523376
22,0,0,0.5414396524429321
23,0,1,0.5979956984519958
24,1,1,0.5981666445732117
25,1,1,0.5085176825523376
26,0,0,0.5241453647613525
27,1,1,0.5643525719642639
28,1,1,0.5085176825523376
29,1,1,0.5262597799301147
30,1,1,0.5085176825523376
31,1,1,0.5085185170173645
32,1,1,0.5085176825523376
33,1,1,0.5085176825523376
34,0,1,0.5085176825523376
35,0,1,0.5085176825523376
36,1,1,0.5085176825523376
37,0,1,0.5085176825523376
38,1,1,0.5085176825523376
39,1,1,0.5278535485267639
40,0,1,0.5085176825523376
41,1,1,0.5243958234786987
42,0,1,0.5085176825523376
43,0,1,0.5085176825523376
44,0,1,0.5378082394599915
45,0,1,0.5085176825523376
46,0,0,0.5383224487304688
47,0,1,0.5667931437492371
48,0,1,0.5085176825523376
49,0,1,0.5085176825523376
50,1,1,0.5981666445732117
51,0,1,0.5085176825523376
52,0,1,0.5085176825523376
53,0,1,0.5085176825523376
54,0,1,0.5085176825523376
55,1,1,0.5684592723846436
56,1,1,0.5262597799301147
57,1,1,0.5085176825523376
58,0,1,0.5667931437492371
59,0,1,0.5745114088058472
60,1,1,0.6538692712783813
61,1,1,0.5085176825523376
