,label,pred,score
0,0,1,0.5262733697891235
1,1,1,0.5310046672821045
2,1,0,0.5126285552978516
3,0,0,0.5074617266654968
4,1,1,0.5221254229545593
5,1,1,0.5221254229545593
6,0,1,0.5221254229545593
7,0,1,0.5221254229545593
8,1,1,0.5221254229545593
9,1,1,0.5221254229545593
10,0,1,0.5221254229545593
11,1,1,0.5221254229545593
12,0,1,0.5221254229545593
13,1,1,0.5221254229545593
14,1,1,0.5221254229545593
15,1,1,0.5221254229545593
16,1,1,0.5450672507286072
17,0,1,0.5221254229545593
18,0,1,0.5221254229545593
19,1,1,0.5767198204994202
20,1,1,0.5221254229545593
21,1,1,0.5221254229545593
22,1,1,0.5221254229545593
23,1,1,0.5221254229545593
24,1,1,0.5221254229545593
25,0,1,0.5221254229545593
26,1,0,0.5126285552978516
27,1,1,0.5363628268241882
28,1,1,0.5590386986732483
29,0,1,0.5221254229545593
30,0,1,0.5221254229545593
31,0,1,0.5221254229545593
32,1,1,0.5221254229545593
33,1,1,0.5221254229545593
34,0,1,0.5221254229545593
35,1,1,0.5221254229545593
36,0,1,0.5221254229545593
37,0,1,0.5221254229545593
38,1,1,0.5221254229545593
39,0,1,0.5962011814117432
40,1,1,0.5221254229545593
41,1,1,0.5321123600006104
42,1,1,0.5767198801040649
43,0,1,0.5363983511924744
44,0,1,0.5221254229545593
45,0,1,0.5221254229545593
46,1,1,0.5221254229545593
47,0,1,0.5256622433662415
48,1,1,0.5221254229545593
49,1,1,0.5590386986732483
50,0,1,0.5363983511924744
51,0,1,0.5221254229545593
52,0,1,0.5221254229545593
53,0,1,0.5221254229545593
54,0,1,0.5221254229545593
55,0,1,0.5363628268241882
56,0,1,0.5363628268241882
57,0,1,0.5221254229545593
58,1,1,0.5445136427879333
59,0,1,0.5900867581367493
60,0,1,0.5221254229545593
61,0,1,0.5221254229545593
