,label,pred,score
0,0,0,0.5634051561355591
1,1,0,0.5634051561355591
2,0,0,0.5634051561355591
3,1,0,0.5869216918945312
4,1,0,0.5634051561355591
5,0,0,0.549409031867981
6,1,0,0.5792122483253479
7,0,0,0.5634051561355591
8,0,0,0.5634051561355591
9,1,0,0.549409031867981
10,1,0,0.5634051561355591
11,0,0,0.5760127305984497
12,1,0,0.5540507435798645
13,0,0,0.5634051561355591
14,1,0,0.5634051561355591
15,0,0,0.5634051561355591
16,1,0,0.5792122483253479
17,0,0,0.6988152861595154
18,0,0,0.5634051561355591
19,0,0,0.549409031867981
20,1,0,0.5634051561355591
21,0,0,0.5634051561355591
22,0,0,0.5634051561355591
23,0,0,0.5634051561355591
24,0,0,0.5634051561355591
25,1,0,0.5634051561355591
26,0,0,0.5634051561355591
27,0,0,0.5634051561355591
28,0,0,0.5634051561355591
29,1,0,0.6988152861595154
30,0,0,0.561642050743103
31,1,0,0.5634051561355591
32,1,0,0.5745481848716736
33,0,0,0.5634051561355591
34,1,0,0.5634051561355591
35,1,0,0.5639036297798157
36,1,0,0.5768231153488159
37,0,0,0.5634051561355591
38,0,0,0.5634051561355591
39,1,0,0.5634051561355591
40,1,0,0.5876097083091736
41,0,0,0.5634051561355591
42,0,0,0.5634051561355591
43,0,0,0.5634051561355591
44,1,0,0.5634051561355591
45,0,0,0.5634051561355591
46,0,0,0.5634051561355591
47,1,0,0.5540508031845093
48,1,0,0.5123561024665833
49,1,0,0.5634051561355591
50,0,0,0.5634051561355591
51,1,0,0.5540508031845093
52,1,0,0.5712791085243225
53,0,0,0.5634051561355591
54,1,0,0.5634051561355591
55,1,0,0.549409031867981
56,1,0,0.5634051561355591
57,1,0,0.5634051561355591
58,0,0,0.5634051561355591
59,1,0,0.5634051561355591
60,0,0,0.5634051561355591
61,1,0,0.6612419486045837
62,1,0,0.5639036297798157
63,0,0,0.5382152795791626
64,1,0,0.549409031867981
65,0,0,0.5634051561355591
66,0,0,0.5634051561355591
67,0,0,0.5634051561355591
68,1,0,0.5809376239776611
69,0,0,0.5634051561355591
70,1,0,0.5634051561355591
71,0,0,0.5634051561355591
72,1,0,0.5634051561355591
73,0,0,0.5634051561355591
74,1,0,0.6988152265548706
75,1,0,0.5540508031845093
76,0,0,0.5634051561355591
77,1,0,0.5792122483253479
