,label,pred,score
0,0,0,0.532568097114563
1,1,0,0.5040286779403687
2,0,0,0.5121963620185852
3,1,0,0.532568097114563
4,1,0,0.532568097114563
5,0,0,0.532568097114563
6,0,0,0.532568097114563
7,1,0,0.532568097114563
8,1,0,0.5922732949256897
9,1,0,0.532568097114563
10,0,0,0.532568097114563
11,1,1,0.5102452039718628
12,1,0,0.532568097114563
13,1,0,0.5059524774551392
14,1,1,0.5079426765441895
15,0,0,0.5040286779403687
16,1,0,0.532568097114563
17,0,0,0.532568097114563
18,0,0,0.5013055801391602
19,1,0,0.5922732949256897
20,0,0,0.532568097114563
21,1,0,0.5013055801391602
22,0,0,0.532568097114563
23,1,1,0.5450010895729065
24,0,0,0.532568097114563
25,0,0,0.532568097114563
26,0,0,0.532568097114563
27,1,1,0.5450010895729065
28,0,0,0.532568097114563
29,0,0,0.532568097114563
30,1,1,0.6428714394569397
31,1,1,0.5450010895729065
32,1,0,0.532568097114563
33,0,0,0.532568097114563
34,0,0,0.532568097114563
35,1,0,0.5922732949256897
36,1,0,0.5909957885742188
37,0,0,0.532568097114563
38,0,0,0.532568097114563
39,1,0,0.532568097114563
40,1,1,0.5192248821258545
41,1,0,0.532568097114563
42,0,0,0.532568097114563
43,0,0,0.532568097114563
44,1,0,0.5040286779403687
45,0,0,0.532568097114563
46,1,0,0.532568097114563
47,0,0,0.532568097114563
48,0,0,0.532568097114563
49,0,0,0.532568097114563
50,1,0,0.532568097114563
51,1,0,0.5059524774551392
52,1,1,0.5115291476249695
53,0,0,0.532568097114563
54,1,0,0.5013055801391602
55,0,0,0.532568097114563
56,0,0,0.532568097114563
57,0,0,0.532568097114563
58,1,1,0.5250480771064758
59,1,0,0.532568097114563
60,0,0,0.532568097114563
61,0,0,0.532568097114563
62,1,1,0.6354973912239075
63,0,0,0.532568097114563
64,1,0,0.532568097114563
65,1,0,0.5013055801391602
66,1,0,0.532568097114563
67,0,0,0.5013055801391602
68,0,0,0.532568097114563
69,0,0,0.532568097114563
70,1,0,0.5922732949256897
71,0,1,0.5987756252288818
72,0,0,0.532568097114563
73,1,0,0.532568097114563
74,1,0,0.532568097114563
75,0,0,0.532568097114563
76,1,0,0.532568097114563
77,0,0,0.5102312564849854
