,label,pred,score
0,1,1,0.5001587271690369
1,0,1,0.5001587271690369
2,0,1,0.5001587271690369
3,1,1,0.5001587271690369
4,0,1,0.5001587271690369
5,0,1,0.5001587271690369
6,0,1,0.5001587271690369
7,0,1,0.5001587271690369
8,1,1,0.5001587271690369
9,1,1,0.5001587271690369
10,1,1,0.5001587271690369
11,0,1,0.5001587271690369
12,1,1,0.5001587271690369
13,1,1,0.5001587271690369
14,1,1,0.5001587271690369
15,0,1,0.5001587271690369
16,1,1,0.5001587271690369
17,1,1,0.5001587271690369
18,0,1,0.5001587271690369
19,0,1,0.5001587271690369
