,label,pred,score
0,0,0,0.5000262260437012
1,1,0,0.5000262260437012
2,0,0,0.5000262260437012
3,1,0,0.5000262260437012
4,1,0,0.5000262260437012
5,1,0,0.5000262260437012
6,0,0,0.5000262260437012
7,1,0,0.5000262260437012
8,1,0,0.5000262260437012
9,1,0,0.5000262260437012
10,0,0,0.5000262260437012
11,0,0,0.5000262260437012
12,0,0,0.5000262260437012
13,0,0,0.5000262260437012
14,1,0,0.5000262260437012
15,0,0,0.5000262260437012
16,1,0,0.5000262260437012
17,0,0,0.5000262260437012
18,1,0,0.5000262260437012
19,0,0,0.5000262260437012
