,label,pred,score
0,1,0,0.5893510580062866
1,0,0,0.6275628805160522
2,1,0,0.5408328771591187
3,1,0,0.5818702578544617
4,0,0,0.5818702578544617
5,1,0,0.5818702578544617
6,0,0,0.5818702578544617
7,1,0,0.6440121531486511
8,1,0,0.5818702578544617
9,0,0,0.5818702578544617
10,1,0,0.5818702578544617
11,1,0,0.6392202973365784
12,1,0,0.6307482719421387
13,0,0,0.5818702578544617
14,1,0,0.6313725113868713
15,0,0,0.5818702578544617
16,0,0,0.5818702578544617
17,0,0,0.5818702578544617
18,0,0,0.5818702578544617
19,1,0,0.5818702578544617
20,1,0,0.5893510580062866
21,1,0,0.5818702578544617
22,1,0,0.5818702578544617
23,0,0,0.5818702578544617
24,0,0,0.6392202973365784
25,1,0,0.5818702578544617
26,0,0,0.6392202973365784
27,1,0,0.6307482719421387
28,1,0,0.5818702578544617
29,1,0,0.5818702578544617
30,0,0,0.5818702578544617
31,1,0,0.5933663845062256
32,1,0,0.5975289344787598
33,0,0,0.5818702578544617
34,1,0,0.5818702578544617
35,0,0,0.5818702578544617
36,1,0,0.5818702578544617
37,1,0,0.6264247298240662
38,1,0,0.6845633387565613
39,0,0,0.5818702578544617
40,1,0,0.6392202973365784
41,0,0,0.5818702578544617
42,1,0,0.5818702578544617
43,0,0,0.5576003789901733
44,0,0,0.5818702578544617
45,0,0,0.6440121531486511
46,0,0,0.5818702578544617
47,1,0,0.5818702578544617
48,0,0,0.5818702578544617
49,0,0,0.5818702578544617
50,0,0,0.5818702578544617
51,1,0,0.5818702578544617
52,1,0,0.6097848415374756
53,1,0,0.5818702578544617
54,1,0,0.6392202973365784
55,0,0,0.5818702578544617
56,0,0,0.5818702578544617
57,0,0,0.5818702578544617
58,1,0,0.6307483315467834
59,1,0,0.5975289344787598
60,0,0,0.5943800210952759
61,1,0,0.5944782495498657
62,0,0,0.5818702578544617
63,0,0,0.5818702578544617
64,0,0,0.5818702578544617
65,1,0,0.6440121531486511
66,1,0,0.5818702578544617
67,0,0,0.5818702578544617
68,0,0,0.5818702578544617
69,1,0,0.5975289344787598
70,0,0,0.5818702578544617
71,0,0,0.5818702578544617
72,0,0,0.5818702578544617
73,0,0,0.5818702578544617
74,0,0,0.5818702578544617
75,1,0,0.6036618947982788
76,1,0,0.5975289344787598
77,0,0,0.5818702578544617
