,label,pred,score
0,0,0,0.5383839011192322
1,0,0,0.5383839011192322
2,0,0,0.5383839011192322
3,1,0,0.507470965385437
4,0,1,0.5108151435852051
5,0,1,0.5145193338394165
6,1,0,0.5199849009513855
7,0,0,0.5383839011192322
8,1,0,0.5199849009513855
9,1,0,0.5583606958389282
10,1,0,0.5097885131835938
11,1,0,0.5383839011192322
12,1,0,0.5383839011192322
13,0,0,0.5383839011192322
14,0,0,0.5383839011192322
15,1,0,0.5383839011192322
16,0,0,0.5383839011192322
17,1,0,0.5383839011192322
18,1,1,0.6384437680244446
19,1,1,0.5229535698890686
20,1,0,0.5383839011192322
21,1,1,0.6384437680244446
22,1,0,0.5383839011192322
23,1,0,0.5114231705665588
24,0,0,0.5383839011192322
25,0,0,0.5383839011192322
26,0,0,0.5226313471794128
27,0,0,0.5383839011192322
28,1,0,0.5383839011192322
29,1,1,0.5108151435852051
30,1,1,0.522870659828186
31,0,0,0.5383839011192322
32,0,0,0.5383839011192322
33,0,1,0.5440935492515564
34,0,0,0.5383839011192322
35,0,0,0.5383839011192322
36,1,0,0.5383839011192322
37,0,0,0.5383839011192322
38,0,0,0.5383839011192322
39,1,0,0.5383839011192322
40,1,0,0.5226313471794128
41,0,1,0.5108151435852051
42,1,1,0.6384437680244446
43,0,0,0.5383839011192322
44,1,1,0.522870659828186
45,1,0,0.5383839011192322
46,0,0,0.5383839011192322
47,1,0,0.5226313471794128
48,1,0,0.5383839011192322
49,0,0,0.5383839011192322
50,0,1,0.5228983163833618
51,0,0,0.5383839011192322
52,0,0,0.5383839011192322
53,1,1,0.5108151435852051
54,1,0,0.5383839011192322
55,0,0,0.5383839011192322
56,0,0,0.5383838415145874
57,0,0,0.5383839011192322
58,1,0,0.5383838415145874
59,0,0,0.5383839011192322
60,0,0,0.5383839011192322
61,1,1,0.6025137901306152
62,0,0,0.5383839011192322
63,0,0,0.5383839011192322
64,0,0,0.5383839011192322
65,1,0,0.5383839011192322
66,1,0,0.5383839011192322
67,1,1,0.5194745063781738
68,1,0,0.5383839011192322
69,1,1,0.5176536440849304
70,0,0,0.5383839011192322
71,1,1,0.6384437680244446
72,0,0,0.5383839011192322
73,0,0,0.5383839011192322
74,1,0,0.5383839011192322
75,0,0,0.5383839011192322
76,1,0,0.5199849009513855
77,1,1,0.5108151435852051
