,label,pred,score
0,1,1,0.5205569863319397
1,0,1,0.5074256062507629
2,1,1,0.5157283544540405
3,1,1,0.5074256062507629
4,1,1,0.5074256062507629
5,0,1,0.5118110179901123
6,0,1,0.5074256062507629
7,1,1,0.5002620816230774
8,0,1,0.5074256062507629
9,0,1,0.5074256062507629
10,0,1,0.5074256062507629
11,0,1,0.5074256062507629
12,1,1,0.5074256062507629
13,1,1,0.5074256062507629
14,0,1,0.5074256062507629
15,1,1,0.5074256062507629
16,0,1,0.5074256062507629
17,0,1,0.5029556155204773
18,0,1,0.5074256062507629
19,1,1,0.5074260830879211
20,0,1,0.5074256062507629
21,1,1,0.5074256062507629
22,0,1,0.5074256062507629
23,0,1,0.5157283544540405
24,1,1,0.5074256062507629
25,1,1,0.5074256062507629
26,1,1,0.5074256062507629
27,1,1,0.5074256062507629
28,1,0,0.6123296618461609
29,1,1,0.5205569863319397
30,0,1,0.5074256062507629
31,0,1,0.5074256062507629
32,0,1,0.5033923983573914
33,1,1,0.5074256062507629
34,0,1,0.5074256062507629
35,1,1,0.509127140045166
36,1,1,0.5074256062507629
37,1,1,0.5021059513092041
38,1,1,0.509127140045166
39,0,1,0.5074256062507629
40,0,1,0.5051876306533813
41,1,0,0.5107994675636292
42,1,1,0.5074256062507629
43,0,1,0.5074256062507629
44,0,1,0.5157283544540405
45,0,1,0.5074256062507629
46,0,1,0.5074256062507629
47,1,1,0.5074256062507629
48,1,0,0.6123296618461609
49,1,1,0.5074256062507629
50,0,1,0.5074256062507629
51,1,1,0.5074256062507629
52,1,1,0.5074256062507629
53,1,0,0.5723867416381836
54,1,1,0.5074256062507629
55,0,1,0.5074256062507629
56,0,1,0.5118110179901123
57,0,1,0.5144773721694946
58,0,1,0.5074256062507629
59,0,1,0.5074256062507629
60,0,0,0.6152119040489197
61,1,1,0.5074256062507629
