,label,pred,score
0,0,1,0.5000451803207397
1,1,1,0.5000451803207397
2,0,1,0.5000451803207397
3,0,1,0.5000451803207397
4,0,1,0.5000451803207397
5,0,1,0.5000451803207397
6,1,1,0.5000451803207397
7,1,1,0.5000451803207397
8,1,1,0.5000451803207397
9,0,1,0.5000451803207397
10,0,1,0.5000451803207397
11,0,1,0.5000451803207397
12,1,1,0.5000451803207397
13,0,1,0.5000451803207397
14,1,1,0.5000451803207397
15,1,1,0.5000451803207397
16,1,1,0.5000451803207397
17,1,1,0.5000451803207397
18,1,1,0.5000451803207397
19,0,1,0.5000451803207397
