,label,pred,score
0,1,0,0.8953546285629272
1,1,1,0.5301902890205383
2,0,0,0.981194794178009
3,1,1,0.788428008556366
4,1,1,0.959625244140625
5,1,1,0.9446219205856323
6,1,1,0.8840770125389099
7,1,1,0.9736949801445007
8,1,0,0.5993611812591553
9,1,1,0.6163626313209534
10,1,1,0.9643524885177612
11,0,0,0.9354487061500549
12,0,0,0.8731203079223633
13,0,1,0.6688864827156067
14,1,0,0.6278847455978394
15,0,0,0.990666925907135
16,1,1,0.5688148140907288
17,0,0,0.980275571346283
18,1,1,0.7267343997955322
19,1,1,0.9803763628005981
20,0,0,0.9909819960594177
21,0,1,0.9792230129241943
22,0,0,0.9806232452392578
23,0,0,0.9667778015136719
24,0,0,0.9670804738998413
25,1,0,0.8873456120491028
26,0,0,0.9822037220001221
27,0,0,0.9802054166793823
28,1,0,0.8389109373092651
29,0,1,0.7376164793968201
30,0,0,0.9755546450614929
31,0,1,0.7354673147201538
