,label,pred,score
0,0,0,0.8403177261352539
1,0,0,0.9881691932678223
2,1,1,0.678851842880249
3,1,0,0.9985817670822144
4,0,0,0.9987664222717285
5,0,0,0.991910994052887
6,1,0,0.9987785220146179
7,1,1,0.9969080090522766
8,1,0,0.7395843267440796
9,0,0,0.9988831877708435
10,1,1,0.998111367225647
11,1,1,0.9947176575660706
12,1,1,0.9976523518562317
13,0,0,0.9991191029548645
14,1,1,0.9978117346763611
15,0,1,0.656218945980072
16,0,1,0.9161726832389832
17,0,0,0.9964225888252258
18,1,1,0.9989824891090393
19,0,1,0.9879192113876343
