,label,pred,score
0,0,0,0.9792364835739136
1,0,0,0.9974617958068848
2,1,1,0.9979959726333618
3,0,0,0.9564858078956604
4,1,1,0.9860365390777588
5,0,1,0.6856375932693481
6,0,0,0.9969627261161804
7,1,0,0.9734805822372437
8,0,0,0.9966261386871338
9,1,1,0.9509828090667725
10,0,0,0.934478223323822
11,1,0,0.527166485786438
12,1,1,0.9891411066055298
13,1,0,0.9965938925743103
14,1,1,0.9166671633720398
15,1,1,0.9968982934951782
16,0,0,0.9636304378509521
17,0,1,0.5639273524284363
18,1,0,0.8815118670463562
19,0,0,0.9971621036529541
