,label,pred,score
0,0,0,0.9961982369422913
1,1,1,0.9824984073638916
2,0,0,0.9951741099357605
3,1,0,0.8291776776313782
4,0,0,0.9833576083183289
5,0,0,0.9915869235992432
6,1,1,0.6860658526420593
7,1,1,0.9843601584434509
8,1,0,0.6597726941108704
9,0,0,0.9967327117919922
10,0,0,0.9894633293151855
11,1,1,0.9871927499771118
12,0,0,0.9961832165718079
13,1,1,0.5738076567649841
14,1,1,0.5598151087760925
15,0,0,0.9916113018989563
16,1,1,0.9173435568809509
17,1,1,0.994459867477417
18,0,0,0.9017045497894287
19,0,0,0.9974961876869202
20,1,1,0.9792918562889099
21,1,1,0.9853559136390686
22,1,1,0.7035192251205444
23,0,0,0.9966652989387512
24,0,0,0.9807177186012268
25,0,0,0.984804630279541
26,1,0,0.6023289561271667
27,0,1,0.5871997475624084
28,1,1,0.9850831031799316
29,1,1,0.9872493147850037
30,0,0,0.9499724507331848
31,0,0,0.9982884526252747
32,0,0,0.9942123293876648
33,0,0,0.9207455515861511
34,0,0,0.9980149269104004
35,1,0,0.973577082157135
36,0,0,0.9820379018783569
37,1,0,0.9792439341545105
38,0,0,0.9903225302696228
39,0,0,0.9523642659187317
40,0,0,0.9908535480499268
41,1,1,0.8956472277641296
42,1,0,0.9503293037414551
43,0,0,0.9871188402175903
44,1,0,0.7512302994728088
45,1,1,0.7062405347824097
46,1,1,0.9883384704589844
47,1,1,0.9060954451560974
48,0,1,0.7578587532043457
49,0,0,0.9929355978965759
50,1,1,0.9772964119911194
51,0,1,0.5487006902694702
52,1,1,0.9801676273345947
53,1,1,0.9866237044334412
54,0,0,0.9762797951698303
55,1,1,0.9297184944152832
56,0,0,0.9719638824462891
57,0,0,0.979764461517334
58,1,1,0.9888914823532104
59,0,0,0.518584132194519
60,1,0,0.9924373030662537
61,1,0,0.8013187050819397
