,label,pred,score
0,1,1,0.995081901550293
1,0,1,0.9093241691589355
2,0,0,0.905082643032074
3,0,0,0.9914796352386475
4,1,0,0.996378481388092
5,1,0,0.9155499339103699
6,0,0,0.939655601978302
7,0,0,0.954704761505127
8,1,0,0.9909271001815796
9,0,1,0.9631747007369995
10,1,0,0.9987156391143799
11,0,0,0.9792900085449219
12,0,0,0.9978533387184143
13,1,1,0.587022602558136
14,1,0,0.6236135959625244
15,1,1,0.9839257001876831
16,0,0,0.9968084692955017
17,1,1,0.5647196173667908
18,1,1,0.9974759221076965
19,0,0,0.9979066848754883
