,label,pred,score
0,1,1,0.9992163181304932
1,0,0,0.8359368443489075
2,0,1,0.6672540903091431
3,0,0,0.9995105266571045
4,1,1,0.9997789263725281
5,0,0,0.9996784925460815
6,1,1,0.999752938747406
7,1,1,0.9995842576026917
8,0,0,0.9996931552886963
9,0,1,0.8525391221046448
10,0,0,0.9993447661399841
11,0,0,0.998773992061615
12,1,1,0.9997121691703796
13,1,0,0.9462279677391052
14,1,1,0.999660849571228
15,1,1,0.9995794892311096
16,1,1,0.9994750618934631
17,1,1,0.6034802794456482
18,1,1,0.9996148347854614
19,0,1,0.998221218585968
20,0,1,0.8584452867507935
21,0,0,0.9835954904556274
22,0,0,0.8196593523025513
23,1,1,0.999482274055481
24,0,0,0.9997182488441467
25,0,0,0.9997294545173645
26,1,1,0.9996138215065002
27,1,1,0.9996284246444702
28,1,1,0.9997482895851135
29,1,1,0.9991532564163208
30,0,0,0.9993756413459778
31,0,0,0.9985108971595764
32,1,1,0.993240475654602
33,1,1,0.999559223651886
34,1,1,0.9971326589584351
35,0,0,0.9996641874313354
36,1,0,0.9982241988182068
37,0,1,0.9997199177742004
38,0,1,0.9995679259300232
39,0,0,0.9008802771568298
40,0,0,0.9612232446670532
41,1,0,0.9221245646476746
42,0,0,0.9112715125083923
43,1,1,0.99967360496521
44,1,1,0.9997180104255676
45,1,1,0.9831710457801819
46,0,0,0.9995551705360413
47,0,0,0.9990155696868896
48,0,0,0.9929640293121338
49,1,1,0.9997281432151794
50,0,0,0.9997269511222839
51,1,1,0.9922884106636047
52,0,0,0.9997476935386658
53,0,0,0.9873399138450623
54,0,0,0.9990338087081909
55,1,0,0.6637818217277527
56,0,0,0.998781144618988
57,1,1,0.999276340007782
58,1,1,0.9991675615310669
59,0,0,0.9996656179428101
60,0,0,0.8554287552833557
61,1,0,0.640762209892273
62,0,0,0.9994427561759949
63,1,1,0.9989383816719055
64,1,1,0.9995457530021667
65,0,0,0.6504631042480469
66,0,1,0.9955238103866577
67,1,1,0.9517657160758972
68,0,0,0.999202311038971
69,0,1,0.9965613484382629
70,1,1,0.9967394471168518
71,1,1,0.9955013394355774
72,0,0,0.9991376399993896
73,0,1,0.997654914855957
74,1,1,0.9958046078681946
75,1,1,0.9992514252662659
76,1,1,0.9997040629386902
77,1,1,0.997479259967804
