,label,pred,score
0,1,1,0.9105347990989685
1,0,0,0.9128128886222839
2,0,0,0.8415154218673706
3,1,1,0.9677526950836182
4,1,1,0.5558696389198303
5,1,1,0.9795173406600952
6,0,0,0.776755154132843
7,0,0,0.618677020072937
8,1,1,0.9557432532310486
9,0,0,0.9052903652191162
10,1,0,0.6381164193153381
11,1,0,0.5916863679885864
12,0,0,0.9609615206718445
13,1,1,0.9196784496307373
14,1,1,0.7398203611373901
15,0,0,0.9694426655769348
16,1,0,0.5345397591590881
17,0,1,0.9855138063430786
18,0,0,0.911891520023346
19,1,0,0.5193659663200378
20,0,0,0.8369757533073425
21,0,1,0.7458422183990479
22,0,1,0.9143332242965698
23,1,1,0.5536760687828064
24,1,0,0.9381803274154663
25,0,0,0.9170870184898376
26,1,1,0.9848318696022034
27,1,0,0.6727305054664612
28,0,1,0.9383752942085266
29,1,0,0.7463011145591736
30,0,0,0.9385808110237122
31,0,1,0.6865705847740173
