,label,pred,score
0,1,1,0.9487393498420715
1,1,1,0.6636853814125061
2,1,1,0.9444910883903503
3,0,1,0.5904489755630493
4,0,0,0.9755017757415771
5,1,1,0.9228317737579346
6,0,1,0.6182184815406799
7,1,1,0.9512130618095398
8,0,0,0.9785122275352478
9,0,0,0.9043509364128113
10,0,1,0.5705022215843201
11,0,0,0.8951031565666199
12,1,1,0.7363682389259338
13,1,1,0.7901738882064819
14,0,0,0.7807567119598389
15,0,0,0.7768293619155884
16,1,1,0.9525007009506226
17,1,1,0.8819395899772644
18,1,0,0.6563404202461243
19,0,0,0.973897397518158
20,1,1,0.8766589164733887
21,1,1,0.8395357131958008
22,1,1,0.93937087059021
23,0,0,0.9390116333961487
24,1,0,0.8746985197067261
25,1,1,0.8177687525749207
26,1,0,0.6865922808647156
27,0,1,0.54090416431427
28,1,1,0.9619694948196411
29,0,0,0.8983638286590576
30,0,0,0.5852499008178711
31,0,1,0.8930177688598633
32,0,0,0.8970621228218079
33,1,1,0.5859600901603699
34,1,1,0.9354159235954285
35,0,0,0.9730111956596375
36,0,0,0.883805513381958
37,0,0,0.9568739533424377
38,0,0,0.9651005864143372
39,1,1,0.9130826592445374
40,0,0,0.9038213491439819
41,1,1,0.7499157786369324
42,0,0,0.756852388381958
43,1,1,0.9403063058853149
44,1,1,0.7585552930831909
45,0,0,0.5519765019416809
46,0,0,0.9583820700645447
47,0,0,0.954534113407135
48,1,0,0.8256617188453674
49,1,1,0.7372756004333496
50,0,0,0.8200492858886719
51,1,1,0.6968720555305481
52,1,1,0.918082594871521
53,0,0,0.5146597623825073
54,1,0,0.8998716473579407
55,0,0,0.7711906433105469
56,1,1,0.8556947708129883
57,0,0,0.6089437007904053
58,1,0,0.5132410526275635
59,1,1,0.9472967386245728
60,0,0,0.9040961265563965
61,0,0,0.9490777850151062
