,label,pred,score
0,0,0,0.9925656318664551
1,0,0,0.8850921988487244
2,1,1,0.5749554634094238
3,1,1,0.8002444505691528
4,0,0,0.9924705028533936
5,0,0,0.6622305512428284
6,1,0,0.9960715770721436
7,1,1,0.9900490045547485
8,1,1,0.7437576651573181
9,0,0,0.994383692741394
10,1,1,0.9795414805412292
11,1,1,0.8569958806037903
12,1,1,0.9904788732528687
13,0,0,0.985099732875824
14,1,1,0.7714328169822693
15,0,0,0.6270676255226135
16,0,0,0.8357769250869751
17,0,0,0.9475972056388855
18,1,1,0.9947789907455444
19,0,0,0.986177921295166
