,label,pred,score
0,0,0,0.9994370341300964
1,0,0,0.9997346997261047
2,0,0,0.9457433223724365
3,0,0,0.9994282126426697
4,1,1,0.9924490451812744
5,1,1,0.9996474981307983
6,0,0,0.9990832805633545
7,1,1,0.9996355772018433
8,1,1,0.9995810389518738
9,0,0,0.997857391834259
10,0,0,0.9993544220924377
11,1,1,0.9996100068092346
12,0,0,0.9995875954627991
13,1,1,0.9149802923202515
14,0,0,0.9982619881629944
15,1,0,0.9963935017585754
16,1,1,0.9997805953025818
17,1,0,0.5814950466156006
18,1,1,0.9997697472572327
19,1,0,0.8304542899131775
20,1,1,0.9976881742477417
21,1,1,0.997043788433075
22,0,0,0.9996064305305481
23,0,0,0.6169573068618774
24,0,0,0.9997026324272156
25,1,1,0.9997407793998718
26,1,1,0.9994807839393616
27,1,0,0.8199255466461182
28,1,1,0.9422157406806946
29,0,0,0.9973479509353638
30,1,1,0.9707332849502563
31,0,0,0.9977079629898071
32,0,0,0.9994513392448425
33,1,1,0.9996100068092346
34,0,0,0.9994339346885681
35,1,1,0.9995524287223816
36,0,0,0.9993239641189575
37,0,0,0.9902253746986389
38,1,1,0.9996180534362793
39,1,1,0.8696098327636719
40,0,0,0.9996408224105835
41,0,0,0.9873847961425781
42,0,1,0.9977133274078369
43,1,1,0.9478796720504761
44,0,0,0.9521109461784363
45,1,1,0.999531626701355
46,0,0,0.9994999170303345
47,0,0,0.9993166923522949
48,1,1,0.9978204965591431
49,1,1,0.9995786547660828
50,1,1,0.9968838095664978
51,1,1,0.9984511137008667
52,0,0,0.9996292591094971
53,0,0,0.9996084570884705
54,0,0,0.9954093098640442
55,1,1,0.9993809461593628
56,1,1,0.9996055960655212
57,0,1,0.8905409574508667
58,0,0,0.9994457364082336
59,0,0,0.9994906187057495
60,0,0,0.999519944190979
61,1,1,0.7546090483665466
