,label,pred,score
0,0,0,0.9927060008049011
1,1,1,0.8162032961845398
2,0,0,0.9879978895187378
3,1,1,0.6194531917572021
4,1,1,0.962935209274292
5,1,1,0.9839016795158386
6,0,0,0.986270546913147
7,0,0,0.9896835088729858
8,1,1,0.5938762426376343
9,0,0,0.962143063545227
10,0,1,0.9114688634872437
11,0,1,0.703432559967041
12,0,0,0.8966535329818726
13,1,1,0.9283595681190491
14,1,1,0.8288248777389526
15,0,0,0.8718114495277405
16,1,0,0.6330616474151611
17,1,1,0.9823457598686218
18,1,0,0.8064064979553223
19,0,0,0.990971565246582
20,0,0,0.9596832990646362
21,1,1,0.9474772214889526
22,0,0,0.9588338136672974
23,1,1,0.9478237628936768
24,1,1,0.9866045117378235
25,1,1,0.9844703674316406
26,0,0,0.9916813969612122
27,1,1,0.7632941603660583
28,0,0,0.9897639751434326
29,1,1,0.9683285355567932
30,0,0,0.9545434713363647
31,0,1,0.9809549450874329
