,label,pred,score
0,0,0,0.9722981452941895
1,1,1,0.9313481450080872
2,0,0,0.8498327136039734
3,1,1,0.7492133975028992
4,0,0,0.8981857895851135
5,0,0,0.9334789514541626
6,1,0,0.6746886968612671
7,1,1,0.7605757713317871
8,0,1,0.9184779524803162
9,0,0,0.8988881707191467
10,0,1,0.9861437082290649
11,1,1,0.8397036790847778
12,1,1,0.9053926467895508
13,1,1,0.8025444746017456
14,0,1,0.9794817566871643
15,1,1,0.9842707514762878
16,0,0,0.9514968991279602
17,0,0,0.9184679985046387
18,1,1,0.8930885195732117
19,1,1,0.9846383929252625
20,1,1,0.8907974362373352
21,0,0,0.9230144023895264
22,1,1,0.9492686986923218
23,1,1,0.9649308323860168
24,1,1,0.9419310092926025
25,0,0,0.9846802353858948
26,1,0,0.748385488986969
27,0,0,0.9779829978942871
28,0,0,0.983828067779541
29,1,1,0.9514222145080566
30,0,0,0.9879867434501648
31,0,0,0.951751172542572
