,label,pred,score
0,0,0,0.9854351282119751
1,0,0,0.9987596273422241
2,1,1,0.9983589053153992
3,0,0,0.9872388243675232
4,1,1,0.9345734715461731
5,0,1,0.7433255314826965
6,0,0,0.9987995624542236
7,1,0,0.753559947013855
8,0,0,0.9979903697967529
9,1,1,0.9641565084457397
10,0,0,0.9046967625617981
11,1,0,0.872110903263092
12,1,1,0.9971511960029602
13,1,0,0.997565507888794
14,1,1,0.993413507938385
15,1,1,0.9952999353408813
16,0,0,0.9624727368354797
17,0,1,0.8523662090301514
18,1,0,0.8162239193916321
19,0,0,0.998085618019104
