,label,pred,score
0,0,0,0.632761538028717
1,0,0,0.6250724792480469
2,0,0,0.880460262298584
3,0,0,0.5243782997131348
4,1,1,0.6888589262962341
5,1,1,0.6251887083053589
6,1,1,0.5541879534721375
7,0,1,0.9466649293899536
8,1,1,0.8558837175369263
9,1,1,0.8583659529685974
10,0,0,0.7114688754081726
11,0,0,0.9069232940673828
12,1,1,0.6725283861160278
13,1,1,0.8354343771934509
14,0,0,0.6136742830276489
15,1,1,0.9376854300498962
16,1,1,0.7377645969390869
17,0,0,0.7617906928062439
18,0,1,0.6603630781173706
19,1,1,0.7582105398178101
20,0,1,0.5563690662384033
21,0,0,0.5457510352134705
22,1,1,0.6869840621948242
23,0,0,0.7508057355880737
24,1,1,0.8026217222213745
25,0,0,0.8770550489425659
26,0,0,0.6694948673248291
27,1,0,0.8388505578041077
28,1,1,0.6555518507957458
29,0,1,0.7757492065429688
30,1,1,0.7136614322662354
31,1,1,0.9441617727279663
