,label,pred,score
0,1,1,0.9912580847740173
1,0,0,0.9945117235183716
2,0,0,0.9891295433044434
3,1,1,0.9904593229293823
4,1,1,0.9735473990440369
5,1,1,0.9968352913856506
6,0,0,0.992222249507904
7,0,0,0.5674671530723572
8,1,1,0.9758477807044983
9,0,0,0.9971091151237488
10,1,1,0.9852012991905212
11,1,0,0.9140631556510925
12,0,0,0.9934519529342651
13,1,1,0.9908860921859741
14,1,1,0.9353494048118591
15,0,0,0.9961414933204651
16,1,1,0.9946759939193726
17,0,1,0.9940242171287537
18,0,0,0.9966233968734741
19,1,1,0.8641706109046936
20,0,0,0.9947150349617004
21,0,1,0.9950650334358215
22,0,0,0.9396689534187317
23,1,1,0.9945816397666931
24,1,1,0.7592824101448059
25,0,0,0.9950377345085144
26,1,1,0.997376561164856
27,1,0,0.9821763634681702
28,0,0,0.6766433715820312
29,1,1,0.9672014713287354
30,0,0,0.9969134330749512
31,0,1,0.9689138531684875
