,label,pred,score
0,0,0,0.5397353768348694
1,1,1,0.9757564067840576
2,0,0,0.9984721541404724
3,0,0,0.5413587093353271
4,0,0,0.9651296734809875
5,0,0,0.9981885552406311
6,0,0,0.9978083968162537
7,1,1,0.9374089241027832
8,1,1,0.9944257736206055
9,0,0,0.9959558248519897
10,1,1,0.9954896569252014
11,0,0,0.997669517993927
12,1,1,0.9971524477005005
13,0,1,0.9561268091201782
14,0,0,0.9671452641487122
15,1,1,0.9897125959396362
16,1,1,0.9187320470809937
17,0,0,0.9980449676513672
18,1,1,0.9928086996078491
19,1,1,0.7226752042770386
20,0,0,0.997276246547699
21,0,0,0.9974989295005798
22,1,0,0.8111319541931152
23,1,1,0.9967719912528992
24,0,0,0.9955052137374878
25,0,0,0.9981365203857422
26,1,1,0.9883630871772766
27,0,0,0.9953822493553162
28,1,1,0.9895437955856323
29,0,0,0.9968208074569702
30,0,0,0.985473096370697
31,1,1,0.9978578686714172
32,1,1,0.9888973832130432
33,1,1,0.9952131509780884
34,0,0,0.9986042380332947
35,1,1,0.9800517559051514
36,0,0,0.9945744872093201
37,1,0,0.6123305559158325
38,1,1,0.9909255504608154
39,0,0,0.9978967905044556
40,0,0,0.9971621036529541
41,1,1,0.9968697428703308
42,1,1,0.9243510961532593
43,0,0,0.9962087869644165
44,1,1,0.9953448176383972
45,1,1,0.9902055859565735
46,1,1,0.9801681041717529
47,1,1,0.9947807192802429
48,0,0,0.9974486231803894
49,0,0,0.9968236684799194
50,1,1,0.9949748516082764
51,1,1,0.5846083760261536
52,1,0,0.992890477180481
53,1,1,0.8409544229507446
54,0,0,0.9978768825531006
55,1,1,0.6450062394142151
56,1,1,0.9947499632835388
57,0,1,0.7571774125099182
58,0,0,0.9980332255363464
59,0,0,0.9977976083755493
60,0,1,0.9668916463851929
61,1,0,0.6704899072647095
62,1,1,0.9639373421669006
63,1,1,0.9942223429679871
64,1,1,0.9964147806167603
65,1,0,0.831691563129425
66,0,0,0.6426953077316284
67,1,1,0.7009196281433105
68,0,0,0.9663210511207581
69,1,1,0.9944455623626709
70,0,0,0.5387628078460693
71,0,0,0.9963647723197937
72,0,0,0.9956377148628235
73,0,0,0.9965787529945374
74,0,0,0.9328052997589111
75,1,1,0.9673352837562561
76,0,0,0.8698497414588928
77,0,0,0.9876798391342163
