,label,pred,score
0,0,0,0.9495278000831604
1,0,0,0.9387606978416443
2,0,0,0.8124416470527649
3,0,0,0.7325405478477478
4,1,0,0.7828719019889832
5,1,0,0.8593021631240845
6,1,0,0.7917805910110474
7,0,1,0.9300518035888672
8,1,0,0.605258047580719
9,1,0,0.6807756423950195
10,0,0,0.9427719712257385
11,0,0,0.6248139142990112
12,1,0,0.6740586757659912
13,1,0,0.5438564419746399
14,0,0,0.5315776467323303
15,1,1,0.9312453866004944
16,1,0,0.6949101686477661
17,0,0,0.8575747013092041
18,0,1,0.6438289284706116
19,1,0,0.7637004852294922
20,0,1,0.6926464438438416
21,0,0,0.9439828991889954
22,1,1,0.737580418586731
23,0,0,0.8495595455169678
24,1,0,0.7837108969688416
25,0,0,0.9377379417419434
26,0,0,0.9522229433059692
27,1,0,0.7223060131072998
28,1,1,0.6164907217025757
29,0,1,0.8138587474822998
30,1,0,0.8520821332931519
31,1,1,0.9373247027397156
