,label,pred,score
0,1,1,0.9678499102592468
1,0,1,0.8248964548110962
2,0,0,0.813998818397522
3,0,0,0.9389218688011169
4,1,1,0.7625876069068909
5,1,0,0.7576069235801697
6,0,0,0.7781046628952026
7,0,0,0.8274156451225281
8,1,0,0.9198928475379944
9,0,1,0.9286942481994629
10,1,0,0.973136305809021
11,0,0,0.9332795739173889
12,0,0,0.9566354155540466
13,1,1,0.920845091342926
14,1,1,0.9182136654853821
15,1,1,0.897255539894104
16,0,0,0.9218559265136719
17,1,1,0.9096059203147888
18,1,1,0.9655222296714783
19,0,0,0.9747983813285828
