,label,pred,score
0,0,0,0.9012163281440735
1,0,0,0.9875691533088684
2,0,0,0.9552934169769287
3,0,0,0.972118079662323
4,1,1,0.965853750705719
5,1,1,0.9500247240066528
6,1,1,0.9365094304084778
7,0,1,0.985201895236969
8,1,1,0.9101700782775879
9,1,1,0.9321713447570801
10,0,0,0.9876264929771423
11,0,0,0.9855667352676392
12,1,1,0.8800660371780396
13,1,1,0.8636676073074341
14,0,0,0.8401582837104797
15,1,1,0.9842979311943054
16,1,1,0.8953211903572083
17,0,0,0.950920045375824
18,0,1,0.9270532131195068
19,1,1,0.9400738477706909
20,0,1,0.8980563879013062
21,0,0,0.8963763117790222
22,1,1,0.6764645576477051
23,0,0,0.8972591161727905
24,1,1,0.9377650022506714
25,0,0,0.9865396618843079
26,0,0,0.9851594567298889
27,1,0,0.8006929755210876
28,1,1,0.959400475025177
29,0,1,0.5297334790229797
30,1,1,0.9004290699958801
31,1,1,0.9846924543380737
