,label,pred,score
0,1,1,0.9648339748382568
1,0,0,0.9684671759605408
2,0,0,0.9664657711982727
3,1,1,0.9361280798912048
4,1,1,0.9717012047767639
5,1,1,0.9344192743301392
6,0,0,0.9328401684761047
7,0,0,0.9264522194862366
8,1,1,0.9379799365997314
9,0,0,0.9779072999954224
10,1,1,0.9306362271308899
11,1,0,0.7247838973999023
12,0,0,0.9062319993972778
13,1,1,0.9063916802406311
14,1,1,0.9755021333694458
15,0,0,0.9740011096000671
16,1,1,0.9762943387031555
17,0,1,0.9771926999092102
18,0,0,0.9868476986885071
19,1,1,0.9020877480506897
20,0,0,0.9600850939750671
21,0,1,0.9883273243904114
22,0,0,0.63495934009552
23,1,1,0.9386482238769531
24,1,1,0.6994714140892029
25,0,0,0.9819046854972839
26,1,1,0.9619162678718567
27,1,1,0.805039644241333
28,0,1,0.8638097047805786
29,1,1,0.9291796684265137
30,0,0,0.9858444929122925
31,0,1,0.9350161552429199
