,label,pred,score
0,1,0,0.500023365020752
1,0,0,0.500023365020752
2,1,0,0.500023365020752
3,1,0,0.500023365020752
4,1,0,0.500023365020752
5,1,0,0.500023365020752
6,0,0,0.500023365020752
7,0,0,0.500023365020752
8,0,0,0.500023365020752
9,0,0,0.500023365020752
10,1,0,0.500023365020752
11,1,0,0.500023365020752
12,1,0,0.500023365020752
13,0,0,0.500023365020752
14,1,0,0.500023365020752
15,1,0,0.500023365020752
16,0,0,0.500023365020752
17,0,0,0.500023365020752
18,0,0,0.500023365020752
19,0,0,0.500023365020752
