,label,pred,score
0,1,0,0.6040891408920288
1,1,0,0.6040900349617004
2,1,0,0.6040900349617004
3,0,1,0.5024634003639221
4,0,0,0.6040900349617004
5,1,1,0.6523776650428772
6,1,1,0.651978075504303
7,0,1,0.624142587184906
8,1,0,0.502147912979126
9,0,1,0.6257701516151428
10,0,0,0.6040900349617004
11,0,0,0.6040900349617004
12,0,0,0.6040900349617004
13,0,1,0.6802600026130676
14,0,1,0.6522089838981628
15,1,1,0.624891459941864
16,1,1,0.7701844573020935
17,1,1,0.771870493888855
18,1,0,0.6040900349617004
19,0,1,0.6062286496162415
20,1,0,0.6040900349617004
21,1,0,0.6040900349617004
22,0,0,0.6040900349617004
23,0,0,0.6040891408920288
24,0,1,0.6489409804344177
25,1,0,0.6040900349617004
26,0,0,0.5743541121482849
27,1,0,0.6039964556694031
28,0,0,0.6040900349617004
29,1,1,0.5472155809402466
30,1,0,0.6040869951248169
31,0,0,0.6040900349617004
