,label,pred,score
0,0,0,0.5066405534744263
1,0,0,0.5066405534744263
2,1,0,0.7386654019355774
3,1,0,0.7799357175827026
4,1,0,0.5066405534744263
5,1,0,0.5066405534744263
6,1,0,0.5066405534744263
7,0,0,0.5066405534744263
8,1,0,0.5066405534744263
9,1,0,0.5066356062889099
10,1,0,0.5066405534744263
11,1,0,0.5066405534744263
12,0,0,0.5746685266494751
13,0,0,0.5066405534744263
14,1,0,0.5066405534744263
15,1,0,0.5066405534744263
16,0,0,0.5066405534744263
17,1,0,0.5066405534744263
18,0,0,0.5079839825630188
19,1,0,0.7395874261856079
20,1,0,0.5066405534744263
21,1,0,0.5066405534744263
22,1,0,0.6214240789413452
23,1,0,0.7943544983863831
24,0,0,0.5066405534744263
25,0,0,0.5066405534744263
26,0,0,0.5066405534744263
27,1,0,0.5066405534744263
28,0,0,0.7837154269218445
29,0,0,0.6165110468864441
30,0,0,0.6900683641433716
31,1,0,0.6321519017219543
32,1,0,0.5066405534744263
33,0,0,0.6214240789413452
34,0,0,0.5066405534744263
35,0,0,0.5066405534744263
36,0,0,0.5066405534744263
37,1,0,0.7943544983863831
38,0,0,0.8151732683181763
39,0,0,0.6900683641433716
40,0,0,0.5066405534744263
41,1,0,0.5066405534744263
42,0,0,0.6214240789413452
43,0,0,0.5066405534744263
44,1,0,0.5066405534744263
45,0,0,0.5066405534744263
46,0,0,0.5066405534744263
47,0,0,0.5066405534744263
48,1,0,0.5277590751647949
49,1,0,0.5066405534744263
50,0,0,0.5066405534744263
51,0,0,0.5066405534744263
52,1,0,0.5066405534744263
53,0,0,0.5066405534744263
54,0,0,0.5066405534744263
55,1,0,0.7347402572631836
56,1,0,0.5066405534744263
57,0,0,0.5066405534744263
58,1,0,0.5066405534744263
59,1,0,0.7799357175827026
60,0,0,0.5066405534744263
61,1,0,0.5277590751647949
