,label,pred,score
0,0,1,0.6193907856941223
1,0,0,0.5588915348052979
2,1,0,0.6491904854774475
3,1,1,0.6193907856941223
4,0,0,0.7102780938148499
5,0,0,0.5588915348052979
6,0,0,0.5588915348052979
7,0,0,0.7297409772872925
8,0,0,0.5588915348052979
9,1,0,0.6417425274848938
10,1,0,0.6383992433547974
11,1,0,0.5588915348052979
12,1,0,0.6248070597648621
13,0,0,0.6417425274848938
14,1,0,0.6677531599998474
15,0,0,0.5588915348052979
16,0,0,0.5588915348052979
17,0,0,0.5588915348052979
18,1,0,0.6383992433547974
19,0,0,0.5588915348052979
20,0,0,0.5588915348052979
21,0,0,0.5588915348052979
22,0,0,0.5588915348052979
23,1,0,0.5588915348052979
24,0,0,0.5588915348052979
25,1,0,0.5588915348052979
26,1,0,0.6078612208366394
27,0,0,0.5588915348052979
28,0,0,0.5588915348052979
29,0,0,0.5588915348052979
30,1,0,0.6417425274848938
31,0,0,0.5588915348052979
32,1,0,0.6383992433547974
33,0,0,0.5588915348052979
34,1,0,0.5588915348052979
35,0,0,0.5588915348052979
36,1,0,0.6677531599998474
37,1,0,0.5588915348052979
38,0,0,0.5588915348052979
39,1,0,0.5588915348052979
40,0,0,0.5588915348052979
41,0,0,0.5588915348052979
42,1,0,0.6417425274848938
43,1,0,0.6383992433547974
44,1,0,0.5588915348052979
45,1,0,0.5588915348052979
46,1,0,0.6813960671424866
47,1,0,0.5588915348052979
48,1,1,0.6193907856941223
49,1,0,0.7934990525245667
50,0,0,0.5588915348052979
51,1,0,0.5588915348052979
52,1,0,0.5588915348052979
53,0,0,0.5588915348052979
54,0,0,0.6486854553222656
55,1,0,0.6361178755760193
56,1,0,0.7013880610466003
57,1,0,0.6677531599998474
58,1,0,0.5588915348052979
59,1,0,0.5588915348052979
60,0,0,0.5588915348052979
61,0,0,0.5588915348052979
62,1,0,0.5924847722053528
63,0,0,0.5588915348052979
64,0,0,0.5588915348052979
65,1,0,0.5588915348052979
66,0,0,0.5588915348052979
67,1,0,0.515872597694397
68,1,0,0.5588915348052979
69,1,0,0.6361178755760193
70,0,0,0.5588915348052979
71,0,0,0.5588915348052979
72,0,0,0.5588915348052979
73,1,0,0.5588915348052979
74,1,0,0.5588915348052979
75,0,0,0.5588915348052979
76,0,0,0.6417425274848938
77,0,0,0.5588915348052979
