,label,pred,score
0,0,1,0.5326512455940247
1,0,1,0.7111048102378845
2,1,0,0.5154653191566467
3,1,1,0.5326512455940247
4,0,1,0.5326512455940247
5,1,1,0.5326512455940247
6,1,1,0.5326512455940247
7,1,1,0.5326512455940247
8,1,1,0.5326512455940247
9,0,1,0.5326512455940247
10,0,1,0.573128879070282
11,1,1,0.5326512455940247
12,0,1,0.6270092725753784
13,1,1,0.5326512455940247
14,1,1,0.5326512455940247
15,0,1,0.5326512455940247
16,0,1,0.5326512455940247
17,0,1,0.5326512455940247
18,0,1,0.5326512455940247
19,0,1,0.5326512455940247
20,1,1,0.5326512455940247
21,0,1,0.5326512455940247
22,1,1,0.5326512455940247
23,0,1,0.6270092725753784
24,0,1,0.5326512455940247
25,1,0,0.5154653787612915
26,1,1,0.7283031940460205
27,0,1,0.5326512455940247
28,1,1,0.5326512455940247
29,1,1,0.5326512455940247
30,1,1,0.7671326398849487
31,0,1,0.573128879070282
32,0,1,0.5326512455940247
33,0,1,0.5326512455940247
34,1,1,0.6567010283470154
35,0,1,0.5326512455940247
36,0,1,0.5326512455940247
37,0,1,0.5326512455940247
38,0,1,0.5326512455940247
39,1,1,0.6280419230461121
40,1,1,0.5325573086738586
41,1,1,0.5326512455940247
42,1,1,0.5326512455940247
43,0,1,0.6892911195755005
44,0,1,0.6821972727775574
45,0,1,0.6307531595230103
46,0,1,0.5326512455940247
47,0,1,0.5326512455940247
48,1,1,0.5326512455940247
49,1,1,0.6567010283470154
50,1,1,0.5326512455940247
51,0,1,0.5985796451568604
52,1,1,0.6543510556221008
53,1,1,0.7671326398849487
54,0,1,0.5326512455940247
55,0,1,0.5326512455940247
56,1,1,0.6148984432220459
57,1,1,0.6270092725753784
58,1,1,0.5326512455940247
59,1,1,0.5326512455940247
60,0,1,0.5326512455940247
61,1,1,0.5326512455940247
