,label,pred,score
0,1,1,0.5001896023750305
1,1,1,0.5001896023750305
2,0,1,0.5001896023750305
3,0,1,0.5001896023750305
4,1,1,0.5001896023750305
5,1,1,0.5001896023750305
6,1,1,0.5001896023750305
7,1,1,0.5001896023750305
8,1,1,0.5001896023750305
9,1,1,0.5001896023750305
10,0,1,0.5001896023750305
11,0,1,0.5001896023750305
12,1,1,0.5001896023750305
13,0,1,0.5001896023750305
14,0,1,0.5001896023750305
15,0,1,0.5001896023750305
16,1,1,0.5001896023750305
17,0,1,0.5001896023750305
18,0,1,0.5001896023750305
19,0,1,0.5001896023750305
