,label,pred,score
0,1,0,0.50001460313797
1,0,0,0.50001460313797
2,1,0,0.50001460313797
3,0,0,0.50001460313797
4,1,0,0.50001460313797
5,0,0,0.50001460313797
6,1,0,0.50001460313797
7,0,0,0.50001460313797
8,1,0,0.50001460313797
9,1,0,0.50001460313797
10,1,0,0.50001460313797
11,1,0,0.50001460313797
12,0,0,0.50001460313797
13,0,0,0.50001460313797
14,1,0,0.50001460313797
15,0,0,0.50001460313797
16,0,0,0.50001460313797
17,0,0,0.50001460313797
18,0,0,0.50001460313797
19,1,0,0.50001460313797
