,label,pred,score
0,1,1,0.5008789896965027
1,0,0,0.5053386092185974
2,0,0,0.5053386092185974
3,1,0,0.5053386092185974
4,0,0,0.5053386092185974
5,0,0,0.5053386092185974
6,1,0,0.5053386092185974
7,1,0,0.54112309217453
8,1,1,0.5177021622657776
9,1,0,0.5053386092185974
10,1,0,0.5053386092185974
11,1,0,0.5053386092185974
12,0,0,0.5053386092185974
13,0,0,0.5053386092185974
14,0,0,0.5053386092185974
15,0,1,0.5194165706634521
16,1,0,0.5053386092185974
17,0,0,0.5043386220932007
18,0,0,0.5053386092185974
19,0,0,0.5053386092185974
20,0,1,0.5057127475738525
21,1,0,0.5053386092185974
22,0,0,0.5053386092185974
23,1,1,0.5166205763816833
24,0,1,0.5159198045730591
25,1,0,0.513576865196228
26,1,0,0.5053386092185974
27,1,1,0.5166205763816833
28,1,1,0.5057127475738525
29,1,0,0.513576865196228
30,1,0,0.5053386092185974
31,1,0,0.5053340196609497
32,1,1,0.5108221769332886
33,1,0,0.5053386092185974
34,0,1,0.5079631805419922
35,0,0,0.5011197328567505
36,1,0,0.5053386092185974
37,1,0,0.5053386092185974
38,0,0,0.5053386092185974
39,0,0,0.5053386092185974
40,1,0,0.5261722803115845
41,0,0,0.5011197328567505
42,1,0,0.5053386092185974
43,0,0,0.5053386092185974
44,0,0,0.5053386092185974
45,0,0,0.5053386092185974
46,0,0,0.5053386092185974
47,1,0,0.54112309217453
48,1,0,0.5053386092185974
49,1,0,0.5053386092185974
50,0,0,0.5053386092185974
51,1,0,0.5053386092185974
52,1,0,0.5053386092185974
53,0,0,0.5053386092185974
54,1,0,0.5053386092185974
55,0,0,0.5053386092185974
56,0,1,0.5057127475738525
57,0,0,0.5053386092185974
58,1,0,0.5053386092185974
59,0,0,0.5053386092185974
60,0,1,0.5183300971984863
61,0,0,0.5053386092185974
