,label,pred,score
0,1,1,0.5206007361412048
1,0,1,0.5206007361412048
2,1,1,0.5206007361412048
3,0,0,0.5269476771354675
4,0,1,0.5206007361412048
5,1,1,0.5206007361412048
6,0,1,0.5206007361412048
7,1,0,0.5762482285499573
8,0,1,0.5206007361412048
9,0,1,0.5206007361412048
10,1,0,0.6158751845359802
11,0,1,0.5206007361412048
12,0,0,0.5325031280517578
13,0,1,0.5206007361412048
14,1,1,0.5206007361412048
15,1,1,0.5206007361412048
16,0,1,0.5206007361412048
17,0,1,0.5206007361412048
18,1,1,0.5206007361412048
19,1,0,0.7027744650840759
20,0,1,0.5206007361412048
21,1,1,0.5206007361412048
22,1,0,0.7027744650840759
23,1,0,0.5340389609336853
24,1,1,0.5206007361412048
25,1,1,0.5206007361412048
26,1,0,0.5029471516609192
27,0,1,0.5140019655227661
28,1,1,0.5206007361412048
29,0,1,0.5102928876876831
30,1,1,0.5206007361412048
31,1,1,0.5206007361412048
32,1,1,0.5206007361412048
33,0,1,0.5206007361412048
34,0,0,0.6731768846511841
35,1,0,0.5805753469467163
36,1,1,0.5206007361412048
37,0,1,0.5206007361412048
38,0,1,0.5206007361412048
39,1,0,0.5325031280517578
40,0,1,0.5206007361412048
41,0,0,0.5269476771354675
42,0,1,0.5206007361412048
43,1,1,0.665755033493042
44,1,1,0.5206007361412048
45,0,1,0.5206007361412048
46,1,1,0.5206007361412048
47,1,0,0.6158751845359802
48,0,0,0.5325031280517578
49,0,1,0.5206007361412048
50,1,1,0.5206007361412048
51,0,0,0.6928263306617737
52,0,1,0.5206007361412048
53,0,1,0.5206007361412048
54,0,1,0.5206007361412048
55,0,1,0.6448603868484497
56,0,1,0.5206007361412048
57,1,1,0.5206007361412048
58,1,1,0.5206007361412048
59,1,1,0.5206007361412048
60,0,1,0.5206007361412048
61,1,1,0.665755033493042
