,label,pred,score
0,0,1,0.6240903735160828
1,0,1,0.6218061447143555
2,0,0,0.5623478889465332
3,1,1,0.6025996804237366
4,1,0,0.5623478889465332
5,1,1,0.6025996804237366
6,1,0,0.5623478889465332
7,1,0,0.5623478889465332
8,0,0,0.5623478889465332
9,1,1,0.6368711590766907
10,0,0,0.562347948551178
11,0,1,0.6067560911178589
12,0,1,0.6196467280387878
13,0,0,0.562347948551178
14,0,0,0.562347948551178
15,0,0,0.5623478889465332
16,0,0,0.5623478889465332
17,1,1,0.6218061447143555
18,1,0,0.5623478889465332
19,0,0,0.5623478889465332
20,1,0,0.5623478889465332
21,1,1,0.6673625111579895
22,1,0,0.5623478889465332
23,1,0,0.5623478889465332
24,1,0,0.5623478889465332
25,1,0,0.5623478889465332
26,0,1,0.6025996804237366
27,0,0,0.5623478889465332
28,1,0,0.5623478889465332
29,0,1,0.5920291543006897
30,0,0,0.5623478889465332
31,1,0,0.5623478889465332
