,label,pred,score
0,0,0,0.6449881196022034
1,0,0,0.6449881196022034
2,1,1,0.5499106049537659
3,1,1,0.6141221523284912
4,0,0,0.5144042372703552
5,0,0,0.6449881196022034
6,0,0,0.6449881196022034
7,0,0,0.5389649868011475
8,1,0,0.6449881196022034
9,0,0,0.5215830206871033
10,1,0,0.6449881196022034
11,0,0,0.6449881196022034
12,1,0,0.5215830206871033
13,0,0,0.6449881196022034
14,1,0,0.6449881196022034
15,0,1,0.5644375681877136
16,1,0,0.6449880599975586
17,1,0,0.6449880599975586
18,0,0,0.6449880599975586
19,1,0,0.6449880599975586
20,1,0,0.6449880599975586
21,0,1,0.518648624420166
22,1,0,0.6449880599975586
23,1,0,0.6449880599975586
24,1,0,0.6449880599975586
25,0,0,0.6449880599975586
26,1,0,0.5215830206871033
27,0,0,0.6449880599975586
28,0,0,0.5244499444961548
29,0,0,0.6449880599975586
30,1,0,0.6449880599975586
31,1,0,0.5389649868011475
