,label,pred,score
0,1,0,0.7181797027587891
1,0,0,0.7181797027587891
2,0,0,0.7181797027587891
3,0,0,0.7181797027587891
4,0,0,0.7181797027587891
5,1,0,0.7181797027587891
6,1,0,0.6440710425376892
7,1,0,0.7181797027587891
8,0,0,0.7181797027587891
9,0,0,0.7181797027587891
10,1,0,0.7181797027587891
11,1,0,0.7181797027587891
12,1,0,0.6331681609153748
13,0,0,0.7181797027587891
14,0,0,0.7181797027587891
15,1,0,0.6873465180397034
16,1,0,0.7181797027587891
17,0,0,0.6331681609153748
18,1,0,0.6331681609153748
19,0,0,0.7181797027587891
20,0,0,0.6421392560005188
21,0,0,0.617328941822052
22,1,0,0.7181797027587891
23,1,0,0.7181797027587891
24,0,0,0.6173664331436157
25,0,0,0.6602001190185547
26,1,0,0.7181797027587891
27,0,0,0.7181797027587891
28,0,0,0.6440710425376892
29,1,0,0.691581130027771
30,1,0,0.7181797027587891
31,1,0,0.7181797027587891
