,label,pred,score
0,1,1,0.5165267586708069
1,0,1,0.5165267586708069
2,0,1,0.5165267586708069
3,1,1,0.5165267586708069
4,1,1,0.5165267586708069
5,1,1,0.5165267586708069
6,1,1,0.5165267586708069
7,1,1,0.5165267586708069
8,1,1,0.5165267586708069
9,0,1,0.5165267586708069
10,0,1,0.5165267586708069
11,1,1,0.5165267586708069
12,1,1,0.5165267586708069
13,0,1,0.5165267586708069
14,0,1,0.5165267586708069
15,0,1,0.5165267586708069
16,1,1,0.5165267586708069
17,0,1,0.5165267586708069
18,0,1,0.5165267586708069
19,0,1,0.5165267586708069
