,label,pred,score
0,0,1,0.5000020265579224
1,1,1,0.5000020265579224
2,1,1,0.5000020265579224
3,1,1,0.5000020265579224
4,0,1,0.5000020265579224
5,1,1,0.5000020265579224
6,0,1,0.5000020265579224
7,1,1,0.5000020265579224
8,1,1,0.5000020265579224
9,1,1,0.5000020265579224
10,1,1,0.5000020265579224
11,0,1,0.5000020265579224
12,0,1,0.5000020265579224
13,0,1,0.5000020265579224
14,0,1,0.5000020265579224
15,0,1,0.5000020265579224
16,0,1,0.5000020265579224
17,1,1,0.5000020265579224
18,1,1,0.5000020265579224
19,0,1,0.5000020265579224
