,label,pred,score
0,0,0,0.500036358833313
1,0,0,0.500036358833313
2,0,0,0.500036358833313
3,1,0,0.500036358833313
4,1,0,0.500036358833313
5,1,0,0.500036358833313
6,1,0,0.500036358833313
7,1,0,0.500036358833313
8,1,0,0.500036358833313
9,0,0,0.500036358833313
10,0,0,0.500036358833313
11,1,0,0.500036358833313
12,1,0,0.500036358833313
13,0,0,0.500036358833313
14,0,0,0.500036358833313
15,0,0,0.500036358833313
16,1,0,0.500036358833313
17,0,0,0.500036358833313
18,1,0,0.500036358833313
19,0,0,0.500036358833313
