,label,pred,score
0,1,1,0.5000319480895996
1,0,1,0.5000319480895996
2,0,1,0.5000319480895996
3,1,1,0.5000319480895996
4,0,1,0.5000319480895996
5,1,1,0.5000319480895996
6,1,1,0.5000319480895996
7,1,1,0.5000319480895996
8,1,1,0.5000319480895996
9,1,1,0.5000319480895996
10,1,1,0.5000319480895996
11,0,1,0.5000319480895996
12,0,1,0.5000319480895996
13,0,1,0.5000319480895996
14,0,1,0.5000319480895996
15,1,1,0.5000319480895996
16,1,1,0.5000319480895996
17,0,1,0.5000319480895996
18,0,1,0.5000319480895996
19,0,1,0.5000319480895996
