,label,pred,score
0,1,1,0.5040302872657776
1,0,1,0.5040302872657776
2,1,0,0.5229782462120056
3,0,1,0.5040302872657776
4,1,0,0.5380133390426636
5,0,1,0.5040302872657776
6,0,1,0.5040302872657776
7,0,1,0.5040302872657776
8,0,1,0.5040302872657776
9,1,0,0.5474149584770203
10,1,0,0.5423234701156616
11,0,0,0.5501238107681274
12,1,1,0.5040302872657776
13,1,1,0.5040302872657776
14,1,1,0.5040302872657776
15,1,0,0.5387491583824158
16,1,1,0.5040302872657776
17,0,1,0.5040302872657776
18,0,0,0.5519024729728699
19,0,0,0.5519024729728699
20,1,1,0.5040302872657776
21,1,1,0.5040302872657776
22,0,1,0.5040302872657776
23,0,1,0.5040302872657776
24,1,1,0.5040302872657776
25,0,0,0.5285896062850952
26,1,1,0.5040302872657776
27,0,0,0.5167560577392578
28,0,1,0.5040302872657776
29,1,0,0.5796911716461182
30,1,0,0.5796911716461182
31,1,1,0.5040302872657776
32,1,0,0.5474149584770203
33,0,1,0.5040302872657776
34,1,1,0.5040302872657776
35,0,1,0.5040302872657776
36,0,1,0.5040302872657776
37,0,1,0.5040302872657776
38,1,1,0.5040302872657776
39,0,1,0.5040302872657776
40,0,1,0.5040302872657776
41,1,0,0.5458732843399048
42,1,1,0.5040302872657776
43,0,1,0.5040302872657776
44,1,0,0.5380133986473083
45,1,1,0.5040302872657776
46,1,0,0.5284299850463867
47,0,1,0.5040302872657776
48,1,1,0.5040302872657776
49,0,1,0.5040302872657776
50,1,1,0.5040302872657776
51,0,1,0.5040302872657776
52,0,1,0.5040302872657776
53,0,0,0.5229782462120056
54,0,1,0.5040302872657776
55,1,1,0.5040302872657776
56,1,1,0.5040302872657776
57,1,1,0.5040302872657776
58,0,0,0.5229782462120056
59,1,1,0.5040302872657776
60,0,0,0.5105956792831421
61,0,0,0.5421051383018494
