,label,pred,score
0,1,1,0.5931612253189087
1,0,0,0.5073091983795166
2,1,0,0.515460193157196
3,1,1,0.57382732629776
4,1,1,0.5196764469146729
5,1,0,0.515460193157196
6,0,0,0.515460193157196
7,1,0,0.515460193157196
8,1,0,0.515460193157196
9,1,0,0.515460193157196
10,1,0,0.515460193157196
11,0,0,0.515460193157196
12,0,1,0.5628629922866821
13,0,0,0.515460193157196
14,0,0,0.515460193157196
15,0,1,0.5313920378684998
16,0,0,0.515460193157196
17,1,0,0.5154433846473694
18,1,0,0.5154433846473694
19,1,0,0.5154601335525513
20,0,0,0.5154601335525513
21,1,0,0.515460193157196
22,0,0,0.5154542326927185
23,0,1,0.5196764469146729
24,0,1,0.5550484657287598
25,0,0,0.5154601335525513
26,0,1,0.5370272397994995
27,1,0,0.5073091983795166
28,1,1,0.5196764469146729
29,0,0,0.5154599547386169
30,1,0,0.5154601335525513
31,0,0,0.515460193157196
