,label,pred,score
0,1,0,0.5001283884048462
1,1,0,0.5001283884048462
2,1,0,0.5001283884048462
3,1,0,0.5001283884048462
4,0,0,0.5001283884048462
5,1,0,0.5001283884048462
6,0,0,0.5001283884048462
7,1,0,0.5001283884048462
8,0,0,0.5001283884048462
9,1,0,0.5001283884048462
10,1,0,0.5001283884048462
11,0,0,0.5001283884048462
12,0,0,0.5001283884048462
13,0,0,0.5001283884048462
14,0,0,0.5001283884048462
15,1,0,0.5001283884048462
16,0,0,0.5001283884048462
17,0,0,0.5001283884048462
18,0,0,0.5001283884048462
19,1,0,0.5001283884048462
