,label,pred,score
0,0,0,0.5741117596626282
1,0,0,0.5741117596626282
2,1,0,0.5406101942062378
3,1,0,0.5069408416748047
4,1,0,0.5670256018638611
5,1,0,0.5741117596626282
6,1,1,0.5808559656143188
7,0,0,0.5741117596626282
8,1,0,0.5458868145942688
9,0,0,0.5741117596626282
10,0,0,0.5394307374954224
11,0,0,0.5259615778923035
12,1,0,0.5741117596626282
13,0,0,0.5741117596626282
14,1,0,0.5741117596626282
15,1,0,0.5069408416748047
16,0,0,0.5741117596626282
17,0,0,0.5741117596626282
18,1,0,0.5670256018638611
19,1,0,0.5069408416748047
20,1,0,0.5495321750640869
21,0,1,0.5024034976959229
22,1,0,0.5670256018638611
23,0,0,0.5741117596626282
24,1,0,0.5394307374954224
25,0,0,0.5741117596626282
26,0,0,0.5741117596626282
27,1,1,0.5938776731491089
28,0,0,0.5741117596626282
29,0,0,0.5741117596626282
30,1,0,0.5077807903289795
31,1,1,0.5255355834960938
32,1,0,0.5741117596626282
33,0,0,0.5741117596626282
34,0,0,0.5741117596626282
35,0,0,0.552330732345581
36,1,0,0.5741117596626282
37,1,0,0.5741117596626282
38,1,0,0.5077807903289795
39,1,0,0.5551127791404724
40,0,0,0.5741117596626282
41,0,0,0.5741117596626282
42,1,0,0.5741117596626282
43,0,0,0.5069408416748047
44,1,0,0.5741117596626282
45,0,0,0.5741117596626282
46,0,0,0.5741117596626282
47,1,0,0.5741117596626282
48,0,0,0.5741117596626282
49,1,0,0.5551127791404724
50,1,0,0.5670256018638611
51,1,0,0.5394306778907776
52,0,0,0.5741117596626282
53,0,0,0.5069408416748047
54,0,0,0.5741117596626282
55,1,0,0.5741117596626282
56,0,0,0.5741117596626282
57,0,0,0.5741117596626282
58,1,0,0.5741117596626282
59,0,0,0.5741117596626282
60,1,1,0.5110860466957092
61,0,0,0.5741117596626282
62,0,0,0.5741117596626282
63,1,0,0.5741117596626282
64,0,0,0.5741117596626282
65,0,0,0.5741117596626282
66,0,0,0.5741117596626282
67,0,0,0.5741117596626282
68,0,0,0.5741117596626282
69,1,0,0.5741117596626282
70,1,0,0.5116944909095764
71,1,0,0.5741117596626282
72,1,0,0.5077807307243347
73,0,0,0.5741117596626282
74,1,0,0.5741117596626282
75,1,0,0.5741117596626282
76,1,0,0.5741117596626282
77,0,0,0.5741117596626282
