,label,pred,score
0,1,0,0.5661339163780212
1,1,0,0.5661339163780212
2,1,0,0.5661339163780212
3,0,0,0.5661339163780212
4,1,0,0.5661339163780212
5,1,1,0.8843005895614624
6,1,1,0.8843005895614624
7,0,0,0.5661339163780212
8,0,1,0.8908171057701111
9,1,0,0.5661339163780212
10,1,0,0.5661339163780212
11,1,0,0.5661339163780212
12,1,1,0.8859077095985413
13,1,0,0.5661339163780212
14,0,0,0.5661339163780212
15,0,1,0.8859077095985413
16,0,0,0.5661339163780212
17,0,0,0.5661339163780212
18,0,1,0.8530330657958984
19,0,1,0.900676965713501
20,1,1,0.8822610974311829
21,0,0,0.5661339163780212
22,0,1,0.8742398023605347
23,1,0,0.5661339163780212
24,0,0,0.5661339163780212
25,1,0,0.5661339163780212
26,1,1,0.8440347909927368
27,1,0,0.5661339163780212
28,0,1,0.8843005895614624
29,0,0,0.5661339163780212
30,0,0,0.5661339163780212
31,0,0,0.5661339163780212
