,label,pred,score
0,0,0,0.5001485347747803
1,0,0,0.5001485347747803
2,1,0,0.5001485347747803
3,1,0,0.5001485347747803
4,1,0,0.5001485347747803
5,0,0,0.5001485347747803
6,0,0,0.5001485347747803
7,0,0,0.5001485347747803
8,0,0,0.5001485347747803
9,1,0,0.5001485347747803
10,0,0,0.5001484751701355
11,0,0,0.5001485347747803
12,1,0,0.5001485347747803
13,1,0,0.5001484751701355
14,1,0,0.5001484751701355
15,0,0,0.5001484751701355
16,1,0,0.5001484751701355
17,0,0,0.5001484751701355
18,1,0,0.5001484751701355
19,1,0,0.5001484751701355
