,label,pred,score
0,1,0,0.5000090599060059
1,1,0,0.5000090599060059
2,0,0,0.5000090599060059
3,0,0,0.5000090599060059
4,1,0,0.5000090599060059
5,1,0,0.5000090599060059
6,0,0,0.5000090599060059
7,1,0,0.5000090599060059
8,0,0,0.5000090599060059
9,0,0,0.5000090599060059
10,0,0,0.5000090599060059
11,1,0,0.5000090599060059
12,1,0,0.5000090599060059
13,1,0,0.5000090599060059
14,1,0,0.5000090599060059
15,0,0,0.5000090599060059
16,1,0,0.5000090599060059
17,0,0,0.5000090599060059
18,0,0,0.5000090599060059
19,0,0,0.5000090599060059
