,label,pred,score
0,0,1,0.5000520944595337
1,1,1,0.5000520944595337
2,1,1,0.5000520944595337
3,1,1,0.5000520944595337
4,0,1,0.5000520944595337
5,0,1,0.5000520944595337
6,0,1,0.5000520944595337
7,0,1,0.5000520944595337
8,0,1,0.5000520944595337
9,0,1,0.5000520944595337
10,0,1,0.5000520944595337
11,1,1,0.5000520944595337
12,0,1,0.5000520944595337
13,1,1,0.5000520944595337
14,1,1,0.5000520944595337
15,1,1,0.5000520944595337
16,0,1,0.5000520944595337
17,1,1,0.5000520944595337
18,1,1,0.5000520944595337
19,1,1,0.5000520944595337
