,label,pred,score
0,0,1,0.5110569000244141
1,1,1,0.5110569000244141
2,0,1,0.5110569000244141
3,0,1,0.5110569000244141
4,1,1,0.5110569000244141
5,0,1,0.5110569000244141
6,0,1,0.5110569000244141
7,0,1,0.5110569000244141
8,0,1,0.5882455706596375
9,1,1,0.5366984605789185
10,1,1,0.5110569000244141
11,1,1,0.5110569000244141
12,0,1,0.5110569000244141
13,0,1,0.5110569000244141
14,0,1,0.5448572039604187
15,1,1,0.5110569000244141
16,1,1,0.5405451059341431
17,0,1,0.5940148830413818
18,0,1,0.5331266522407532
19,1,1,0.5110569000244141
20,1,1,0.5110569000244141
21,1,1,0.5110569000244141
22,1,1,0.5366984605789185
23,0,1,0.5110569000244141
24,0,1,0.5110569000244141
25,0,1,0.5110569000244141
26,0,1,0.5110569000244141
27,0,1,0.5409986972808838
28,1,1,0.5407842397689819
29,0,1,0.5110569000244141
30,1,1,0.5110569000244141
31,0,1,0.5448572039604187
32,0,1,0.5110569000244141
33,1,1,0.5700415968894958
34,1,1,0.5674952268600464
35,1,1,0.5612443089485168
36,0,1,0.5407842397689819
37,1,1,0.5110569000244141
38,1,1,0.5110569596290588
39,0,1,0.5407842397689819
40,0,1,0.5110569000244141
41,1,1,0.5110569000244141
42,1,1,0.5110569596290588
43,0,1,0.5110569000244141
44,0,1,0.5110569000244141
45,1,1,0.5110569000244141
46,1,1,0.5700415968894958
47,0,1,0.5110569596290588
48,1,1,0.5471376180648804
49,1,1,0.5110580921173096
50,1,1,0.5674952268600464
51,0,1,0.5110569000244141
52,1,1,0.5110569000244141
53,1,1,0.5110569000244141
54,1,1,0.5110569000244141
55,1,1,0.5110569000244141
56,0,1,0.5110569596290588
57,0,1,0.5110569596290588
58,1,1,0.5110569000244141
59,0,1,0.5110569596290588
60,0,1,0.5803558826446533
61,1,1,0.5419619083404541
