,label,pred,score
0,1,1,0.5089567303657532
1,0,1,0.5089567303657532
2,0,1,0.6640225052833557
3,0,1,0.5089567303657532
4,0,1,0.5089567303657532
5,0,1,0.5089567303657532
6,1,1,0.5089567303657532
7,1,1,0.5089567303657532
8,0,0,0.7386195063591003
9,1,1,0.5089567303657532
10,1,1,0.5089567303657532
11,1,1,0.5089567303657532
12,1,1,0.5089567303657532
13,1,0,0.6268081068992615
14,1,1,0.5089567303657532
15,0,1,0.5089567303657532
16,0,1,0.5089567303657532
17,0,0,0.7087408304214478
18,0,1,0.5089567303657532
19,1,0,0.6412431597709656
20,1,1,0.5089567303657532
21,1,0,0.6295685172080994
22,1,1,0.5089567303657532
23,1,0,0.7174848914146423
24,1,1,0.5089567303657532
25,1,0,0.6100539565086365
26,1,0,0.7386195063591003
27,0,0,0.7729045748710632
28,1,1,0.6330798864364624
29,0,1,0.5089567303657532
30,1,0,0.7174849510192871
31,0,1,0.5089567303657532
32,1,1,0.5089567303657532
33,0,1,0.5089567303657532
34,0,1,0.5089567303657532
35,1,1,0.5089567303657532
36,1,1,0.5089567303657532
37,0,1,0.5089567303657532
38,0,0,0.6932685971260071
39,1,1,0.6330798864364624
40,1,0,0.7307180166244507
41,0,1,0.5089567303657532
42,1,1,0.5089161992073059
43,1,1,0.5089567303657532
44,0,1,0.5089567303657532
45,0,0,0.7087408304214478
46,0,1,0.5089567303657532
47,0,1,0.5089567303657532
48,0,1,0.5089567303657532
49,0,1,0.5089567303657532
50,0,0,0.7077612280845642
51,0,0,0.6928528547286987
52,1,1,0.5089567303657532
53,0,1,0.5089567303657532
54,0,0,0.7386195063591003
55,0,1,0.5089567303657532
56,0,1,0.5089567303657532
57,1,0,0.6412431597709656
58,0,1,0.5089567303657532
59,1,1,0.5089567303657532
60,1,1,0.5089567303657532
61,1,1,0.5089567303657532
