,label,pred,score
0,0,0,0.5000725388526917
1,0,0,0.5000725388526917
2,1,0,0.5000725388526917
3,0,0,0.5000725388526917
4,0,0,0.5000725388526917
5,1,0,0.5000725388526917
6,1,0,0.5000725388526917
7,1,0,0.5000725388526917
8,1,0,0.5000725388526917
9,1,0,0.5000725388526917
10,1,0,0.5000725388526917
11,0,0,0.5000725388526917
12,0,0,0.5000725388526917
13,1,0,0.5000725388526917
14,0,0,0.5000725388526917
15,1,0,0.5000725388526917
16,0,0,0.5000725388526917
17,0,0,0.5000725388526917
18,0,0,0.5000725388526917
19,1,0,0.5000725388526917
