,label,pred,score
0,1,1,0.502685010433197
1,1,1,0.6929610371589661
2,1,1,0.6929610371589661
3,1,1,0.7913755178451538
4,1,0,0.5299542546272278
5,0,0,0.5299542546272278
6,1,0,0.5299542546272278
7,1,0,0.5299542546272278
8,0,1,0.7093065977096558
9,1,0,0.5299542546272278
10,0,0,0.5299542546272278
11,1,1,0.5775824785232544
12,1,1,0.6760923266410828
13,1,0,0.5299542546272278
14,0,0,0.5299542546272278
15,1,1,0.7913755178451538
16,0,1,0.7038226127624512
17,0,0,0.5299542546272278
18,1,0,0.5299542546272278
19,1,1,0.6627605557441711
20,1,0,0.5299542546272278
21,0,0,0.5299542546272278
22,1,0,0.5299542546272278
23,0,0,0.5299542546272278
24,0,0,0.5299542546272278
25,0,0,0.5299542546272278
26,1,1,0.5923811197280884
27,0,0,0.5299542546272278
28,1,1,0.5775824785232544
29,0,0,0.5299542546272278
30,0,0,0.5299542546272278
31,0,0,0.5299542546272278
32,0,0,0.5299542546272278
33,1,1,0.6627605557441711
34,1,1,0.7913755178451538
35,1,0,0.5299542546272278
36,1,1,0.7375621795654297
37,1,0,0.5299542546272278
38,1,0,0.5299542546272278
39,0,0,0.5299542546272278
40,1,1,0.6380312442779541
41,1,0,0.5299542546272278
42,0,0,0.5299542546272278
43,1,1,0.5775825381278992
44,0,0,0.5299542546272278
45,1,0,0.5299542546272278
46,1,1,0.6289961338043213
47,0,1,0.6270691752433777
48,0,0,0.5299542546272278
49,0,0,0.5299542546272278
50,1,0,0.5299542546272278
51,0,0,0.5299542546272278
52,0,0,0.5299542546272278
53,1,0,0.5299542546272278
54,1,1,0.6149094104766846
55,0,0,0.5299542546272278
56,0,0,0.5299542546272278
57,0,1,0.502685010433197
58,1,1,0.6929610967636108
59,1,0,0.5299542546272278
60,0,0,0.5299542546272278
61,0,0,0.5299542546272278
62,0,0,0.5299542546272278
63,0,0,0.5299542546272278
64,0,0,0.5299542546272278
65,1,1,0.502685010433197
66,1,1,0.5205808877944946
67,0,0,0.5299542546272278
68,0,0,0.5299542546272278
69,0,0,0.5299542546272278
70,0,1,0.7913755178451538
71,1,1,0.5775825381278992
72,0,0,0.5299542546272278
73,0,0,0.5299542546272278
74,1,1,0.7601833939552307
75,1,0,0.5299542546272278
76,0,1,0.7913755178451538
77,0,0,0.5299542546272278
