,label,pred,score
0,1,1,0.5316426753997803
1,1,0,0.5492613911628723
2,0,1,0.5316426753997803
3,1,1,0.5316426753997803
4,0,1,0.5316426753997803
5,0,1,0.5316426753997803
6,0,1,0.5316426753997803
7,1,1,0.5316426753997803
8,0,1,0.5316426753997803
9,0,0,0.5333995819091797
10,0,1,0.5316426753997803
11,0,1,0.5316426753997803
12,0,0,0.5421987771987915
13,1,1,0.5316504836082458
14,1,1,0.5316426753997803
15,1,1,0.5316426753997803
16,1,1,0.5316426753997803
17,0,1,0.5316426753997803
18,1,1,0.5316426753997803
19,1,0,0.5399764180183411
20,0,1,0.5316426753997803
21,1,1,0.5316426753997803
22,1,1,0.5316426753997803
23,1,0,0.5492613911628723
24,1,1,0.5316426753997803
25,0,1,0.5316426753997803
26,0,1,0.5316426753997803
27,1,1,0.5316426753997803
28,1,0,0.5318306088447571
29,1,1,0.5316426753997803
30,1,1,0.5316426753997803
31,1,1,0.5316426753997803
32,0,1,0.5316426753997803
33,0,1,0.5316426753997803
34,1,1,0.5316426753997803
35,0,1,0.5316426753997803
36,0,1,0.5316426753997803
37,1,0,0.6915307641029358
38,1,0,0.6915307641029358
39,0,0,0.6646708846092224
40,1,0,0.6529653668403625
41,0,1,0.5316426753997803
42,0,1,0.5316426753997803
43,1,0,0.5756313800811768
44,0,0,0.5486257076263428
45,0,1,0.5316426753997803
46,0,0,0.5589011311531067
47,1,0,0.5589011311531067
48,1,1,0.5316426753997803
49,1,1,0.5316426753997803
50,0,0,0.5486257672309875
51,1,1,0.5316426753997803
52,0,1,0.5316426753997803
53,1,0,0.5380733609199524
54,0,0,0.5589011311531067
55,0,0,0.5679030418395996
56,0,1,0.5316426753997803
57,0,0,0.5541212558746338
58,0,1,0.5316426753997803
59,0,1,0.5316426753997803
60,1,1,0.5316426753997803
61,1,0,0.5318306088447571
