,label,pred,score
0,1,1,0.5021979212760925
1,0,1,0.5006460547447205
2,0,0,0.5058673024177551
3,0,0,0.5058673024177551
4,1,0,0.5058673024177551
5,0,1,0.5046050548553467
6,1,0,0.5058673024177551
7,1,1,0.5127122402191162
8,0,1,0.5035766959190369
9,0,1,0.5052580237388611
10,1,1,0.5021979212760925
11,0,0,0.5058673024177551
12,0,0,0.5058673024177551
13,1,0,0.5058673024177551
14,1,1,0.5052580237388611
15,1,1,0.5075992941856384
16,1,0,0.5058673024177551
17,1,0,0.5058673024177551
18,1,0,0.5058673024177551
19,0,0,0.5058673024177551
20,1,0,0.5058673024177551
21,0,0,0.5058673024177551
22,0,0,0.5058673024177551
23,1,0,0.5058673024177551
24,0,0,0.5058673024177551
25,0,0,0.5058673024177551
26,0,1,0.5021979212760925
27,0,0,0.5058673024177551
28,1,0,0.5058673024177551
29,0,1,0.5055618286132812
30,1,0,0.5058673024177551
31,1,0,0.5058673024177551
