,label,pred,score
0,1,0,0.658845067024231
1,1,0,0.6217595338821411
2,0,0,0.5671219229698181
3,0,0,0.5671219229698181
4,1,0,0.5671219229698181
5,0,0,0.5671219229698181
6,0,0,0.5671219229698181
7,0,0,0.5671219229698181
8,0,0,0.5671219229698181
9,0,0,0.5671219229698181
10,1,0,0.5671219229698181
11,0,0,0.5671219229698181
12,0,0,0.5671219229698181
13,1,0,0.5671219229698181
14,0,0,0.5671219229698181
15,1,0,0.5671219229698181
16,1,0,0.658845067024231
17,1,0,0.6217595338821411
18,0,0,0.5671219229698181
19,0,0,0.658845067024231
20,0,0,0.6303414702415466
21,0,0,0.5671219229698181
22,0,0,0.5671219229698181
23,1,0,0.6683754920959473
24,0,0,0.5671219229698181
25,1,0,0.5671219229698181
26,1,0,0.5671219229698181
27,0,0,0.5671219229698181
28,0,0,0.5671219229698181
29,1,0,0.6270713210105896
30,1,0,0.5671219229698181
31,1,0,0.5671219229698181
32,0,0,0.5671219229698181
33,0,0,0.6554049849510193
34,1,0,0.6253089904785156
35,1,0,0.6217595338821411
36,1,0,0.6718935966491699
37,1,0,0.6872783303260803
38,1,0,0.5671219229698181
39,1,0,0.6339245438575745
40,0,0,0.5671219229698181
41,0,0,0.5671219229698181
42,0,0,0.5671219229698181
43,1,0,0.6787954568862915
44,1,0,0.5671219229698181
45,1,0,0.6142189502716064
46,0,0,0.5671219229698181
47,0,0,0.5671219229698181
48,0,0,0.5671219229698181
49,0,0,0.5671219229698181
50,1,0,0.6339245438575745
51,1,0,0.6909887790679932
52,0,0,0.6773450970649719
53,1,0,0.6253089904785156
54,0,0,0.5671219229698181
55,1,0,0.5671219229698181
56,0,0,0.5671219229698181
57,1,0,0.6217595338821411
58,0,0,0.5671219229698181
59,0,0,0.5671219229698181
60,1,0,0.6872782707214355
61,0,0,0.6588451862335205
62,1,0,0.6253089904785156
63,1,0,0.5833600759506226
64,0,0,0.5671219229698181
65,1,0,0.5671219229698181
66,0,0,0.5671219229698181
67,1,0,0.5671219229698181
68,1,0,0.5671219229698181
69,1,0,0.5671219229698181
70,0,0,0.5671219229698181
71,1,0,0.5671219229698181
72,1,0,0.5671219229698181
73,0,0,0.5671219229698181
74,1,0,0.6270461678504944
75,0,0,0.5671219229698181
76,1,0,0.6588451862335205
77,0,0,0.6872782707214355
