,label,pred,score
0,1,1,0.500128448009491
1,0,1,0.500128448009491
2,1,1,0.500128448009491
3,1,1,0.500128448009491
4,1,1,0.500128448009491
5,1,1,0.500128448009491
6,1,1,0.500128448009491
7,0,1,0.500128448009491
8,0,1,0.500128448009491
9,0,1,0.500128448009491
10,0,1,0.500128448009491
11,0,1,0.500128448009491
12,0,1,0.500128448009491
13,1,1,0.500128448009491
14,1,1,0.500128448009491
15,1,1,0.500128448009491
16,0,1,0.500128448009491
17,1,1,0.500128448009491
18,0,1,0.500128448009491
19,0,1,0.500128448009491
