,label,pred,score
0,0,0,0.6434862613677979
1,0,0,0.6461399793624878
2,0,0,0.6462848782539368
3,1,0,0.6434862613677979
4,1,0,0.6457202434539795
5,0,0,0.6502085328102112
6,1,0,0.5615768432617188
7,1,0,0.6464682221412659
8,0,0,0.6461461782455444
9,1,0,0.6434862613677979
10,0,0,0.6399497985839844
11,0,0,0.6461399793624878
12,1,0,0.6460335850715637
13,0,0,0.6428618431091309
14,0,0,0.6487012505531311
15,1,0,0.6464172005653381
16,1,0,0.6119243502616882
17,0,0,0.6118957996368408
18,1,0,0.6467446088790894
19,1,0,0.6399497985839844
20,1,0,0.6463451385498047
21,0,0,0.6457203030586243
22,1,0,0.6119243502616882
23,0,0,0.6463333964347839
24,0,0,0.6463013887405396
25,0,0,0.6452492475509644
26,1,0,0.6473124027252197
27,0,0,0.6014574766159058
28,1,0,0.6480829119682312
29,1,0,0.5970924496650696
30,0,0,0.6462342739105225
31,1,0,0.6462441682815552
