,label,pred,score
0,1,0,0.5000415444374084
1,1,0,0.5000415444374084
2,1,0,0.5000415444374084
3,0,0,0.5000415444374084
4,0,0,0.5000415444374084
5,0,0,0.5000415444374084
6,0,0,0.5000415444374084
7,0,0,0.5000415444374084
8,1,0,0.5000415444374084
9,1,0,0.5000415444374084
10,1,0,0.5000415444374084
11,1,0,0.5000415444374084
12,0,0,0.5000415444374084
13,0,0,0.5000415444374084
14,1,0,0.5000415444374084
15,0,0,0.5000415444374084
16,0,0,0.5000415444374084
17,1,0,0.5000415444374084
18,0,0,0.5000415444374084
19,1,0,0.5000415444374084
