,label,pred,score
0,0,0,0.5575965642929077
1,1,0,0.5575965642929077
2,0,0,0.5575965642929077
3,1,0,0.5575965642929077
4,1,0,0.5575965642929077
5,1,0,0.5575965642929077
6,0,0,0.5575965642929077
7,1,0,0.5575965642929077
8,0,0,0.5575965642929077
9,0,0,0.5575965642929077
10,0,1,0.8569998145103455
11,1,1,0.8392125964164734
12,1,0,0.5575965642929077
13,1,0,0.5575965642929077
14,1,0,0.5575965642929077
15,1,0,0.5575965642929077
16,0,0,0.5575965642929077
17,1,1,0.8086580634117126
18,0,1,0.8318068981170654
19,0,1,0.8086580634117126
20,1,1,0.8086580634117126
21,0,1,0.7478904128074646
22,1,0,0.5575965642929077
23,0,1,0.8464151620864868
24,0,0,0.5575965642929077
25,1,1,0.8464151620864868
26,1,1,0.8808784484863281
27,0,1,0.8386855125427246
28,1,0,0.5575965642929077
29,0,0,0.5575965642929077
30,0,0,0.5575965642929077
31,0,0,0.5575965642929077
