,label,pred,score
0,0,0,0.5151809453964233
1,0,0,0.5151809453964233
2,0,0,0.5151809453964233
3,0,0,0.5151809453964233
4,0,0,0.5151809453964233
5,1,0,0.5151809453964233
6,1,0,0.5151809453964233
7,1,1,0.5165370106697083
8,0,1,0.5094374418258667
9,1,0,0.5323312878608704
10,1,0,0.5151809453964233
11,0,0,0.5151809453964233
12,0,0,0.5151809453964233
13,1,1,0.5219486355781555
14,1,0,0.5151809453964233
15,0,1,0.5258684754371643
16,0,0,0.5151809453964233
17,0,1,0.52165287733078
18,1,0,0.5323312878608704
19,0,1,0.5005050301551819
20,1,0,0.5151809453964233
21,0,0,0.5151809453964233
22,0,0,0.5151809453964233
23,1,0,0.5151809453964233
24,1,0,0.5151809453964233
25,0,0,0.5151809453964233
26,1,1,0.5165370106697083
27,1,0,0.5151809453964233
28,1,0,0.5151809453964233
29,1,0,0.5151809453964233
30,0,0,0.5151809453964233
31,0,0,0.5151809453964233
32,0,0,0.5151809453964233
33,0,0,0.5151809453964233
34,1,0,0.5151809453964233
35,0,1,0.5163053274154663
36,0,0,0.5151809453964233
37,0,1,0.5005050301551819
38,0,0,0.5151809453964233
39,0,0,0.5151809453964233
40,0,1,0.5163053274154663
41,1,1,0.5163053274154663
42,0,0,0.5151809453964233
43,1,0,0.5151809453964233
44,1,1,0.5362828969955444
45,1,1,0.5245092511177063
46,1,1,0.5204890370368958
47,1,0,0.515181303024292
48,1,0,0.5151809453964233
49,1,0,0.5151809453964233
50,1,0,0.5151809453964233
51,0,0,0.5151809453964233
52,1,0,0.5151809453964233
53,1,1,0.5265227556228638
54,1,0,0.5151809453964233
55,0,1,0.550627589225769
56,1,1,0.5362828969955444
57,1,0,0.5151809453964233
58,0,0,0.5151809453964233
59,0,0,0.5151809453964233
60,0,1,0.5500456690788269
61,1,0,0.5151809453964233
