,label,pred,score
0,0,0,0.5413028001785278
1,1,0,0.5413028001785278
2,0,0,0.5413028001785278
3,1,0,0.5413028001785278
4,0,0,0.5413028001785278
5,0,0,0.5153231620788574
6,0,0,0.5413028001785278
7,1,0,0.5413028001785278
8,0,0,0.530430793762207
9,1,0,0.530430793762207
10,0,0,0.5413028001785278
11,0,0,0.5289084911346436
12,0,0,0.5413028001785278
13,0,0,0.5413028001785278
14,1,0,0.5178654193878174
15,1,0,0.5261794924736023
16,0,0,0.5413028001785278
17,1,0,0.5413028001785278
18,1,0,0.5258861780166626
19,1,0,0.5224044919013977
20,1,0,0.5178654193878174
21,1,0,0.533151388168335
22,1,0,0.5413028001785278
23,1,0,0.5413028001785278
24,0,0,0.5413028001785278
25,0,0,0.5413028001785278
26,0,0,0.5413028001785278
27,0,0,0.5413028001785278
28,0,0,0.5413028001785278
29,0,1,0.5536314249038696
30,0,0,0.5413028597831726
31,0,0,0.5413028001785278
32,0,0,0.5413028001785278
33,1,0,0.5413028001785278
34,1,1,0.5536314249038696
35,1,0,0.5224044919013977
36,1,0,0.530430793762207
37,0,0,0.5413028001785278
38,0,0,0.5413028001785278
39,1,0,0.5413028001785278
40,1,0,0.5413028001785278
41,0,0,0.5413028001785278
42,0,0,0.5413028001785278
43,0,0,0.5413028001785278
44,0,0,0.5413028001785278
45,0,0,0.5413028001785278
46,1,0,0.5413028001785278
47,1,0,0.5413028001785278
48,0,0,0.5413028001785278
49,1,1,0.5073267817497253
50,0,0,0.5413028001785278
51,1,0,0.5098077058792114
52,1,0,0.5224044919013977
53,0,0,0.5413028001785278
54,1,0,0.5137537717819214
55,1,0,0.5413028001785278
56,1,0,0.5224044919013977
57,1,0,0.5413028001785278
58,0,0,0.5413028001785278
59,1,0,0.5293627977371216
60,1,1,0.5536314249038696
61,1,0,0.5277903079986572
62,0,0,0.5413028001785278
63,0,0,0.5413028001785278
64,1,0,0.5413028001785278
65,0,0,0.5413028001785278
66,0,0,0.5413028001785278
67,1,0,0.5178654193878174
68,0,0,0.5413028001785278
69,1,0,0.5413028001785278
70,0,0,0.5148313045501709
71,0,0,0.5413028001785278
72,1,0,0.5037922263145447
73,0,0,0.530430793762207
74,1,0,0.5293627977371216
75,1,0,0.5413029193878174
76,1,0,0.530430793762207
77,1,0,0.5413028001785278
