,label,pred,score
0,0,1,0.5001636147499084
1,0,1,0.5001636147499084
2,0,1,0.5001636147499084
3,0,1,0.5001636147499084
4,0,1,0.5001636147499084
5,1,1,0.5001636147499084
6,1,1,0.5001636147499084
7,1,1,0.5001636147499084
8,0,1,0.5001636147499084
9,0,1,0.5001636147499084
10,0,1,0.5001636147499084
11,1,1,0.5001636147499084
12,1,1,0.5001636147499084
13,1,1,0.5001636147499084
14,0,1,0.5001636147499084
15,1,1,0.5001636147499084
16,1,1,0.5001636147499084
17,1,1,0.5001636147499084
18,0,1,0.5001636147499084
19,1,1,0.5001636147499084
