,label,pred,score
0,1,0,0.5831756591796875
1,1,0,0.5400890707969666
2,0,0,0.5831756591796875
3,0,1,0.5023609399795532
4,1,1,0.5023609399795532
5,0,1,0.5023609399795532
6,1,1,0.5023609399795532
7,0,1,0.5023609399795532
8,0,0,0.5191842913627625
9,1,0,0.9411134123802185
10,0,1,0.5023609399795532
11,0,0,0.5242527723312378
12,0,1,0.5023609399795532
13,1,1,0.5023609399795532
14,0,1,0.5023609399795532
15,1,0,0.6268537044525146
16,1,0,0.81843101978302
17,0,0,0.681985080242157
18,1,1,0.5023609399795532
19,1,1,0.5023609399795532
20,1,1,0.5023609399795532
21,1,1,0.5023609399795532
22,1,1,0.5023609399795532
23,1,0,0.5432354211807251
24,0,1,0.5023609399795532
25,0,1,0.5023609399795532
26,0,0,0.5242527723312378
27,1,0,0.5400890707969666
28,0,1,0.5023609399795532
29,0,1,0.5023609399795532
30,0,1,0.5023609399795532
31,0,0,0.5831756591796875
32,1,1,0.5023609399795532
33,1,1,0.5023609399795532
34,1,1,0.5023609399795532
35,0,1,0.5023609399795532
36,0,1,0.5023609399795532
37,0,0,0.6593339443206787
38,1,0,0.627487301826477
39,1,1,0.5023609399795532
40,0,1,0.5023609399795532
41,1,1,0.5023609399795532
42,1,0,0.9411134123802185
43,1,1,0.5023609399795532
44,0,0,0.6131754517555237
45,0,0,0.9464476704597473
46,0,1,0.5023609399795532
47,0,1,0.5023609399795532
48,1,0,0.621967613697052
49,1,1,0.5023609399795532
50,0,1,0.5023609399795532
51,0,1,0.5023609399795532
52,1,1,0.5023609399795532
53,1,0,0.5432354211807251
54,0,1,0.5023609399795532
55,1,1,0.5023609399795532
56,1,1,0.5023609399795532
57,1,1,0.5023609399795532
58,1,1,0.5023609399795532
59,0,1,0.5023609399795532
60,0,1,0.5023609399795532
61,0,1,0.5023609399795532
