,label,pred,score
0,1,0,0.5708455443382263
1,0,0,0.5546453595161438
2,0,0,0.5982269048690796
3,1,0,0.5982268452644348
4,1,0,0.5982268452644348
5,1,0,0.5612446069717407
6,1,0,0.5678765177726746
7,0,0,0.5982268452644348
8,0,0,0.5982268452644348
9,1,0,0.5982268452644348
10,0,0,0.5982269048690796
11,1,0,0.5982268452644348
12,1,0,0.5982268452644348
13,1,0,0.5982268452644348
14,0,0,0.5696586966514587
15,0,0,0.5982268452644348
16,0,0,0.5982269048690796
17,0,0,0.5678765177726746
18,1,0,0.5982269048690796
19,1,0,0.5708455443382263
20,1,0,0.5982269048690796
21,0,0,0.5982269048690796
22,0,0,0.5708455443382263
23,1,0,0.5982269048690796
24,1,0,0.5982269048690796
25,0,0,0.5703467130661011
26,0,0,0.572270393371582
27,1,0,0.5514684319496155
28,0,0,0.5982269048690796
29,0,0,0.5982269048690796
30,0,0,0.5982269048690796
31,1,0,0.5982269048690796
