,label,pred,score
0,1,1,0.5000240802764893
1,0,1,0.5000240802764893
2,1,1,0.5000240802764893
3,1,1,0.5000240802764893
4,1,1,0.5000240802764893
5,0,1,0.5000240802764893
6,0,1,0.5000240802764893
7,0,1,0.5000240802764893
8,0,1,0.5000240802764893
9,0,1,0.5000240802764893
10,1,1,0.5000240802764893
11,0,1,0.5000240802764893
12,0,1,0.5000240802764893
13,1,1,0.5000240802764893
14,1,1,0.5000240802764893
15,1,1,0.5000240802764893
16,0,1,0.5000240802764893
17,1,1,0.5000240802764893
18,0,1,0.5000240802764893
19,1,1,0.5000240802764893
