,label,pred,score
0,1,1,0.5570039749145508
1,1,0,0.535650908946991
2,1,0,0.535650908946991
3,1,0,0.535650908946991
4,0,0,0.535650908946991
5,0,0,0.535650908946991
6,0,0,0.535650908946991
7,0,0,0.535650908946991
8,1,0,0.535650908946991
9,0,0,0.535650908946991
10,0,1,0.5173823833465576
11,0,0,0.535650908946991
12,1,0,0.535650908946991
13,0,1,0.5362240076065063
14,1,0,0.535650908946991
15,1,0,0.535650908946991
16,0,0,0.535650908946991
17,1,0,0.535650908946991
18,0,0,0.535650908946991
19,0,1,0.5348939895629883
20,1,1,0.5333695411682129
21,1,1,0.5325599312782288
22,1,0,0.535650908946991
23,1,1,0.5325599312782288
24,0,1,0.5333695411682129
25,0,1,0.5325599312782288
26,0,1,0.5493019223213196
27,1,1,0.5360198020935059
28,1,0,0.535650908946991
29,0,0,0.535650908946991
30,1,0,0.535650908946991
31,0,0,0.535650908946991
