,label,pred,score
0,0,0,0.5000633597373962
1,1,0,0.5000633597373962
2,1,0,0.5000633597373962
3,0,0,0.5000633597373962
4,0,0,0.5000633597373962
5,0,0,0.5000633597373962
6,1,0,0.5000633597373962
7,1,0,0.5000633597373962
8,0,0,0.5000633597373962
9,0,0,0.5000633597373962
10,0,0,0.5000633597373962
11,0,0,0.5000633597373962
12,1,0,0.5000633597373962
13,0,0,0.5000633597373962
14,0,0,0.5000633597373962
15,1,0,0.5000633597373962
16,1,0,0.5000633597373962
17,1,0,0.5000633597373962
18,1,0,0.5000633597373962
19,1,0,0.5000633597373962
