,label,pred,score
0,0,0,0.9990053772926331
1,0,1,0.9921561479568481
2,1,1,0.9990624785423279
3,1,1,0.9976748824119568
4,0,0,0.9799070358276367
5,1,1,0.9982660412788391
6,1,1,0.9852853417396545
7,0,0,0.9990420937538147
8,0,0,0.9985710382461548
9,0,1,0.9824129343032837
10,0,0,0.9883099794387817
11,1,1,0.997886598110199
12,0,0,0.9784293174743652
13,0,0,0.9987735152244568
14,1,1,0.9514524340629578
15,1,1,0.9983705878257751
16,1,1,0.9862639904022217
17,0,0,0.9956547021865845
18,1,1,0.8116180300712585
19,1,1,0.9967610239982605
20,1,1,0.9946028590202332
21,0,1,0.9902482628822327
22,1,1,0.9980345368385315
23,1,1,0.9460529685020447
24,1,0,0.8741723895072937
25,0,1,0.9978649020195007
26,1,1,0.9989129304885864
27,1,1,0.8023410439491272
28,0,0,0.8594937324523926
29,1,1,0.9971650242805481
30,1,1,0.9982726573944092
31,0,0,0.943681001663208
32,1,1,0.9791877269744873
33,0,0,0.9953112006187439
34,0,1,0.7666083574295044
35,1,1,0.9988799691200256
36,0,0,0.9530261754989624
37,1,1,0.9978531002998352
38,0,1,0.8779398202896118
39,0,0,0.9991514682769775
40,1,1,0.9973275661468506
41,0,0,0.5453200340270996
42,1,1,0.9819639921188354
43,0,0,0.9963051080703735
44,0,0,0.962247908115387
45,1,1,0.9556789994239807
46,1,1,0.9988365769386292
47,0,0,0.8020769357681274
48,0,1,0.9773298501968384
49,0,0,0.9991225600242615
50,0,0,0.9911201596260071
51,1,1,0.9979352951049805
52,0,0,0.9981840252876282
53,1,1,0.9979373216629028
54,1,1,0.9961804151535034
55,1,1,0.9988365769386292
56,0,0,0.9818350076675415
57,0,1,0.9703064560890198
58,0,0,0.8555002808570862
59,1,1,0.9988345503807068
60,0,0,0.9987383484840393
61,0,1,0.9591076970100403
62,1,1,0.997706413269043
63,0,0,0.9870814681053162
64,1,1,0.9992614388465881
65,0,0,0.994750440120697
66,1,1,0.9723925590515137
67,1,1,0.9982629418373108
68,0,0,0.9969298243522644
69,1,0,0.6265355348587036
70,0,1,0.7935918569564819
71,1,1,0.5706883072853088
72,0,0,0.9992108345031738
73,0,0,0.6591594219207764
74,0,0,0.9972196817398071
75,1,1,0.960844874382019
76,1,1,0.998661994934082
77,1,1,0.9799162149429321
