,label,pred,score
0,0,0,0.9988794922828674
1,1,1,0.9927144646644592
2,0,0,0.9996854066848755
3,0,0,0.9998314380645752
4,0,0,0.9945918917655945
5,1,1,0.9998342990875244
6,0,0,0.9997063279151917
7,0,0,0.9998518228530884
8,0,0,0.9998753070831299
9,0,0,0.9993019104003906
10,1,1,0.9742013216018677
11,1,0,0.9933007955551147
12,0,0,0.9993353486061096
13,0,0,0.9998453855514526
14,0,1,0.6640982627868652
15,1,1,0.9998929500579834
16,0,1,0.9996237754821777
17,0,1,0.7533318400382996
18,0,0,0.9343817830085754
19,0,0,0.999614953994751
20,1,1,0.9999117851257324
21,1,0,0.9983239769935608
22,0,1,0.9998984336853027
23,1,1,0.9955770969390869
24,0,0,0.9998914003372192
25,0,0,0.9925514459609985
26,1,1,0.9998199343681335
27,0,0,0.9998088479042053
28,1,1,0.9983577132225037
29,1,1,0.993416428565979
30,1,1,0.9997723698616028
31,1,1,0.9998552799224854
32,1,1,0.9984012246131897
33,1,1,0.9998979568481445
34,0,0,0.9875210523605347
35,1,1,0.9995138645172119
36,1,1,0.9998341798782349
37,1,1,0.9888129830360413
38,1,1,0.9998459815979004
39,1,1,0.9944663643836975
40,1,1,0.9998506307601929
41,0,0,0.9451816082000732
42,0,0,0.9999336004257202
43,1,1,0.9999104738235474
44,0,0,0.999828577041626
45,1,1,0.9955267310142517
46,1,0,0.9988666772842407
47,0,0,0.988650918006897
48,0,1,0.9644449353218079
49,1,1,0.996006190776825
50,1,1,0.9999098777770996
51,0,0,0.9823071360588074
52,1,1,0.9998844861984253
53,1,1,0.999901294708252
54,0,0,0.9891775250434875
55,0,0,0.999923586845398
56,0,0,0.9981731176376343
57,0,1,0.9968131184577942
58,1,1,0.9921364784240723
59,1,1,0.9998472929000854
60,0,1,0.9983116388320923
61,1,1,0.9348827004432678
62,0,0,0.9997949004173279
63,1,1,0.8310417532920837
64,0,1,0.7017049789428711
65,1,1,0.9999067783355713
66,1,1,0.9998830556869507
67,0,0,0.9984235763549805
68,1,1,0.9998149275779724
69,1,1,0.9998151659965515
70,1,1,0.9909006357192993
71,0,0,0.9994731545448303
72,0,0,0.9998722076416016
73,0,0,0.9998243451118469
74,0,0,0.9998703002929688
75,1,0,0.9985803365707397
76,0,0,0.9984108209609985
77,1,1,0.9997301697731018
