,label,pred,score
0,0,0,0.9996188879013062
1,0,1,0.9969838261604309
2,1,1,0.9986885190010071
3,1,1,0.9987472295761108
4,1,1,0.9993730187416077
5,0,1,0.9906836748123169
6,1,1,0.9994914531707764
7,1,1,0.9986432194709778
8,1,1,0.9993411898612976
9,0,0,0.645950973033905
10,0,0,0.9994481205940247
11,0,0,0.9995361566543579
12,0,0,0.9995924830436707
13,1,1,0.9993440508842468
14,1,0,0.9932488203048706
15,0,0,0.999265730381012
16,0,0,0.9996654987335205
17,0,0,0.9993902444839478
18,1,1,0.9468111991882324
19,1,1,0.9995673298835754
20,1,1,0.9990538954734802
21,1,1,0.9791335463523865
22,0,1,0.9974806904792786
23,1,1,0.9995525479316711
24,0,0,0.623978316783905
25,0,0,0.9980701804161072
26,0,0,0.9981579184532166
27,0,0,0.9733938574790955
28,0,0,0.9991783499717712
29,1,1,0.992043673992157
30,1,1,0.9988678693771362
31,1,1,0.9984917640686035
32,1,1,0.9984672665596008
33,1,1,0.9989497065544128
34,0,0,0.9981069564819336
35,0,0,0.9981198906898499
36,0,0,0.9924750924110413
37,1,0,0.9633193612098694
38,0,0,0.999572217464447
39,1,0,0.989168643951416
40,0,0,0.9993903636932373
41,1,1,0.9993294477462769
42,1,1,0.9994937181472778
43,0,0,0.9961089491844177
44,0,1,0.9992703795433044
45,1,0,0.9749413728713989
46,1,1,0.9968082308769226
47,1,1,0.9982473850250244
48,1,1,0.9988516569137573
49,0,0,0.9979032278060913
50,0,1,0.944052517414093
51,0,0,0.995398223400116
52,1,1,0.9985076785087585
53,1,1,0.9937270879745483
54,0,0,0.9994539618492126
55,0,0,0.999503493309021
56,0,0,0.9977311491966248
57,1,1,0.997244119644165
58,1,0,0.8533727526664734
59,0,0,0.9994552731513977
60,0,0,0.9805918335914612
61,1,1,0.9846599102020264
62,1,1,0.9995993971824646
63,1,1,0.7429285049438477
64,0,0,0.8981367349624634
65,0,1,0.7198289036750793
66,1,1,0.9953495860099792
67,1,1,0.8644165992736816
68,0,0,0.9995319843292236
69,1,1,0.984413206577301
70,0,1,0.763480007648468
71,1,1,0.9979536533355713
72,0,1,0.9977332353591919
73,0,0,0.9994658827781677
74,1,1,0.9941990375518799
75,0,0,0.9996473789215088
76,0,0,0.9973466396331787
77,1,1,0.9991430044174194
