,label,pred,score
0,0,0,0.9991970658302307
1,1,1,0.9935823082923889
2,0,0,0.9992337226867676
3,0,0,0.9996194839477539
4,0,0,0.9984095692634583
5,1,1,0.9985530972480774
6,0,0,0.9993301630020142
7,0,0,0.9995903372764587
8,0,0,0.9994341731071472
9,0,1,0.7332351207733154
10,1,0,0.6405897736549377
11,1,1,0.6029412150382996
12,0,0,0.9987548589706421
13,0,0,0.9996610879898071
14,0,1,0.9162487983703613
15,1,1,0.9990612864494324
16,0,1,0.9995827078819275
17,0,1,0.9921680092811584
18,0,0,0.995900571346283
19,0,0,0.9969461560249329
20,1,1,0.99958735704422
21,1,0,0.9685433506965637
22,0,1,0.9975144863128662
23,1,1,0.999548614025116
24,0,0,0.9997281432151794
25,0,0,0.9842419028282166
26,1,1,0.9996638298034668
27,0,0,0.7027875185012817
28,1,1,0.9976782202720642
29,1,1,0.9452081322669983
30,1,1,0.991320788860321
31,1,1,0.9962524771690369
32,1,1,0.9977262616157532
33,1,1,0.9993773102760315
34,0,1,0.5307135581970215
35,1,1,0.9903815388679504
36,1,1,0.9982209801673889
37,1,0,0.6289404630661011
38,1,1,0.9964237809181213
39,1,1,0.9976825714111328
40,1,1,0.9995678067207336
41,0,0,0.9921730756759644
42,0,0,0.9995248317718506
43,1,1,0.9996292591094971
44,0,0,0.9995272159576416
45,1,1,0.9963108897209167
46,1,0,0.9885610938072205
47,0,1,0.8297025561332703
48,0,1,0.9933021068572998
49,1,1,0.9979472756385803
50,1,1,0.9992853999137878
51,0,0,0.9239305257797241
52,1,1,0.9952602982521057
53,1,1,0.9994884729385376
54,0,0,0.998701810836792
55,0,0,0.9996790885925293
56,0,0,0.9979140162467957
57,0,1,0.9723823070526123
58,1,1,0.9959626793861389
59,1,1,0.9982141256332397
60,0,1,0.9994795918464661
61,1,1,0.8936177492141724
62,0,0,0.9983028173446655
63,1,1,0.9704895615577698
64,0,0,0.9024139046669006
65,1,1,0.9992707371711731
66,1,1,0.9996949434280396
67,0,0,0.9808374047279358
68,1,1,0.9758422374725342
69,1,1,0.9940069913864136
70,1,1,0.9816254377365112
71,0,0,0.9989696741104126
72,0,0,0.9991028308868408
73,0,0,0.9992382526397705
74,0,0,0.9994634985923767
75,1,0,0.9759216904640198
76,0,0,0.9925447106361389
77,1,1,0.9989700317382812
