,label,pred,score
0,1,1,0.9701050519943237
1,0,1,0.8800209760665894
2,0,0,0.9758957028388977
3,1,1,0.9789428114891052
4,1,0,0.9968492388725281
5,0,0,0.9930579662322998
6,0,1,0.929839551448822
7,1,1,0.9704674482345581
8,1,0,0.9916555881500244
9,1,1,0.5852039456367493
10,0,0,0.9972333312034607
11,1,1,0.7492867112159729
12,0,0,0.9949040412902832
13,0,0,0.8472931385040283
14,0,0,0.9963770508766174
15,1,1,0.9892900586128235
16,1,1,0.9711741209030151
17,0,0,0.9944882988929749
18,0,0,0.9007408022880554
19,1,1,0.9131186008453369
