,label,pred,score
0,0,0,0.9922715425491333
1,1,1,0.9336246252059937
2,1,1,0.9880747199058533
3,1,1,0.9359809160232544
4,0,1,0.9924151301383972
5,1,1,0.9589776396751404
6,1,1,0.9276471138000488
7,1,0,0.6642155051231384
8,1,1,0.9929410219192505
9,1,1,0.989123523235321
10,1,1,0.8976464867591858
11,0,0,0.9805914759635925
12,0,0,0.9523174166679382
13,0,0,0.993187665939331
14,0,0,0.6083888411521912
15,0,0,0.9753865599632263
16,1,0,0.7270951271057129
17,0,0,0.9925478100776672
18,0,0,0.9842374920845032
19,0,1,0.6383593082427979
20,0,0,0.992735743522644
21,1,1,0.9428382515907288
22,1,1,0.954181969165802
23,0,0,0.9695273041725159
24,1,1,0.9519650936126709
25,0,0,0.982513964176178
26,0,0,0.9546792507171631
27,0,0,0.8761398792266846
28,1,1,0.9818674325942993
29,0,1,0.9805944561958313
30,1,1,0.9607053399085999
31,1,1,0.9639860987663269
