,label,pred,score
0,1,0,0.7651968598365784
1,0,0,0.5161915421485901
2,0,0,0.5315374135971069
3,0,0,0.7212244272232056
4,0,0,0.7519872188568115
5,0,0,0.5449801683425903
6,0,1,0.6375609636306763
7,0,0,0.5768406987190247
8,1,0,0.6624491214752197
9,0,0,0.5181186199188232
10,1,0,0.5436387062072754
11,1,0,0.8252581357955933
12,1,1,0.5691074132919312
13,1,0,0.6206600069999695
14,1,0,0.8123095631599426
15,1,0,0.6365447044372559
16,0,0,0.5257694125175476
17,0,0,0.5346807837486267
18,0,0,0.764875590801239
19,0,1,0.6191295385360718
20,0,0,0.6040005087852478
21,0,0,0.520662784576416
22,0,0,0.5618978142738342
23,1,0,0.6784339547157288
24,0,0,0.6235882639884949
25,1,0,0.5210920572280884
26,0,1,0.5783035159111023
27,0,0,0.6160071492195129
28,0,0,0.61716228723526
29,0,1,0.5114815831184387
30,0,0,0.6919165253639221
31,0,0,0.5412294268608093
32,0,1,0.7688246369361877
33,1,1,0.6599242091178894
34,1,1,0.5681056976318359
35,1,1,0.5871394276618958
36,1,0,0.7126486897468567
37,0,1,0.5025522708892822
38,0,0,0.553057849407196
39,0,0,0.619416356086731
40,1,1,0.5808992385864258
41,1,1,0.5460352301597595
42,1,0,0.6181567311286926
43,1,0,0.5033379197120667
44,0,0,0.757235586643219
45,1,0,0.5669629573822021
46,0,0,0.5338940620422363
47,1,1,0.5038326382637024
48,1,1,0.5297548174858093
49,0,0,0.6523195505142212
50,1,1,0.580714225769043
51,1,1,0.5300395488739014
52,1,0,0.5029500126838684
53,1,1,0.6581215262413025
54,1,0,0.7304178476333618
55,1,1,0.7816049456596375
56,1,0,0.5943460464477539
57,0,1,0.6863470673561096
58,1,1,0.7221973538398743
59,1,0,0.5141937136650085
60,1,1,0.5529934763908386
61,0,0,0.5010313987731934
