,label,pred,score
0,0,0,0.9952667951583862
1,1,1,0.9754239320755005
2,0,0,0.9968464970588684
3,0,0,0.9986187219619751
4,0,0,0.9953649044036865
5,1,1,0.9204066395759583
6,0,0,0.9980319142341614
7,0,0,0.9982935786247253
8,0,0,0.9971632361412048
9,0,0,0.9967830181121826
10,1,0,0.9212775826454163
11,1,1,0.9346356987953186
12,0,0,0.9938963055610657
13,0,0,0.9980682730674744
14,0,1,0.7719232439994812
15,1,1,0.9260954856872559
16,0,1,0.9891332983970642
17,0,1,0.9767503142356873
18,0,0,0.9959807395935059
19,0,0,0.9918246865272522
20,1,1,0.9961102604866028
21,1,0,0.7721419334411621
22,0,1,0.9937268495559692
23,1,1,0.9917530417442322
24,0,0,0.9986467957496643
25,0,0,0.9837905764579773
26,1,1,0.9901782274246216
27,0,1,0.8670991063117981
28,1,1,0.904328465461731
29,1,1,0.9095799326896667
30,1,1,0.9921255707740784
31,1,1,0.9797291159629822
32,1,1,0.9889060258865356
33,1,1,0.9953670501708984
34,0,0,0.9924752116203308
35,1,1,0.9856383204460144
36,1,1,0.9885057210922241
37,1,0,0.846268892288208
38,1,1,0.9276791214942932
39,1,1,0.9936524629592896
40,1,1,0.9926906228065491
41,0,0,0.9975501894950867
42,0,0,0.9973440766334534
43,1,1,0.9945446252822876
44,0,0,0.9981246590614319
45,1,1,0.8534111380577087
46,1,0,0.7807551026344299
47,0,0,0.7652781009674072
48,0,1,0.6387344598770142
49,1,1,0.9935742020606995
50,1,1,0.9946821331977844
51,0,0,0.809014618396759
52,1,1,0.9810391664505005
53,1,1,0.8463031053543091
54,0,0,0.7346911430358887
55,0,0,0.7470148205757141
56,0,0,0.9935186505317688
57,0,0,0.753621518611908
58,1,1,0.9930660724639893
59,1,1,0.9315244555473328
60,0,1,0.9618617296218872
61,1,1,0.9815261363983154
62,0,0,0.9620006084442139
63,1,1,0.8949007391929626
64,0,0,0.9862551689147949
65,1,1,0.9875820875167847
66,1,1,0.9976955056190491
67,0,0,0.9872657060623169
68,1,1,0.9529054760932922
69,1,1,0.9626833200454712
70,1,1,0.8569907546043396
71,0,0,0.9982617497444153
72,0,0,0.9975689053535461
73,0,0,0.9967173933982849
74,0,0,0.9979945421218872
75,1,0,0.9811858534812927
76,0,0,0.9732888340950012
77,1,1,0.9714515209197998
