,label,pred,score
0,0,0,0.9691964983940125
1,1,1,0.8493131399154663
2,1,1,0.9584911465644836
3,1,1,0.9183551073074341
4,1,1,0.8484800457954407
5,1,1,0.8514564633369446
6,1,1,0.7686973214149475
7,1,1,0.9307959079742432
8,1,1,0.9585513472557068
9,0,0,0.9782727956771851
10,1,1,0.6757320165634155
11,0,0,0.9778688549995422
12,1,1,0.7469989657402039
13,0,0,0.7482827305793762
14,0,0,0.9463966488838196
15,1,1,0.8495211005210876
16,0,0,0.9387123584747314
17,0,0,0.958605170249939
18,1,1,0.8952372074127197
19,0,0,0.9766076803207397
20,0,0,0.8639951944351196
21,0,0,0.9727112054824829
22,1,1,0.8080685138702393
23,1,0,0.7906363606452942
24,0,0,0.9857577085494995
25,0,1,0.9683332443237305
26,1,1,0.8018810153007507
27,1,0,0.5662818551063538
28,0,1,0.7483684420585632
29,0,1,0.8415407538414001
30,0,1,0.970607340335846
31,0,1,0.6668688058853149
