,label,pred,score
0,0,0,0.9341706037521362
1,0,0,0.9676430821418762
2,0,0,0.8925354480743408
3,1,1,0.9720385074615479
4,1,1,0.8859344124794006
5,0,0,0.9638141989707947
6,0,1,0.7457373738288879
7,1,1,0.835727334022522
8,1,1,0.7388322949409485
9,0,0,0.9835121035575867
10,0,0,0.9824711680412292
11,0,1,0.8685259222984314
12,0,0,0.9846826791763306
13,1,1,0.7608950734138489
14,1,1,0.9829482436180115
15,1,1,0.9636507630348206
16,0,0,0.9861039519309998
17,1,1,0.9530578255653381
18,1,1,0.8318912386894226
19,1,0,0.8794535398483276
20,0,1,0.74149090051651
21,1,1,0.8292009234428406
22,0,0,0.6625403761863708
23,1,1,0.6391341686248779
24,0,0,0.970249593257904
25,1,1,0.9725152254104614
26,0,0,0.9853429794311523
27,1,1,0.9219163060188293
28,1,1,0.9828562140464783
29,1,1,0.8203905820846558
30,0,0,0.9667519330978394
31,0,0,0.9564141631126404
32,0,0,0.9423215985298157
33,1,1,0.7639238834381104
34,1,1,0.8232653737068176
35,1,1,0.9155421257019043
36,1,1,0.5333906412124634
37,0,0,0.9537355899810791
38,0,1,0.8959739208221436
39,0,0,0.9552873969078064
40,0,0,0.9405505061149597
41,0,1,0.9411099553108215
42,0,1,0.6655619144439697
43,1,1,0.8478558659553528
44,1,0,0.6290165781974792
45,0,0,0.9801692366600037
46,1,1,0.9693201184272766
47,1,1,0.877993106842041
48,0,0,0.9221323132514954
49,0,0,0.9515343904495239
50,0,0,0.9706111550331116
51,0,1,0.8171931505203247
52,0,0,0.9825131893157959
53,0,0,0.9288173317909241
54,0,0,0.8871268630027771
55,0,1,0.5554772019386292
56,1,1,0.9515103101730347
57,0,0,0.9536458253860474
58,0,1,0.6128163933753967
59,0,0,0.9540677070617676
60,0,0,0.8050556778907776
61,1,1,0.776146411895752
62,1,1,0.8890236020088196
63,1,1,0.9778810739517212
64,0,0,0.961844801902771
65,1,1,0.9454657435417175
66,1,1,0.8714818358421326
67,1,1,0.9711607694625854
68,1,1,0.8800930976867676
69,1,1,0.9373555183410645
70,0,0,0.9860990047454834
71,1,0,0.8055009841918945
72,1,1,0.9795013070106506
73,1,1,0.8392161130905151
74,1,1,0.9364849328994751
75,0,0,0.7999448180198669
76,1,0,0.7615100145339966
77,1,1,0.887505054473877
