,label,pred,score
0,1,1,0.993225634098053
1,1,0,0.9675676226615906
2,1,1,0.9876106977462769
3,1,1,0.982658863067627
4,1,1,0.9954679012298584
5,1,1,0.9760226011276245
6,0,0,0.9975854158401489
7,0,0,0.9862498044967651
8,0,0,0.9317838549613953
9,0,0,0.9974979758262634
10,0,1,0.6109160780906677
11,1,0,0.9488757252693176
12,0,1,0.7648534178733826
13,1,1,0.9901976585388184
14,0,1,0.802274227142334
15,0,0,0.9927300810813904
16,1,0,0.9968814849853516
17,0,0,0.957633376121521
18,1,1,0.8829220533370972
19,0,0,0.9977037310600281
