,label,pred,score
0,1,1,0.9277903437614441
1,0,1,0.9816054701805115
2,1,1,0.8465461730957031
3,1,1,0.9248387813568115
4,0,0,0.9931526184082031
5,1,1,0.9248352646827698
6,0,0,0.995926022529602
7,1,1,0.997786283493042
8,0,0,0.9530031085014343
9,1,1,0.9969124794006348
10,1,1,0.9892573952674866
11,0,0,0.9979433417320251
12,1,0,0.7482941746711731
13,0,0,0.9980167150497437
14,0,0,0.9951111674308777
15,1,1,0.8885576725006104
16,0,0,0.9925024509429932
17,1,1,0.9607889652252197
18,1,1,0.9965232610702515
19,1,1,0.9895520806312561
20,0,1,0.9973999261856079
21,0,0,0.994916558265686
22,1,1,0.9943214654922485
23,1,1,0.9764752388000488
24,0,1,0.9951692223548889
25,0,0,0.9971241354942322
26,0,0,0.9982894062995911
27,0,1,0.824205756187439
28,0,0,0.9943867921829224
29,1,1,0.9967970252037048
30,1,1,0.9359831809997559
31,0,0,0.9985463619232178
