,label,pred,score
0,1,1,0.9423848986625671
1,1,1,0.9382850527763367
2,0,0,0.5016392469406128
3,0,1,0.8055744767189026
4,1,1,0.9875158071517944
5,0,1,0.9747918248176575
6,1,1,0.9644302725791931
7,1,1,0.9913951754570007
8,1,1,0.9940375089645386
9,1,1,0.9154366254806519
10,0,0,0.9562740325927734
11,0,0,0.990345299243927
12,1,1,0.8529012799263
13,0,0,0.9794323444366455
14,1,1,0.9925980567932129
15,0,1,0.9944643378257751
16,1,1,0.9375560879707336
17,0,0,0.9932906627655029
18,0,0,0.99272620677948
19,0,0,0.9931807518005371
20,1,1,0.9779972434043884
21,1,1,0.9646909236907959
22,0,1,0.9825916290283203
23,1,1,0.6104327440261841
24,0,0,0.9857878684997559
25,0,0,0.9938212633132935
26,0,0,0.9919494390487671
27,1,1,0.9574683308601379
28,0,0,0.9486744403839111
29,0,0,0.982490062713623
30,1,1,0.9914538860321045
31,1,1,0.9776065349578857
