,label,pred,score
0,1,0,0.9647868275642395
1,0,0,0.9965170621871948
2,0,0,0.994762122631073
3,0,0,0.9980600476264954
4,0,0,0.996258020401001
5,0,0,0.9843066930770874
6,0,0,0.9764461517333984
7,0,1,0.9074302315711975
8,1,1,0.9992142915725708
9,0,0,0.996615469455719
10,1,1,0.9977370500564575
11,1,0,0.8022733926773071
12,1,1,0.5026639103889465
13,1,1,0.9974514842033386
14,1,0,0.9366002082824707
15,1,1,0.9494060277938843
16,0,0,0.5035541653633118
17,0,1,0.6779519319534302
18,0,0,0.9976086616516113
19,0,1,0.9374518394470215
20,0,0,0.9899682402610779
21,0,0,0.9979130625724792
22,0,0,0.9959483742713928
23,1,1,0.9990946054458618
24,0,0,0.9408029913902283
25,1,1,0.998629093170166
26,0,0,0.9589482545852661
27,0,0,0.9902414679527283
28,0,0,0.570837140083313
29,0,0,0.9943245053291321
30,0,0,0.6520991921424866
31,0,0,0.7356057167053223
32,0,0,0.9888527393341064
33,1,1,0.9992929697036743
34,1,0,0.9970963001251221
35,1,1,0.9990102052688599
36,1,1,0.9991152882575989
37,0,0,0.9933274984359741
38,0,0,0.7730913162231445
39,0,0,0.9937222599983215
40,1,1,0.9982559084892273
41,1,0,0.9896934628486633
42,1,0,0.7373499870300293
43,1,1,0.9989393353462219
44,0,0,0.9954370856285095
45,1,1,0.998449444770813
46,0,1,0.8910828828811646
47,1,1,0.9966492056846619
48,1,1,0.9986218214035034
49,0,0,0.997434675693512
50,1,1,0.9982806444168091
51,1,1,0.9990241527557373
52,1,1,0.9989620447158813
53,1,1,0.9985463619232178
54,1,1,0.9991517066955566
55,1,1,0.9983304142951965
56,1,1,0.9946382641792297
57,0,1,0.9194580316543579
58,1,1,0.9992006421089172
59,1,1,0.9991316199302673
60,1,1,0.9989904761314392
61,0,1,0.9985929131507874
