,label,pred,score
0,0,0,0.8325183391571045
1,0,0,0.6502282619476318
2,0,0,0.9361073970794678
3,0,0,0.898695707321167
4,0,1,0.9367685914039612
5,0,0,0.7289589047431946
6,1,0,0.5135700702667236
7,0,0,0.5266490578651428
8,1,1,0.5995873808860779
9,1,0,0.9142758250236511
10,1,0,0.9465525150299072
11,0,0,0.8967933058738708
12,0,0,0.9175578951835632
13,1,1,0.9170694947242737
14,1,1,0.7854042053222656
15,1,1,0.9333526492118835
16,1,0,0.9439369440078735
17,1,1,0.9180419445037842
18,0,0,0.7987227439880371
19,1,1,0.8077186942100525
