,label,pred,score
0,1,1,0.993735134601593
1,1,1,0.9888788461685181
2,1,1,0.9951298236846924
3,1,1,0.9892919659614563
4,1,1,0.9938700199127197
5,1,0,0.9345893859863281
6,0,0,0.9945757389068604
7,0,0,0.8436106443405151
8,0,0,0.995384156703949
9,0,0,0.9955348968505859
10,0,1,0.8352065086364746
11,1,1,0.9325605630874634
12,0,0,0.5514281988143921
13,1,1,0.9893747568130493
14,0,0,0.5940264463424683
15,0,0,0.9941049814224243
16,1,0,0.9916368126869202
17,0,0,0.9873120784759521
18,1,1,0.9581610560417175
19,0,0,0.9963449835777283
