,label,pred,score
0,1,0,0.01170125777724197
1,1,1,0.015918673898482005
2,1,1,0.0315427759718887
3,1,1,0.023305983329742312
4,1,0,0.012001120846432574
5,1,1,0.018652074325864593
6,1,1,0.015393395911391319
7,1,1,0.025282994995239498
8,1,0,0.0
9,1,1,0.020789734891389983
10,0,1,0.017657149819172793
11,0,0,0.0
12,0,0,0.0
13,0,0,0.005000812663568027
14,0,1,0.02590245086786238
15,0,1,0.028765316687301517
16,0,0,0.0
17,0,0,0.0
18,0,1,0.014666352806434385
19,0,0,0.0
