,label,pred,score
0,1,1,0.631320059299469
1,0,1,0.5109710693359375
2,1,1,0.5109710693359375
3,1,1,0.5109710693359375
4,1,1,0.5109699368476868
5,0,1,0.5905383825302124
6,1,1,0.684303343296051
7,1,1,0.6079636216163635
8,0,1,0.6079636216163635
9,1,1,0.7715758085250854
10,1,1,0.5109710693359375
11,0,1,0.5109710693359375
12,1,1,0.5109710693359375
13,1,1,0.5109710693359375
14,0,1,0.6079636216163635
15,0,1,0.5109710693359375
16,0,1,0.5109710693359375
17,1,1,0.5109710693359375
18,0,1,0.5109710693359375
19,0,1,0.7772105932235718
20,1,1,0.7715758085250854
21,1,1,0.5109710693359375
22,1,1,0.5109710693359375
23,0,1,0.5109710693359375
24,0,1,0.5109710693359375
25,1,1,0.5109710693359375
26,0,1,0.611286997795105
27,0,1,0.611286997795105
28,1,1,0.5109710693359375
29,0,1,0.5109710693359375
30,0,1,0.5109710693359375
31,1,1,0.5770955681800842
32,0,1,0.5109710693359375
33,0,1,0.5109710693359375
34,1,1,0.6843034029006958
35,0,1,0.5109710693359375
36,1,1,0.5109710693359375
37,0,1,0.5109710693359375
38,0,1,0.5109710693359375
39,1,1,0.5109710693359375
40,1,1,0.6541467308998108
41,0,1,0.5109710693359375
42,1,1,0.5109710693359375
43,0,1,0.5109710693359375
44,0,1,0.5109710693359375
45,0,1,0.5109710693359375
46,0,1,0.5109710693359375
47,0,1,0.7460770606994629
48,1,1,0.5109710693359375
49,1,1,0.7229351997375488
50,0,1,0.5109710693359375
51,0,1,0.5109710693359375
52,1,1,0.5109710693359375
53,1,0,0.5143653750419617
54,1,1,0.5109710693359375
55,1,1,0.5109710693359375
56,1,1,0.5109710693359375
57,1,0,0.5143653750419617
58,0,1,0.5109710693359375
59,0,1,0.6520750522613525
60,0,1,0.7466084957122803
61,1,1,0.5109710693359375
