,label,pred,score
0,0,1,0.5401943325996399
1,0,1,0.5401943325996399
2,1,1,0.5048750638961792
3,1,0,0.6009877324104309
4,1,1,0.5401943325996399
5,0,0,0.6009877324104309
6,0,1,0.5401943325996399
7,0,1,0.5401943325996399
8,0,1,0.5401943325996399
9,1,1,0.5401943325996399
10,1,1,0.5401943325996399
11,1,0,0.6275346279144287
12,1,1,0.5401943325996399
13,1,1,0.5401943325996399
14,1,0,0.8570243120193481
15,0,1,0.5401943325996399
16,0,0,0.8220303058624268
17,0,1,0.5401943325996399
18,0,1,0.5401943325996399
19,0,1,0.5401943325996399
20,0,0,0.6009877324104309
21,0,0,0.6176527738571167
22,0,1,0.5401943325996399
23,0,1,0.5401943325996399
24,1,1,0.5401943325996399
25,1,1,0.5401943325996399
26,1,1,0.5401943325996399
27,1,1,0.5048750638961792
28,1,1,0.5401943325996399
29,0,1,0.5401943325996399
30,0,1,0.5401943325996399
31,1,1,0.5401943325996399
32,1,0,0.8570243120193481
33,0,0,0.5904801487922668
34,0,0,0.6283965706825256
35,1,1,0.5401943325996399
36,1,0,0.56494140625
37,1,1,0.5401943325996399
38,0,0,0.6176527738571167
39,0,0,0.6260383725166321
40,1,1,0.5401943325996399
41,0,1,0.5401943325996399
42,1,1,0.5401943325996399
43,0,1,0.5401943325996399
44,1,1,0.5401943325996399
45,1,0,0.5965785384178162
46,1,0,0.5995412468910217
47,1,0,0.56494140625
48,0,0,0.5676380395889282
49,1,1,0.5401943325996399
50,1,1,0.5402011275291443
51,0,1,0.5401943325996399
52,0,1,0.5401943325996399
53,0,1,0.5401943325996399
54,1,1,0.5401943325996399
55,1,1,0.5401943325996399
56,0,1,0.5401943325996399
57,0,1,0.5401943325996399
58,1,1,0.5401943325996399
59,0,1,0.5401943325996399
60,0,1,0.5401943325996399
61,1,0,0.7759284973144531
