,label,pred,score
0,0,0,0.5794861316680908
1,0,0,0.5794861912727356
2,1,0,0.5794861316680908
3,1,1,0.5804681181907654
4,0,0,0.5794861316680908
5,0,0,0.5794861316680908
6,0,0,0.5794861316680908
7,1,1,0.5491476655006409
8,1,0,0.5794861316680908
9,0,0,0.5794861316680908
10,0,0,0.5794861912727356
11,1,1,0.5068873763084412
12,1,0,0.5794861316680908
13,0,0,0.5794861316680908
14,1,0,0.6415084004402161
15,1,0,0.5302125811576843
16,0,0,0.5794861316680908
17,0,0,0.5794861316680908
18,0,0,0.5794861316680908
19,1,1,0.5075960159301758
20,0,0,0.5794861316680908
21,1,0,0.5794861316680908
22,1,1,0.5068873763084412
23,0,0,0.5794861316680908
24,0,0,0.5794861316680908
25,1,0,0.5794861316680908
26,1,1,0.5075960159301758
27,1,0,0.5794861316680908
28,1,0,0.5794861316680908
29,1,0,0.5794861316680908
30,0,0,0.5794861316680908
31,0,0,0.5794861316680908
32,1,1,0.5075960159301758
33,1,0,0.5794861316680908
34,0,0,0.5794861316680908
35,1,0,0.5794861316680908
36,0,0,0.5794861912727356
37,0,0,0.5794861316680908
38,0,0,0.5311553478240967
39,1,0,0.5794861316680908
40,0,0,0.5794861316680908
41,0,0,0.5794861316680908
42,1,0,0.5404934883117676
43,1,1,0.5804681777954102
44,1,1,0.538945198059082
45,0,0,0.5794861912727356
46,0,0,0.5794861316680908
47,1,0,0.5193986892700195
48,0,0,0.5794861316680908
49,0,0,0.6415084004402161
50,0,0,0.5794861912727356
51,0,0,0.5794861316680908
52,1,0,0.5794861316680908
53,1,1,0.5075960159301758
54,0,0,0.5794861912727356
55,1,0,0.5193986892700195
56,1,0,0.5794861316680908
57,0,1,0.5804681777954102
58,1,1,0.5639152526855469
59,1,1,0.529094934463501
60,0,1,0.5014771819114685
61,1,0,0.5794861316680908
62,1,0,0.5794861316680908
63,0,1,0.5804681777954102
64,0,0,0.5794861316680908
65,1,0,0.5362751483917236
66,0,0,0.5794861316680908
67,1,1,0.5804681777954102
68,0,0,0.5794861316680908
69,0,0,0.5794861316680908
70,0,0,0.5794861316680908
71,1,0,0.6415084004402161
72,0,0,0.5794861316680908
73,1,0,0.5794861316680908
74,1,0,0.5794861316680908
75,1,1,0.5068873763084412
76,1,1,0.5231878161430359
77,0,0,0.5443941950798035
