,label,pred,score
0,0,0,0.6070569753646851
1,0,0,0.5474086999893188
2,1,0,0.6152118444442749
3,0,0,0.5474086999893188
4,0,0,0.6124215722084045
5,0,0,0.5474086999893188
6,0,0,0.5474086999893188
7,1,0,0.5474086999893188
8,1,0,0.5691676735877991
9,1,0,0.5474086999893188
10,0,0,0.5474086999893188
11,1,1,0.5510153770446777
12,0,0,0.5474086999893188
13,0,0,0.5474086999893188
14,0,0,0.5474086999893188
15,0,0,0.5474086999893188
16,1,0,0.5474086999893188
17,1,0,0.5474086999893188
18,0,0,0.5474086999893188
19,1,0,0.6023264527320862
20,0,0,0.5474086999893188
21,0,0,0.5474086999893188
22,1,0,0.6221379041671753
23,0,0,0.5474086999893188
24,0,0,0.5397548079490662
25,0,0,0.5474086999893188
26,0,0,0.5474086999893188
27,0,0,0.5474086999893188
28,1,0,0.6923810243606567
29,0,0,0.5474086999893188
30,1,0,0.5474086999893188
31,1,0,0.5474086999893188
32,1,0,0.5474086999893188
33,1,0,0.6923810243606567
34,0,0,0.6923810243606567
35,1,0,0.5915998816490173
36,0,0,0.5474086999893188
37,1,0,0.6152118444442749
38,1,0,0.6152118444442749
39,1,0,0.5474086999893188
40,1,0,0.6129528284072876
41,1,0,0.6078125238418579
42,1,0,0.7771538496017456
43,0,0,0.5474086999893188
44,0,0,0.5474086999893188
45,1,0,0.5474086999893188
46,1,0,0.6152118444442749
47,1,0,0.590844988822937
48,0,0,0.5474086999893188
49,1,0,0.6016432046890259
50,1,0,0.7771538496017456
51,1,0,0.5474086999893188
52,1,0,0.6814622282981873
53,1,0,0.5474086999893188
54,1,0,0.6923810839653015
55,1,0,0.5474086999893188
56,1,0,0.6221379637718201
57,0,0,0.5474086999893188
58,1,0,0.5474086999893188
59,0,0,0.5474086999893188
60,0,0,0.5474086999893188
61,0,0,0.5474086999893188
62,0,0,0.5474086999893188
63,1,0,0.5474086999893188
64,1,0,0.5474086999893188
65,0,0,0.5474086999893188
66,1,0,0.6221379637718201
67,0,0,0.6923810839653015
68,1,0,0.5474086999893188
69,0,0,0.5474086999893188
70,0,0,0.5474086999893188
71,0,0,0.5474086999893188
72,0,0,0.5474086999893188
73,1,0,0.5915998816490173
74,0,0,0.5474086999893188
75,0,0,0.5474086999893188
76,0,0,0.7771538496017456
77,1,0,0.5474086999893188
