,label,pred,score
0,1,1,0.5000682473182678
1,1,1,0.5000682473182678
2,1,1,0.5000682473182678
3,1,1,0.5000682473182678
4,0,1,0.5000682473182678
5,1,1,0.5000682473182678
6,0,1,0.5000682473182678
7,1,1,0.5000682473182678
8,1,1,0.5000682473182678
9,0,1,0.5000682473182678
10,0,1,0.5000682473182678
11,0,1,0.5000682473182678
12,1,1,0.5000682473182678
13,0,1,0.5000682473182678
14,0,1,0.5000682473182678
15,1,1,0.5000682473182678
16,0,1,0.5000682473182678
17,0,1,0.5000682473182678
18,0,1,0.5000682473182678
19,1,1,0.5000682473182678
