,label,pred,score
0,0,1,0.5000739097595215
1,1,1,0.5000739097595215
2,1,1,0.5000739097595215
3,1,1,0.5000739097595215
4,1,1,0.5000739097595215
5,1,1,0.5000739097595215
6,0,1,0.5000739097595215
7,0,1,0.5000739097595215
8,0,1,0.5000739097595215
9,0,1,0.5000739097595215
10,1,1,0.5000739097595215
11,1,1,0.5000739097595215
12,0,1,0.5000739097595215
13,1,1,0.5000739097595215
14,0,1,0.5000739097595215
15,1,1,0.5000739097595215
16,0,1,0.5000739097595215
17,0,1,0.5000739097595215
18,0,1,0.5000739097595215
19,1,1,0.5000739097595215
