,label,pred,score
0,0,1,0.5174798369407654
1,1,1,0.5174797773361206
2,0,1,0.5174797773361206
3,1,1,0.5174798369407654
4,1,0,0.5577398538589478
5,0,0,0.5073618292808533
6,1,1,0.5174798369407654
7,1,1,0.5639017224311829
8,0,1,0.6726942658424377
9,0,1,0.5174798369407654
10,1,1,0.5524218082427979
11,1,1,0.5174798369407654
12,0,1,0.5174797773361206
13,0,1,0.5988040566444397
14,1,1,0.5174798369407654
15,0,1,0.5174798369407654
16,1,1,0.5174797773361206
17,0,1,0.5174798369407654
18,0,1,0.5174797773361206
19,0,1,0.5174797773361206
20,1,1,0.5174798369407654
21,1,1,0.5174797773361206
22,1,1,0.5913655757904053
23,0,1,0.6172009110450745
24,1,1,0.5181832313537598
25,0,1,0.5174798369407654
26,1,1,0.5174798369407654
27,1,1,0.5174798369407654
28,0,1,0.5174798369407654
29,0,0,0.5073618292808533
30,1,1,0.6023550033569336
31,1,1,0.5174798369407654
32,1,1,0.6519049406051636
33,0,1,0.5174798369407654
34,1,1,0.5174798369407654
35,1,0,0.5013373494148254
36,1,1,0.5174798369407654
37,0,1,0.5174798369407654
38,1,1,0.5524218082427979
39,1,1,0.589309811592102
40,0,1,0.5913655757904053
41,0,1,0.5174798369407654
42,0,1,0.5174797773361206
43,0,1,0.5174798369407654
44,0,1,0.5174797773361206
45,1,1,0.5174798369407654
46,0,1,0.5174798369407654
47,1,1,0.5174798369407654
48,0,1,0.6174238324165344
49,0,1,0.5174798369407654
50,0,1,0.5174798369407654
51,0,1,0.5174798369407654
52,1,1,0.5174797773361206
53,1,1,0.5174798369407654
54,0,1,0.5174798369407654
55,1,1,0.5174798369407654
56,0,1,0.5913655757904053
57,1,1,0.5174798369407654
58,1,1,0.6519049406051636
59,0,1,0.5174797773361206
60,1,0,0.5577398538589478
61,0,1,0.5464869141578674
