,label,pred,score
0,0,0,0.5514145493507385
1,1,0,0.7517619132995605
2,1,0,0.6433866024017334
3,1,0,0.7517619132995605
4,1,0,0.5514145493507385
5,1,0,0.6604453325271606
6,0,0,0.5514144897460938
7,1,0,0.6604453325271606
8,1,0,0.6702368259429932
9,0,0,0.6279388666152954
10,0,0,0.5514145493507385
11,1,0,0.5514145493507385
12,1,0,0.5509814620018005
13,0,0,0.5514144897460938
14,0,0,0.5514145493507385
15,1,0,0.5514145493507385
16,1,0,0.6604453325271606
17,1,0,0.5514145493507385
18,1,0,0.5514144897460938
19,1,0,0.5514145493507385
20,1,0,0.5514145493507385
21,1,0,0.7333989143371582
22,0,0,0.5514145493507385
23,0,0,0.5514144897460938
24,0,0,0.5514144897460938
25,1,0,0.5514145493507385
26,0,0,0.5514144897460938
27,1,0,0.5514145493507385
28,0,0,0.5514145493507385
29,0,0,0.7333989143371582
30,0,0,0.5514145493507385
31,1,0,0.5514145493507385
32,1,0,0.6433866024017334
33,0,0,0.5514144897460938
34,1,0,0.6187252402305603
35,0,0,0.7517619132995605
36,0,0,0.6866768598556519
37,0,0,0.5514145493507385
38,0,0,0.5514145493507385
39,0,0,0.5514145493507385
40,1,0,0.727660059928894
41,0,0,0.5514145493507385
42,0,0,0.5514145493507385
43,1,0,0.5514145493507385
44,1,0,0.5514145493507385
45,0,0,0.5514144897460938
46,0,0,0.5514145493507385
47,0,0,0.5514145493507385
48,0,0,0.5514145493507385
49,0,0,0.5514144897460938
50,0,0,0.5514145493507385
51,0,0,0.5514144897460938
52,0,0,0.5713608264923096
53,0,0,0.5514145493507385
54,1,0,0.5514145493507385
55,1,0,0.5514144897460938
56,1,0,0.7333989143371582
57,1,0,0.7333989143371582
58,0,0,0.5514145493507385
59,1,0,0.6167896389961243
60,0,0,0.5514145493507385
61,1,0,0.6604453325271606
62,0,0,0.5514145493507385
63,1,0,0.6758339405059814
64,0,0,0.5514145493507385
65,0,0,0.5514145493507385
66,1,0,0.6433866024017334
67,1,0,0.6078868508338928
68,1,0,0.5514144897460938
69,1,0,0.6088542342185974
70,1,0,0.5514144897460938
71,0,0,0.5514145493507385
72,1,0,0.5514144897460938
73,0,0,0.7333989143371582
74,1,0,0.6167896389961243
75,1,0,0.7008540630340576
76,0,0,0.5514145493507385
77,0,0,0.5514144897460938
