,label,pred,score
0,0,0,0.6786466836929321
1,0,0,0.6786466836929321
2,0,0,0.6786466836929321
3,0,0,0.7357431054115295
4,0,0,0.6786466836929321
5,1,0,0.6786466836929321
6,0,0,0.7255091667175293
7,1,0,0.6786466836929321
8,1,0,0.7394171953201294
9,0,0,0.6786466836929321
10,1,0,0.6786466836929321
11,1,0,0.6786466836929321
12,1,0,0.7342178225517273
13,0,0,0.6786466836929321
14,1,0,0.6786466836929321
15,1,0,0.6786466836929321
16,1,0,0.6786466836929321
17,0,0,0.6786466836929321
18,1,0,0.6786466836929321
19,1,0,0.7535557150840759
20,1,0,0.6786466836929321
21,0,0,0.6786466836929321
22,0,0,0.7486300468444824
23,0,0,0.7393829226493835
24,1,0,0.7500710487365723
25,0,0,0.7500710487365723
26,1,0,0.6786466836929321
27,0,0,0.6786466836929321
28,0,0,0.7342178225517273
29,1,0,0.7342178225517273
30,0,0,0.6786466836929321
31,1,0,0.6786466836929321
