,label,pred,score
0,0,1,0.5001513361930847
1,0,1,0.5001513361930847
2,1,1,0.5001513361930847
3,0,1,0.5001513361930847
4,1,1,0.5001513361930847
5,1,1,0.5001513361930847
6,1,1,0.5001513361930847
7,0,1,0.5001513361930847
8,1,1,0.5001513361930847
9,0,1,0.5001513361930847
10,1,1,0.5001513361930847
11,1,1,0.5001513361930847
12,0,1,0.5001513361930847
13,0,1,0.5001513361930847
14,0,1,0.5001513361930847
15,0,1,0.5001513361930847
16,1,1,0.5001513361930847
17,1,1,0.5001513361930847
18,1,1,0.5001513361930847
19,0,1,0.5001513361930847
