,label,pred,score
0,1,1,0.5001716017723083
1,0,1,0.5001716017723083
2,1,1,0.5001716017723083
3,1,1,0.5001716017723083
4,0,1,0.5001716017723083
5,1,1,0.5001716017723083
6,1,1,0.5001716017723083
7,1,1,0.5001716017723083
8,1,1,0.5001716017723083
9,1,1,0.5001716017723083
10,1,1,0.5001716017723083
11,0,1,0.5001716017723083
12,0,1,0.5001716017723083
13,0,1,0.5001716017723083
14,0,1,0.5001716017723083
15,0,1,0.5001716017723083
16,0,1,0.5001716017723083
17,0,1,0.5001716017723083
18,0,1,0.5001716017723083
19,1,1,0.5001716017723083
