,label,pred,score
0,0,1,0.5000138878822327
1,1,1,0.5000138878822327
2,0,1,0.5000138878822327
3,1,1,0.5000138878822327
4,0,1,0.5000138878822327
5,1,1,0.5000138878822327
6,1,1,0.5000138878822327
7,1,1,0.5000138878822327
8,1,1,0.5000138878822327
9,1,1,0.5000138878822327
10,0,1,0.5000138878822327
11,1,1,0.5000138878822327
12,0,1,0.5000138878822327
13,0,1,0.5000138878822327
14,1,1,0.5000138878822327
15,0,1,0.5000138878822327
16,0,1,0.5000138878822327
17,0,1,0.5000138878822327
18,0,1,0.5000138878822327
19,1,1,0.5000138878822327
