,label,pred,score
0,1,1,0.5085609555244446
1,1,1,0.5085598826408386
2,0,0,0.6323841214179993
3,1,0,0.6707394123077393
4,0,0,0.5398979187011719
5,0,1,0.5085598826408386
6,1,0,0.685117781162262
7,0,1,0.5085598826408386
8,1,0,0.6135327816009521
9,1,1,0.5085598826408386
10,0,0,0.5878812670707703
11,1,1,0.5085598826408386
12,1,1,0.5085598826408386
13,0,1,0.5085598826408386
14,0,1,0.5085598826408386
15,1,0,0.6024430990219116
16,0,1,0.5085598826408386
17,0,1,0.5085598826408386
18,0,1,0.5085598826408386
19,1,1,0.5085598826408386
20,0,0,0.5592395067214966
21,0,1,0.5085598826408386
22,1,0,0.6552716493606567
23,1,1,0.5085598826408386
24,0,1,0.5085598826408386
25,1,1,0.5085598826408386
26,0,0,0.5592395067214966
27,1,0,0.5942682027816772
28,0,1,0.5085598826408386
29,1,1,0.5085598826408386
30,0,1,0.5085598826408386
31,0,1,0.5085598826408386
32,1,0,0.5372446179389954
33,1,1,0.5085598826408386
34,0,1,0.5085598826408386
35,0,1,0.5085598826408386
36,0,1,0.5085598826408386
37,0,0,0.5749838948249817
38,1,1,0.5085598826408386
39,0,0,0.5654678344726562
40,1,1,0.5085598826408386
41,0,1,0.5085598826408386
42,1,1,0.5085598826408386
43,0,1,0.5085598826408386
44,0,0,0.5176902413368225
45,1,0,0.5654678344726562
46,1,1,0.5085598826408386
47,0,1,0.5085598826408386
48,0,0,0.5654678344726562
49,1,1,0.5085598826408386
50,1,1,0.5085598826408386
51,0,1,0.5085598826408386
52,0,1,0.5085598826408386
53,1,1,0.5085598826408386
54,1,0,0.6024430990219116
55,1,1,0.5085598826408386
56,1,0,0.685117781162262
57,1,1,0.5085598826408386
58,1,0,0.6552716493606567
59,0,1,0.5085598826408386
60,0,1,0.5085598826408386
61,1,1,0.5085598826408386
