,label,pred,score
0,0,1,0.5000562071800232
1,1,1,0.5000562071800232
2,1,1,0.5000562071800232
3,1,1,0.5000562071800232
4,0,1,0.5000562071800232
5,0,1,0.5000562071800232
6,1,1,0.5000562071800232
7,1,1,0.5000562071800232
8,0,1,0.5000562071800232
9,1,1,0.5000562071800232
10,0,1,0.5000562071800232
11,1,1,0.5000562071800232
12,0,1,0.5000562071800232
13,0,1,0.5000562071800232
14,1,1,0.5000562071800232
15,0,1,0.5000562071800232
16,0,1,0.5000562071800232
17,1,1,0.5000562071800232
18,0,1,0.5000562071800232
19,1,1,0.5000562071800232
