,label,pred,score
0,0,0,0.7471933960914612
1,0,0,0.5189968943595886
2,0,0,0.5189968943595886
3,1,0,0.7834315299987793
4,1,0,0.5189968943595886
5,1,0,0.7103976607322693
6,1,0,0.6064035296440125
7,0,0,0.5189968943595886
8,1,0,0.5662289261817932
9,0,0,0.5189968943595886
10,1,0,0.6064035296440125
11,0,0,0.6333087086677551
12,0,0,0.5189968943595886
13,0,0,0.5189968943595886
14,0,0,0.5189968943595886
15,0,0,0.6072412729263306
16,1,0,0.5944157242774963
17,0,0,0.5189968943595886
18,1,0,0.5189968943595886
19,0,0,0.5189968943595886
20,0,0,0.518998384475708
21,1,0,0.6927923560142517
22,1,0,0.5189968943595886
23,0,0,0.5189968943595886
24,0,0,0.5189968943595886
25,1,0,0.6064035296440125
26,0,0,0.5189968943595886
27,1,0,0.5189968943595886
28,1,0,0.5944157242774963
29,0,0,0.5189968943595886
30,1,0,0.5189968943595886
31,1,0,0.7103976607322693
32,0,0,0.5189968943595886
33,0,0,0.5189968943595886
34,1,0,0.5189968943595886
35,1,0,0.6064035296440125
36,1,0,0.5189968943595886
37,0,0,0.5189968943595886
38,0,0,0.5189968943595886
39,1,0,0.8222334384918213
40,1,0,0.8222334384918213
41,0,0,0.5189968943595886
42,1,0,0.5189968943595886
43,0,0,0.5189968943595886
44,1,0,0.7103977203369141
45,0,0,0.8222334384918213
46,1,0,0.8222334384918213
47,0,0,0.5189968943595886
48,0,0,0.5189968943595886
49,1,0,0.5189968943595886
50,0,0,0.5189968943595886
51,0,0,0.5944157242774963
52,1,0,0.7505562901496887
53,1,0,0.5189968943595886
54,0,0,0.5189968943595886
55,0,0,0.5189968943595886
56,1,0,0.5189968943595886
57,0,0,0.5189968943595886
58,0,0,0.5189968943595886
59,1,0,0.5833722949028015
60,1,0,0.5189968943595886
61,1,0,0.5189968943595886
62,0,0,0.5189968943595886
63,1,0,0.5740217566490173
64,0,0,0.5189968943595886
65,1,0,0.5189968943595886
66,0,0,0.8222334384918213
67,0,0,0.5189968943595886
68,1,0,0.5740217566490173
69,0,0,0.5189968943595886
70,1,0,0.5189968943595886
71,1,0,0.6975704431533813
72,1,0,0.518998384475708
73,0,0,0.5189968943595886
74,1,0,0.6638072729110718
75,0,0,0.5189968943595886
76,1,0,0.5189968943595886
77,1,0,0.5910149812698364
