,label,pred,score
0,0,0,0.5231264233589172
1,0,0,0.5231265425682068
2,0,0,0.5231265425682068
3,0,0,0.5231265425682068
4,1,1,0.7561217546463013
5,1,1,0.7532861232757568
6,0,0,0.5231265425682068
7,0,1,0.7765311598777771
8,1,1,0.6207218766212463
9,0,0,0.5231265425682068
10,1,0,0.5231265425682068
11,1,0,0.5231265425682068
12,1,0,0.5231264233589172
13,1,1,0.7718510627746582
14,0,1,0.8221480250358582
15,1,0,0.5231265425682068
16,1,0,0.5231265425682068
17,0,0,0.5231265425682068
18,0,0,0.5231265425682068
19,0,0,0.5231265425682068
20,1,1,0.8557448983192444
21,0,0,0.5231265425682068
22,0,0,0.5231265425682068
23,1,1,0.5888912677764893
24,0,0,0.5231265425682068
25,1,0,0.5231265425682068
26,0,0,0.5231265425682068
27,0,1,0.7976475358009338
28,1,1,0.7532861232757568
29,0,0,0.5231265425682068
30,0,0,0.5231265425682068
31,1,1,0.7147305607795715
32,1,1,0.7119843363761902
33,1,0,0.5231265425682068
34,1,0,0.5231265425682068
35,0,0,0.5231265425682068
36,1,1,0.7532861232757568
37,0,0,0.5231265425682068
38,1,1,0.6856114268302917
39,0,0,0.5231265425682068
40,1,1,0.5888912677764893
41,0,0,0.5231265425682068
42,0,0,0.5231265425682068
43,1,1,0.8221480250358582
44,1,0,0.5231265425682068
45,0,0,0.5231265425682068
46,0,0,0.5231265425682068
47,1,1,0.6685872673988342
48,0,0,0.5231265425682068
49,0,0,0.5231265425682068
50,0,0,0.5231265425682068
51,0,0,0.5231265425682068
52,1,1,0.6207218766212463
53,1,1,0.7650018334388733
54,1,0,0.5231265425682068
55,0,0,0.5231265425682068
56,1,1,0.7119843363761902
57,0,0,0.5231265425682068
58,1,1,0.8221480250358582
59,1,1,0.8221480250358582
60,0,0,0.5231265425682068
61,0,0,0.5231265425682068
62,1,1,0.6207218766212463
63,1,0,0.5231265425682068
64,1,0,0.5231265425682068
65,0,1,0.5888912677764893
66,0,1,0.6864944100379944
67,1,1,0.6207218766212463
68,1,0,0.5231265425682068
69,1,0,0.5231265425682068
70,0,0,0.5231265425682068
71,1,0,0.5231265425682068
72,1,1,0.8111551403999329
73,1,0,0.5231265425682068
74,0,0,0.5231265425682068
75,1,0,0.5231265425682068
76,0,0,0.5231265425682068
77,0,1,0.8221480250358582
