,label,pred,score
0,1,0,0.5346452593803406
1,0,0,0.5346452593803406
2,1,0,0.5346452593803406
3,1,0,0.5346452593803406
4,1,0,0.6537827253341675
5,0,0,0.5346452593803406
6,0,0,0.5346452593803406
7,0,0,0.5346452593803406
8,0,0,0.5346452593803406
9,0,0,0.5346452593803406
10,1,0,0.6751048564910889
11,1,0,0.5346452593803406
12,0,0,0.5346452593803406
13,0,0,0.5010631680488586
14,1,0,0.6537827253341675
15,0,0,0.5346452593803406
16,0,0,0.5346452593803406
17,1,0,0.5251577496528625
18,0,0,0.5346452593803406
19,1,1,0.6225622296333313
20,1,0,0.5251577496528625
21,0,0,0.5346452593803406
22,0,0,0.5346452593803406
23,0,0,0.5346452593803406
24,0,0,0.5346452593803406
25,1,0,0.5288476347923279
26,1,0,0.6537827253341675
27,1,0,0.5702779293060303
28,0,0,0.5346452593803406
29,1,0,0.5288476347923279
30,1,0,0.5346452593803406
31,0,0,0.5346452593803406
32,0,0,0.5346452593803406
33,0,0,0.6096069812774658
34,1,0,0.5288476347923279
35,0,0,0.5346452593803406
36,1,0,0.5346452593803406
37,0,0,0.5216681361198425
38,1,0,0.5346452593803406
39,0,0,0.5346452593803406
40,0,0,0.6537827253341675
41,0,0,0.5346452593803406
42,1,0,0.5346452593803406
43,1,0,0.539969265460968
44,1,0,0.5346452593803406
45,1,1,0.5090366005897522
46,0,0,0.5346452593803406
47,0,0,0.5346452593803406
48,1,0,0.5346452593803406
49,1,0,0.5367965698242188
50,1,0,0.5346452593803406
51,1,0,0.5778014659881592
52,1,0,0.5346452593803406
53,1,0,0.5323729515075684
54,0,0,0.5346452593803406
55,1,0,0.5346452593803406
56,1,0,0.5628529191017151
57,1,0,0.5702779293060303
58,1,0,0.612984836101532
59,1,0,0.5346452593803406
60,0,0,0.5346452593803406
61,0,0,0.5346452593803406
62,0,0,0.5346452593803406
63,0,0,0.5346452593803406
64,0,0,0.5346452593803406
65,0,0,0.5346452593803406
66,0,0,0.5346452593803406
67,0,1,0.6225622296333313
68,1,0,0.5346452593803406
69,1,0,0.5346452593803406
70,1,0,0.5288476347923279
71,1,1,0.6225622296333313
72,1,0,0.5346452593803406
73,0,0,0.6537827253341675
74,1,0,0.5702779293060303
75,0,0,0.5346452593803406
76,0,0,0.5346452593803406
77,0,0,0.5346452593803406
