,label,pred,score
0,0,0,0.7509761452674866
1,0,0,0.633062481880188
2,0,0,0.655286967754364
3,0,0,0.5599647760391235
4,0,0,0.645600438117981
5,1,0,0.7326212525367737
6,1,0,0.5042080283164978
7,0,0,0.7509761452674866
8,1,0,0.5693837404251099
9,1,0,0.5605850219726562
10,1,0,0.6441391110420227
11,1,0,0.6570336818695068
12,1,1,0.5028339624404907
13,0,0,0.7435024380683899
14,0,0,0.6570336818695068
15,0,0,0.7146141529083252
16,0,0,0.5170460343360901
17,1,0,0.734127938747406
18,0,0,0.6564229130744934
19,1,0,0.5380676984786987
20,0,0,0.6533123254776001
21,0,0,0.6511461138725281
22,1,0,0.6570337414741516
23,0,0,0.5814987421035767
24,1,0,0.5293828248977661
25,1,0,0.633062481880188
26,0,0,0.7344721555709839
27,1,0,0.647585928440094
28,0,0,0.5023376941680908
29,1,0,0.5380676984786987
30,1,0,0.500468909740448
31,1,0,0.7146141529083252
