,label,pred,score
0,1,0,0.5787943601608276
1,0,0,0.5576466917991638
2,1,0,0.6555769443511963
3,1,0,0.6032592058181763
4,0,0,0.5576466917991638
5,0,0,0.5576466917991638
6,1,0,0.6405019760131836
7,0,0,0.5576466917991638
8,0,0,0.5576466917991638
9,0,0,0.5576466917991638
10,1,0,0.5576466917991638
11,1,0,0.5576466917991638
12,0,0,0.5576466917991638
13,1,0,0.575190544128418
14,1,0,0.6430411338806152
15,1,0,0.5576466917991638
16,1,0,0.5576466917991638
17,0,0,0.556271493434906
18,0,0,0.5576466917991638
19,0,0,0.5576466917991638
20,1,0,0.6178913116455078
21,0,0,0.5576466917991638
22,1,0,0.6590825915336609
23,1,0,0.5576466917991638
24,0,0,0.5576466917991638
25,1,0,0.6590825915336609
26,0,0,0.5576466917991638
27,1,0,0.7995942234992981
28,0,0,0.5576466917991638
29,1,0,0.5576466917991638
30,0,0,0.6590825915336609
31,0,0,0.5937049984931946
32,1,0,0.5576466917991638
33,0,0,0.5576466917991638
34,1,0,0.5803815126419067
35,1,0,0.5576466917991638
36,0,0,0.5576466917991638
37,0,0,0.5576466917991638
38,1,0,0.6032592058181763
39,0,0,0.5576466917991638
40,1,0,0.617891252040863
41,0,0,0.5576466917991638
42,0,0,0.5576466917991638
43,1,0,0.5576466917991638
44,0,0,0.5576466917991638
45,1,0,0.5576466917991638
46,0,0,0.5576466917991638
47,0,0,0.5576466917991638
48,0,0,0.6590825915336609
49,1,0,0.5705416798591614
50,1,0,0.5576466917991638
51,1,0,0.6032592058181763
52,1,0,0.5576466917991638
53,0,0,0.5576466917991638
54,1,0,0.589686930179596
55,1,0,0.5576466917991638
56,1,0,0.6590825915336609
57,0,0,0.5576466917991638
58,1,0,0.5825515389442444
59,1,0,0.617891252040863
60,0,0,0.5576466917991638
61,0,0,0.5576466917991638
62,0,0,0.5576466917991638
63,1,0,0.617891252040863
64,1,0,0.5576466917991638
65,0,0,0.5576466917991638
66,0,0,0.5576466917991638
67,0,0,0.5576466917991638
68,0,0,0.6850041747093201
69,0,0,0.5576466917991638
70,1,0,0.589686930179596
71,0,0,0.589686930179596
72,0,0,0.5576466917991638
73,1,0,0.5576466917991638
74,1,0,0.5705416798591614
75,1,0,0.5576466917991638
76,0,0,0.5576466917991638
77,1,0,0.5576466917991638
