,label,pred,score
0,0,1,0.5323432087898254
1,1,1,0.6303375959396362
2,1,1,0.5323432087898254
3,1,1,0.6212192177772522
4,1,1,0.5220230221748352
5,1,1,0.5323432087898254
6,1,1,0.6237684488296509
7,0,1,0.5861406922340393
8,0,1,0.5323432087898254
9,1,1,0.6621060371398926
10,0,1,0.5323432087898254
11,1,1,0.5323432087898254
12,0,1,0.5323432087898254
13,0,1,0.5323432087898254
14,0,1,0.6782193183898926
15,0,1,0.5323432087898254
16,0,1,0.5323432087898254
17,0,1,0.5323432087898254
18,1,1,0.5323432087898254
19,0,1,0.5323432087898254
20,0,1,0.5323432087898254
21,0,1,0.5323432087898254
22,0,1,0.5323432087898254
23,1,1,0.5323432087898254
24,1,1,0.5323432087898254
25,1,1,0.5323432087898254
26,0,1,0.5323432087898254
27,1,1,0.5867748260498047
28,1,1,0.5323432087898254
29,1,1,0.5323432087898254
30,0,1,0.560896098613739
31,1,1,0.6621060371398926
32,1,1,0.5323432087898254
33,1,1,0.5861406922340393
34,0,1,0.5323432087898254
35,0,1,0.5861406922340393
36,1,1,0.5220230221748352
37,0,1,0.5528437495231628
38,1,1,0.5323432087898254
39,1,1,0.5323432087898254
40,0,1,0.5323432087898254
41,0,1,0.5323432087898254
42,0,1,0.560896098613739
43,1,1,0.5323432087898254
44,1,1,0.5323432087898254
45,1,1,0.6303375959396362
46,0,1,0.5323432087898254
47,0,1,0.5420315265655518
48,1,1,0.5323432087898254
49,1,1,0.5323432087898254
50,0,1,0.6455846428871155
51,1,1,0.5323432087898254
52,0,1,0.5323432087898254
53,0,1,0.5323432087898254
54,0,1,0.5323432087898254
55,1,1,0.5323432087898254
56,1,1,0.5323432087898254
57,0,1,0.5323432087898254
58,0,1,0.5323432087898254
59,0,1,0.6998226642608643
60,1,1,0.5323432087898254
61,1,1,0.5766222476959229
