,label,pred,score
0,1,1,0.5000372529029846
1,0,1,0.5000372529029846
2,0,1,0.5000372529029846
3,0,1,0.5000372529029846
4,1,1,0.5000372529029846
5,1,1,0.5000372529029846
6,0,1,0.5000372529029846
7,0,1,0.5000372529029846
8,1,1,0.5000372529029846
9,1,1,0.5000372529029846
10,1,1,0.5000372529029846
11,0,1,0.5000372529029846
12,0,1,0.5000372529029846
13,1,1,0.5000372529029846
14,1,1,0.5000372529029846
15,1,1,0.5000372529029846
16,0,1,0.5000372529029846
17,0,1,0.5000372529029846
18,0,1,0.5000372529029846
19,1,1,0.5000372529029846
