,label,pred,score
0,1,0,0.5002190470695496
1,1,0,0.5002190470695496
2,0,0,0.5002190470695496
3,0,0,0.5002190470695496
4,1,0,0.5002190470695496
5,0,0,0.5002190470695496
6,1,0,0.5002190470695496
7,0,0,0.5002190470695496
8,0,0,0.5002190470695496
9,1,0,0.5002190470695496
10,0,0,0.5002190470695496
11,0,0,0.5002190470695496
12,0,0,0.5002190470695496
13,1,0,0.5002190470695496
14,0,0,0.5002190470695496
15,1,0,0.5002190470695496
16,1,0,0.5002190470695496
17,1,0,0.5002190470695496
18,1,0,0.5002190470695496
19,0,0,0.5002190470695496
