,label,pred,score
0,1,0,0.5329076647758484
1,0,0,0.5726689100265503
2,1,0,0.5726689100265503
3,0,0,0.5726689100265503
4,0,0,0.5726689100265503
5,1,0,0.5726689100265503
6,0,0,0.5726689100265503
7,0,0,0.5726689100265503
8,0,0,0.5726689100265503
9,0,0,0.5726689100265503
10,1,0,0.5726689100265503
11,1,0,0.5104094743728638
12,0,0,0.6305328011512756
13,0,0,0.5104094743728638
14,0,0,0.5726689100265503
15,0,0,0.5726689100265503
16,1,1,0.705703854560852
17,1,0,0.5726689100265503
18,1,0,0.5726689100265503
19,0,0,0.5726689100265503
20,1,0,0.5726689100265503
21,0,0,0.5726689100265503
22,1,0,0.5621939897537231
23,1,0,0.5726689100265503
24,1,0,0.5726689100265503
25,1,1,0.5576693415641785
26,1,0,0.5726689100265503
27,1,0,0.5741772651672363
28,0,0,0.5726689100265503
29,0,0,0.5032477378845215
30,0,0,0.5726689100265503
31,0,0,0.5726689100265503
32,0,0,0.5726689100265503
33,1,0,0.6305328011512756
34,0,0,0.5726689100265503
35,0,0,0.5726689100265503
36,0,0,0.5104094743728638
37,1,0,0.5329076647758484
38,0,0,0.5726689100265503
39,1,0,0.5514010787010193
40,1,0,0.5726689100265503
41,1,0,0.5726689100265503
42,0,0,0.5726689100265503
43,1,0,0.5726689100265503
44,1,0,0.5104094743728638
45,0,0,0.5606444478034973
46,1,0,0.5726689100265503
47,0,0,0.6205066442489624
48,1,0,0.5726689100265503
49,1,0,0.5726689100265503
50,0,0,0.5726689100265503
51,1,0,0.5514010787010193
52,1,0,0.6101189851760864
53,0,0,0.5726689100265503
54,1,0,0.5104094743728638
55,0,0,0.5726689100265503
56,1,0,0.5329076647758484
57,0,0,0.5726689100265503
58,0,0,0.5726689100265503
59,0,0,0.5726689100265503
60,1,0,0.5060306191444397
61,1,0,0.5621939897537231
62,1,0,0.562470555305481
63,1,0,0.5726689100265503
64,0,0,0.5726689100265503
65,1,0,0.5514010787010193
66,1,0,0.5726689100265503
67,0,0,0.5726689100265503
68,0,0,0.5726689100265503
69,1,0,0.6305328011512756
70,0,0,0.5726689100265503
71,1,0,0.5277716517448425
72,0,0,0.5726689100265503
73,1,0,0.5329076647758484
74,0,0,0.5726689100265503
75,0,0,0.5726689100265503
76,1,0,0.5614708065986633
77,0,0,0.5726689100265503
