,label,pred,score
0,1,1,0.5251116156578064
1,0,1,0.5251116156578064
2,0,1,0.5251116156578064
3,0,1,0.5251116156578064
4,0,1,0.5396735072135925
5,1,1,0.5251116156578064
6,1,1,0.5372183322906494
7,0,1,0.5251116156578064
8,1,1,0.5251116156578064
9,0,1,0.5460492372512817
10,1,1,0.5251116156578064
11,1,0,0.5430998206138611
12,0,1,0.5251116156578064
13,1,1,0.5251116156578064
14,0,1,0.5251116156578064
15,0,0,0.5058398246765137
16,0,1,0.5251116156578064
17,0,1,0.5460492372512817
18,1,1,0.5175590515136719
19,1,1,0.5268783569335938
20,1,1,0.5251116156578064
21,1,1,0.5059491991996765
22,0,1,0.5156475901603699
23,1,1,0.5251116156578064
24,0,1,0.5251116156578064
25,1,1,0.5372183322906494
26,1,0,0.6383405327796936
27,0,1,0.5251116156578064
28,0,1,0.5251116156578064
29,0,1,0.5251116156578064
30,0,0,0.5740007162094116
31,0,1,0.5251116156578064
32,0,1,0.5251116156578064
33,1,1,0.5251116156578064
34,1,0,0.5058398246765137
35,1,1,0.5251116156578064
36,0,1,0.5251116156578064
37,0,1,0.5251116156578064
38,0,1,0.5251116156578064
39,1,0,0.6383405327796936
40,1,1,0.5251116156578064
41,0,1,0.5251116156578064
42,1,1,0.5251116156578064
43,0,1,0.5251116156578064
44,1,1,0.5251116156578064
45,1,1,0.5251116156578064
46,0,1,0.5251116156578064
47,1,1,0.5251116156578064
48,1,0,0.5078641772270203
49,1,1,0.5251116156578064
50,1,1,0.5251116156578064
51,1,1,0.5251116156578064
52,1,1,0.5251116156578064
53,0,0,0.5058398246765137
54,0,1,0.5251116156578064
55,0,1,0.5251116156578064
56,1,1,0.5251116156578064
57,0,0,0.5036334991455078
58,0,1,0.5251116156578064
59,1,1,0.5251116156578064
60,1,1,0.5268783569335938
61,0,1,0.5181404948234558
