,label,pred,score
0,0,0,0.5056584477424622
1,1,1,0.5531265735626221
2,1,0,0.5056584477424622
3,0,0,0.5056584477424622
4,0,0,0.5056584477424622
5,0,0,0.5056584477424622
6,1,1,0.5064353942871094
7,1,1,0.5531265735626221
8,1,0,0.5056584477424622
9,1,0,0.5076588988304138
10,0,0,0.5056584477424622
11,1,0,0.5058635473251343
12,0,0,0.5058635473251343
13,1,0,0.5477014780044556
14,0,0,0.5056584477424622
15,0,0,0.5056584477424622
16,1,1,0.6395244002342224
17,1,0,0.5425088405609131
18,0,0,0.5056584477424622
19,0,0,0.5058635473251343
20,1,0,0.540544331073761
21,1,0,0.6278498768806458
22,1,0,0.5056584477424622
23,0,1,0.5540140867233276
24,0,0,0.5056584477424622
25,0,0,0.5056584477424622
26,0,0,0.5056584477424622
27,0,0,0.5056584477424622
28,0,0,0.5056584477424622
29,0,0,0.5056584477424622
30,1,0,0.5056584477424622
31,1,0,0.5056584477424622
32,0,0,0.5056584477424622
33,1,0,0.5056584477424622
34,0,0,0.5056584477424622
35,1,0,0.5056584477424622
36,1,1,0.9483432173728943
37,1,1,0.5540140867233276
38,0,0,0.5056584477424622
39,0,1,0.6860065460205078
40,0,0,0.5056584477424622
41,1,0,0.5056584477424622
42,1,1,0.9069421291351318
43,1,0,0.5076588988304138
44,1,0,0.5056584477424622
45,1,0,0.5056584477424622
46,1,0,0.5056584477424622
47,1,0,0.5056584477424622
48,0,0,0.5056584477424622
49,0,0,0.5056584477424622
50,1,1,0.6064022779464722
51,1,0,0.5076588988304138
52,0,0,0.5056584477424622
53,1,0,0.5477014780044556
54,0,0,0.5056584477424622
55,0,0,0.5056584477424622
56,1,1,0.5531265735626221
57,0,0,0.5056584477424622
58,1,0,0.5056584477424622
59,1,0,0.5056584477424622
60,0,0,0.5056584477424622
61,1,0,0.5056584477424622
62,0,0,0.5056584477424622
63,0,0,0.5056584477424622
64,0,0,0.5056584477424622
65,0,0,0.5056584477424622
66,0,1,0.5118039846420288
67,0,0,0.6133452653884888
68,0,0,0.5056584477424622
69,1,0,0.5076588988304138
70,1,0,0.5058635473251343
71,0,0,0.5056584477424622
72,1,0,0.5056584477424622
73,1,0,0.5058635473251343
74,0,0,0.5056584477424622
75,1,0,0.5056584477424622
76,0,0,0.5056584477424622
77,1,1,0.5540140867233276
