,label,pred,score
0,1,0,0.6074414849281311
1,0,0,0.6074414849281311
2,0,1,0.5111547708511353
3,0,1,0.5011831521987915
4,1,0,0.6074414849281311
5,0,0,0.6074414849281311
6,1,0,0.6074414849281311
7,1,1,0.5011831521987915
8,0,1,0.5378223657608032
9,1,1,0.5378721952438354
10,1,0,0.6074414849281311
11,1,0,0.6074414849281311
12,0,0,0.6074414849281311
13,1,0,0.6074414849281311
14,1,1,0.5011831521987915
15,0,0,0.6074414849281311
16,1,0,0.6074414849281311
17,1,0,0.6074414849281311
18,1,1,0.5755314230918884
19,1,0,0.6074414849281311
20,0,0,0.6074414849281311
21,1,0,0.6074414849281311
22,0,0,0.6074414849281311
23,1,0,0.6074414849281311
24,0,0,0.5093479752540588
25,0,0,0.6074414849281311
26,0,0,0.6074414849281311
27,1,1,0.5030161142349243
28,0,0,0.6074414849281311
29,0,1,0.5030161142349243
30,0,0,0.6074414849281311
31,0,1,0.5334638953208923
