,label,pred,score
0,0,0,0.5335699319839478
1,1,0,0.5471333265304565
2,1,0,0.5335699319839478
3,1,0,0.5335699319839478
4,0,0,0.5335699319839478
5,1,0,0.5076358914375305
6,0,0,0.5186375975608826
7,1,1,0.5632110834121704
8,0,0,0.5335699319839478
9,0,0,0.5335699319839478
10,1,0,0.5335699319839478
11,0,0,0.5335699319839478
12,1,0,0.5186654925346375
13,0,0,0.5335699319839478
14,0,0,0.5186375975608826
15,1,1,0.5094237327575684
16,1,0,0.5040166974067688
17,1,0,0.5335699319839478
18,1,0,0.5335699319839478
19,1,0,0.5335699319839478
20,1,0,0.5335699319839478
21,0,0,0.5335699319839478
22,0,0,0.5335699319839478
23,0,0,0.5335699319839478
24,1,1,0.5094237327575684
25,0,0,0.5335699319839478
26,1,1,0.5632110834121704
27,0,0,0.5050720572471619
28,0,1,0.5036864280700684
29,0,0,0.5335699319839478
30,1,0,0.5186654925346375
31,1,0,0.5335699319839478
32,0,0,0.5335699319839478
33,1,0,0.5335699319839478
34,0,0,0.5335699319839478
35,0,0,0.5335699319839478
36,1,0,0.5335699319839478
37,1,0,0.5335699319839478
38,1,0,0.5186375975608826
39,0,0,0.5335699319839478
40,1,1,0.5094237327575684
41,1,0,0.5335699319839478
42,1,0,0.5335699319839478
43,0,0,0.5335699319839478
44,1,0,0.5040166974067688
45,1,0,0.5335699319839478
46,0,0,0.5335696935653687
47,1,0,0.5335699319839478
48,0,0,0.5335699319839478
49,0,0,0.5335699319839478
50,0,0,0.5335699319839478
51,0,0,0.5335699319839478
52,1,0,0.5335699319839478
53,1,0,0.5033339262008667
54,0,0,0.5335699319839478
55,0,0,0.5335699319839478
56,1,1,0.5004196763038635
57,1,0,0.5186375975608826
58,1,0,0.5186654925346375
59,1,0,0.5179815888404846
60,1,0,0.5186375975608826
61,0,0,0.5335699319839478
62,0,0,0.5335699319839478
63,0,0,0.5335699319839478
64,0,1,0.5632110834121704
65,1,0,0.5079912543296814
66,0,0,0.5335699319839478
67,1,0,0.512432873249054
68,0,0,0.5335699319839478
69,0,0,0.5335699319839478
70,1,0,0.5335696935653687
71,0,0,0.5335699319839478
72,1,1,0.5094237327575684
73,1,0,0.5126620531082153
74,0,0,0.5335699319839478
75,0,0,0.5083369612693787
76,0,0,0.5335699319839478
77,0,0,0.5335699319839478
