,label,pred,score
0,0,1,0.5000883340835571
1,0,1,0.5000883340835571
2,0,1,0.5000883340835571
3,0,1,0.5000883340835571
4,1,1,0.5000883340835571
5,1,1,0.5000883340835571
6,0,1,0.5000883340835571
7,1,1,0.5000883340835571
8,1,1,0.5000883340835571
9,1,1,0.5000883340835571
10,1,1,0.5000883340835571
11,0,1,0.5000883340835571
12,0,1,0.5000883340835571
13,1,1,0.5000883340835571
14,0,1,0.5000883340835571
15,1,1,0.5000883340835571
16,1,1,0.5000883340835571
17,0,1,0.5000883340835571
18,1,1,0.5000883340835571
19,0,1,0.5000883340835571
