,label,pred,score
0,0,0,0.5053738355636597
1,0,0,0.5053738355636597
2,1,1,0.6242603659629822
3,0,0,0.5053738355636597
4,1,0,0.5053738355636597
5,1,0,0.5053738355636597
6,0,1,0.6191287040710449
7,0,0,0.5053738355636597
8,0,1,0.5563393235206604
9,0,0,0.5053738355636597
10,1,1,0.5186328887939453
11,1,0,0.5053738355636597
12,1,0,0.5053738355636597
13,1,1,0.6921173334121704
14,0,0,0.5053738355636597
15,1,0,0.5053738355636597
16,0,0,0.5053738355636597
17,0,0,0.5053738355636597
18,0,0,0.5053738355636597
19,1,1,0.6216138005256653
20,1,0,0.5053738355636597
21,1,0,0.5053738355636597
22,0,0,0.5053738355636597
23,1,0,0.5053738355636597
24,0,0,0.5766363739967346
25,1,0,0.533014714717865
26,0,0,0.5053738355636597
27,0,0,0.5053738355636597
28,0,0,0.5053738355636597
29,0,0,0.5053738355636597
30,1,0,0.5053738355636597
31,1,0,0.5193305611610413
32,0,0,0.5053738355636597
33,0,0,0.5053738355636597
34,0,1,0.6423550248146057
35,1,0,0.5766363739967346
36,1,0,0.5193305611610413
37,0,0,0.5053738355636597
38,1,0,0.5053738355636597
39,0,0,0.5053738355636597
40,0,0,0.5766363739967346
41,0,0,0.5053738355636597
42,1,1,0.5119290947914124
43,0,0,0.5053738355636597
44,0,0,0.5053738355636597
45,0,0,0.5053738355636597
46,1,0,0.5053738355636597
47,1,0,0.5053738355636597
48,1,0,0.5053738355636597
49,1,0,0.5053738355636597
50,0,0,0.5053738355636597
51,1,0,0.5766363739967346
52,1,1,0.53160560131073
53,0,0,0.5053738355636597
54,1,1,0.6216138005256653
55,0,0,0.5053738355636597
56,1,1,0.5119290947914124
57,1,0,0.5193305611610413
58,1,1,0.5186328887939453
59,1,0,0.5053738355636597
60,1,0,0.5766363739967346
61,0,0,0.5053738355636597
62,0,0,0.5053738355636597
63,1,1,0.6597194075584412
64,1,0,0.5053738355636597
65,1,1,0.5599409937858582
66,1,0,0.5053738355636597
67,1,1,0.6216138005256653
68,1,0,0.5193305611610413
69,0,0,0.5053738355636597
70,0,0,0.5053738355636597
71,1,1,0.5638494491577148
72,0,0,0.5053738355636597
73,0,0,0.5053738355636597
74,1,1,0.5964101552963257
75,0,1,0.5119290947914124
76,0,0,0.5053738355636597
77,0,0,0.5053738355636597
