,label,pred,score
0,1,0,0.5354727506637573
1,0,0,0.5354727506637573
2,0,0,0.5861424803733826
3,0,0,0.5354727506637573
4,0,0,0.5854282379150391
5,1,0,0.5354727506637573
6,1,0,0.5354727506637573
7,0,0,0.5354727506637573
8,1,0,0.5571922063827515
9,1,0,0.5571922063827515
10,1,0,0.5767422914505005
11,0,0,0.5660436749458313
12,0,0,0.5354727506637573
13,1,0,0.5354727506637573
14,1,0,0.5354727506637573
15,1,0,0.5691303014755249
16,1,0,0.5354727506637573
17,0,0,0.5354727506637573
18,1,0,0.5708625912666321
19,0,0,0.5354727506637573
20,0,0,0.5354727506637573
21,0,0,0.5354727506637573
22,0,0,0.5354727506637573
23,1,0,0.5354727506637573
24,1,0,0.5354727506637573
25,0,0,0.5354727506637573
26,0,0,0.5354727506637573
27,0,0,0.5354727506637573
28,1,0,0.5354727506637573
29,1,0,0.5633503794670105
30,0,0,0.5354727506637573
31,0,0,0.5354727506637573
32,1,0,0.5354727506637573
33,1,0,0.5354727506637573
34,0,0,0.5354727506637573
35,1,0,0.5861424803733826
36,0,0,0.5354727506637573
37,0,0,0.6058380603790283
38,0,0,0.5354727506637573
39,0,0,0.5354727506637573
40,0,0,0.5354727506637573
41,0,0,0.5354727506637573
42,1,0,0.5861424207687378
43,1,0,0.5833619236946106
44,1,0,0.5708625912666321
45,0,0,0.5354727506637573
46,1,0,0.5571922063827515
47,0,0,0.5354727506637573
48,1,0,0.5861424207687378
49,0,0,0.5861424207687378
50,0,0,0.5531624555587769
51,1,0,0.5708625912666321
52,1,0,0.5616493821144104
53,0,0,0.5354727506637573
54,1,0,0.6058380603790283
55,0,0,0.5354727506637573
56,0,0,0.5354727506637573
57,1,0,0.6058380603790283
58,0,0,0.5354727506637573
59,1,0,0.5694394707679749
60,0,0,0.5354727506637573
61,0,0,0.5354727506637573
62,1,0,0.5354727506637573
63,0,0,0.5354727506637573
64,1,0,0.5584862232208252
65,0,0,0.5354727506637573
66,0,0,0.5354727506637573
67,1,0,0.5694394707679749
68,1,0,0.5579324960708618
69,1,0,0.5354727506637573
70,0,0,0.5354727506637573
71,1,0,0.5354727506637573
72,1,0,0.5354727506637573
73,1,0,0.5354727506637573
74,1,0,0.5354727506637573
75,1,0,0.5708625912666321
76,1,0,0.5602949261665344
77,0,0,0.5354727506637573
