,label,pred,score
0,1,1,0.5102812647819519
1,1,1,0.5102812647819519
2,1,1,0.5102812647819519
3,0,0,0.6611936092376709
4,0,1,0.5102812647819519
5,1,0,0.5995515584945679
6,1,1,0.5102812647819519
7,0,1,0.5102812647819519
8,0,0,0.6611936092376709
9,0,1,0.5102812647819519
10,0,1,0.5102812647819519
11,1,1,0.5102812647819519
12,0,0,0.6161324977874756
13,1,0,0.5719655156135559
14,1,0,0.5618563294410706
15,1,0,0.5928232669830322
16,0,1,0.5102812647819519
17,0,0,0.5720369219779968
18,0,1,0.5102812647819519
19,0,1,0.5102812647819519
20,1,1,0.5102812647819519
21,1,1,0.5102812647819519
22,1,1,0.5102812647819519
23,0,1,0.5102812647819519
24,1,1,0.5102812647819519
25,1,1,0.5102812647819519
26,0,1,0.5102812647819519
27,1,1,0.5102812647819519
28,0,1,0.5102812647819519
29,1,1,0.5102812647819519
30,1,1,0.5102812647819519
31,1,0,0.5719655156135559
32,0,0,0.5857627987861633
33,1,0,0.5923511385917664
34,0,1,0.5102812647819519
35,1,1,0.5102812647819519
36,0,1,0.5102812647819519
37,1,0,0.5618563294410706
38,1,1,0.5102812647819519
39,1,1,0.5102812647819519
40,1,1,0.5102812647819519
41,0,1,0.5102812647819519
42,1,0,0.6035548448562622
43,0,0,0.5960927605628967
44,0,1,0.5102812647819519
45,0,1,0.5102812647819519
46,0,1,0.5102812647819519
47,0,0,0.5857627987861633
48,1,1,0.5102810263633728
49,0,1,0.5102812647819519
50,0,1,0.5102812647819519
51,1,0,0.5857627987861633
52,1,1,0.5102812647819519
53,0,1,0.5102812647819519
54,0,1,0.5102812647819519
55,0,1,0.5102812647819519
56,0,0,0.5694766640663147
57,0,1,0.5102812647819519
58,1,0,0.6565398573875427
59,1,1,0.5102812647819519
60,1,0,0.6565399169921875
61,0,0,0.6478261947631836
