,label,pred,score
0,0,1,0.5000292062759399
1,0,1,0.5000292062759399
2,0,1,0.5000292062759399
3,1,1,0.5000292062759399
4,0,1,0.5000292062759399
5,0,1,0.5000292062759399
6,1,1,0.5000292062759399
7,1,1,0.5000292062759399
8,1,1,0.5000292062759399
9,0,1,0.5000292062759399
10,0,1,0.5000292062759399
11,1,1,0.5000292062759399
12,1,1,0.5000292062759399
13,1,1,0.5000292062759399
14,1,1,0.5000292062759399
15,0,1,0.5000292062759399
16,0,1,0.5000292062759399
17,0,1,0.5000292062759399
18,1,1,0.5000292062759399
19,1,1,0.5000292062759399
