,label,pred,score
0,0,1,0.5000278353691101
1,1,1,0.5000278353691101
2,0,1,0.5000278353691101
3,1,1,0.5000278353691101
4,1,1,0.5000278353691101
5,0,1,0.5000278353691101
6,1,1,0.5000278353691101
7,1,1,0.5000278353691101
8,1,1,0.5000278353691101
9,0,1,0.5000278353691101
10,0,1,0.5000278353691101
11,1,1,0.5000278353691101
12,0,1,0.5000278353691101
13,0,1,0.5000278353691101
14,1,1,0.5000278353691101
15,1,1,0.5000278353691101
16,0,1,0.5000278353691101
17,0,1,0.5000278353691101
18,0,1,0.5000278353691101
19,1,1,0.5000278353691101
