,label,pred,score
0,1,0,0.5758042335510254
1,1,0,0.5758042335510254
2,0,0,0.5758042335510254
3,0,0,0.5970176458358765
4,1,0,0.5758042335510254
5,1,0,0.5758042335510254
6,0,0,0.5758042335510254
7,0,0,0.5633903741836548
8,1,0,0.5758042335510254
9,1,0,0.5372285842895508
10,1,0,0.5758042335510254
11,1,0,0.5783535838127136
12,0,0,0.5758042335510254
13,0,0,0.5758042931556702
14,1,0,0.5758042335510254
15,0,0,0.5758042335510254
16,0,0,0.5758042335510254
17,0,0,0.5758042335510254
18,0,0,0.5758042335510254
19,1,0,0.5758042335510254
20,0,0,0.6227469444274902
21,1,0,0.5783535838127136
22,1,0,0.5896321535110474
23,1,0,0.5758042335510254
24,1,0,0.5970176458358765
25,1,0,0.5970176458358765
26,0,0,0.5758042931556702
27,1,0,0.6740123629570007
28,0,0,0.5758042335510254
29,0,0,0.5970176458358765
30,1,0,0.5758042931556702
31,0,0,0.5758042335510254
32,1,0,0.5896321535110474
33,0,0,0.5758042335510254
34,0,0,0.5758042931556702
35,0,0,0.5758042335510254
36,0,0,0.5758042335510254
37,1,0,0.5613746047019958
38,0,0,0.5758042931556702
39,0,0,0.5758042335510254
40,0,0,0.5758042335510254
41,1,0,0.5758042335510254
42,0,0,0.5758042335510254
43,1,0,0.6173423528671265
44,1,0,0.5758042335510254
45,1,0,0.5758042335510254
46,1,0,0.6173423528671265
47,1,0,0.5758042335510254
48,1,0,0.5758042335510254
49,0,0,0.5758042335510254
50,1,0,0.6173423528671265
51,0,0,0.5758042335510254
52,0,0,0.6740123629570007
53,0,0,0.5758042335510254
54,0,0,0.5758042335510254
55,1,0,0.5926505923271179
56,1,0,0.5758042335510254
57,1,0,0.6360712647438049
58,1,0,0.5783535838127136
59,0,0,0.5758042335510254
60,0,0,0.5758042335510254
61,1,0,0.6740123629570007
62,0,0,0.5981000661849976
63,0,0,0.5758042335510254
64,1,0,0.5970176458358765
65,0,0,0.5758042335510254
66,0,0,0.5758042335510254
67,1,0,0.6198278069496155
68,1,0,0.5674287676811218
69,1,0,0.6173423528671265
70,0,0,0.5758042335510254
71,0,0,0.5758042335510254
72,1,0,0.5758042335510254
73,0,0,0.5758042335510254
74,1,0,0.582995593547821
75,1,0,0.5883768200874329
76,0,0,0.5758042335510254
77,0,0,0.5758042335510254
