,label,pred,score
0,0,1,0.500080406665802
1,1,1,0.500080406665802
2,0,1,0.500080406665802
3,1,1,0.500080406665802
4,1,1,0.500080406665802
5,1,1,0.500080406665802
6,0,1,0.500080406665802
7,0,1,0.500080406665802
8,1,1,0.500080406665802
9,1,1,0.500080406665802
10,1,1,0.500080406665802
11,1,1,0.500080406665802
12,0,1,0.500080406665802
13,1,1,0.500080406665802
14,0,1,0.500080406665802
15,0,1,0.500080406665802
16,1,1,0.500080406665802
17,0,1,0.500080406665802
18,0,1,0.500080406665802
19,0,1,0.500080406665802
