,label,pred,score
0,1,0,0.5000584721565247
1,0,0,0.5000584721565247
2,1,0,0.5000584721565247
3,0,0,0.5000584721565247
4,0,0,0.5000584721565247
5,1,0,0.5000584721565247
6,1,0,0.5000584721565247
7,0,0,0.5000584721565247
8,1,0,0.5000584721565247
9,0,0,0.5000584721565247
10,0,0,0.5000584721565247
11,1,0,0.5000584721565247
12,0,0,0.5000584721565247
13,1,0,0.5000584721565247
14,0,0,0.5000584721565247
15,0,0,0.5000584721565247
16,1,0,0.5000584721565247
17,1,0,0.5000584721565247
18,0,0,0.5000584721565247
19,1,0,0.5000584721565247
