,label,pred,score
0,0,1,0.8560733795166016
1,1,0,0.5728233456611633
2,0,0,0.5728233456611633
3,1,0,0.5728233456611633
4,1,0,0.5728233456611633
5,0,1,0.8292123079299927
6,1,0,0.5728233456611633
7,1,0,0.5728233456611633
8,1,0,0.5728233456611633
9,0,1,0.8393251299858093
10,0,1,0.840391218662262
11,1,0,0.5728233456611633
12,0,0,0.5728233456611633
13,1,0,0.5728233456611633
14,0,1,0.8563674092292786
15,1,0,0.5728233456611633
16,0,1,0.8804760575294495
17,0,0,0.5728233456611633
18,0,0,0.5728233456611633
19,0,0,0.5728233456611633
20,0,0,0.5728233456611633
21,0,0,0.5728233456611633
22,1,1,0.8393251299858093
23,1,1,0.8393251299858093
24,1,0,0.5728233456611633
25,0,0,0.5728233456611633
26,1,1,0.8560733795166016
27,1,0,0.5728233456611633
28,1,1,0.8748263716697693
29,1,1,0.8253270983695984
30,0,0,0.5728233456611633
31,0,0,0.5728233456611633
