,label,pred,score
0,0,0,0.5000786781311035
1,0,0,0.5000786781311035
2,0,0,0.5000786781311035
3,0,0,0.5000786781311035
4,1,0,0.5000786781311035
5,0,0,0.5000786781311035
6,1,0,0.5000786781311035
7,0,0,0.5000786781311035
8,1,0,0.5000786781311035
9,1,0,0.5000786781311035
10,0,0,0.5000786781311035
11,0,0,0.5000786781311035
12,1,0,0.5000786781311035
13,0,0,0.5000786781311035
14,1,0,0.5000786781311035
15,1,0,0.5000786781311035
16,0,0,0.5000786781311035
17,1,0,0.5000786781311035
18,1,0,0.5000786781311035
19,1,0,0.5000786781311035
