,label,pred,score
0,1,0,0.500118613243103
1,1,0,0.500118613243103
2,0,0,0.500118613243103
3,0,0,0.500118613243103
4,1,0,0.500118613243103
5,0,0,0.500118613243103
6,1,0,0.500118613243103
7,1,0,0.500118613243103
8,1,0,0.500118613243103
9,1,0,0.500118613243103
10,0,0,0.500118613243103
11,0,0,0.500118613243103
12,1,0,0.500118613243103
13,1,0,0.500118613243103
14,0,0,0.500118613243103
15,0,0,0.500118613243103
16,1,0,0.500118613243103
17,0,0,0.500118613243103
18,0,0,0.500118613243103
19,0,0,0.500118613243103
