,label,pred,score
0,1,0,0.5001521706581116
1,0,0,0.5001521706581116
2,0,0,0.5001521706581116
3,1,0,0.5001521706581116
4,1,0,0.5001521706581116
5,1,0,0.5001521706581116
6,1,0,0.5001521706581116
7,0,0,0.5001521706581116
8,0,0,0.5001521706581116
9,1,0,0.5001521706581116
10,0,0,0.5001521706581116
11,0,0,0.5001521706581116
12,1,0,0.5001521706581116
13,1,0,0.5001521706581116
14,0,0,0.5001521706581116
15,1,0,0.5001521706581116
16,1,0,0.5001521706581116
17,0,0,0.5001521706581116
18,0,0,0.5001521706581116
19,0,0,0.5001521706581116
