,label,pred,score
0,0,0,0.5876204967498779
1,1,1,0.505271315574646
2,0,0,0.5939720273017883
3,0,1,0.505271315574646
4,0,1,0.505271315574646
5,0,0,0.5986099243164062
6,0,1,0.505271315574646
7,0,1,0.505271315574646
8,0,1,0.505271315574646
9,0,1,0.505271315574646
10,0,1,0.505271315574646
11,1,1,0.505271315574646
12,0,1,0.505271315574646
13,1,1,0.505271315574646
14,1,1,0.505271315574646
15,1,1,0.505271315574646
16,0,1,0.505271315574646
17,0,1,0.505271315574646
18,1,1,0.505271315574646
19,1,0,0.5842671990394592
20,0,1,0.505271315574646
21,0,0,0.5986099243164062
22,1,0,0.6156692504882812
23,1,1,0.505271315574646
24,1,0,0.6215773820877075
25,1,1,0.505271315574646
26,1,1,0.5053037405014038
27,0,1,0.505271315574646
28,1,0,0.619761049747467
29,1,1,0.505271315574646
30,0,1,0.505271315574646
31,1,0,0.7481134533882141
32,1,0,0.5842671990394592
33,1,0,0.7481134533882141
34,1,1,0.505271315574646
35,0,1,0.505271315574646
36,0,0,0.7065753936767578
37,1,1,0.505271315574646
38,1,0,0.5986099243164062
39,0,1,0.505271315574646
40,1,1,0.505271315574646
41,0,0,0.6659736633300781
42,0,1,0.505271315574646
43,0,0,0.7557348012924194
44,1,1,0.505271315574646
45,0,1,0.505271315574646
46,0,1,0.505271315574646
47,1,1,0.505271315574646
48,1,0,0.6728726625442505
49,0,1,0.505271315574646
50,0,0,0.6399842500686646
51,1,1,0.505271315574646
52,1,1,0.505271315574646
53,1,1,0.505271315574646
54,0,1,0.505271315574646
55,1,1,0.505271315574646
56,1,1,0.505271315574646
57,0,0,0.5939720273017883
58,1,0,0.619761049747467
59,1,0,0.5959489941596985
60,0,1,0.505271315574646
61,0,1,0.505271315574646
