,label,pred,score
0,0,1,0.5001288056373596
1,0,1,0.5001288056373596
2,0,1,0.5001288056373596
3,1,1,0.5001288056373596
4,0,1,0.5001288056373596
5,1,1,0.5001288056373596
6,0,1,0.5001288056373596
7,1,1,0.5001288056373596
8,1,1,0.5001288056373596
9,0,1,0.5001288056373596
10,1,1,0.5001288056373596
11,0,1,0.5001288056373596
12,1,1,0.5001288056373596
13,1,1,0.5001288056373596
14,1,1,0.5001288056373596
15,0,1,0.5001288056373596
16,0,1,0.5001288056373596
17,1,1,0.5001288056373596
18,1,1,0.5001288056373596
19,0,1,0.5001288056373596
