,label,pred,score
0,1,1,0.5217416286468506
1,1,0,0.5031567215919495
2,1,0,0.5063095092773438
3,0,0,0.5201475024223328
4,0,0,0.5201475024223328
5,0,0,0.5201475024223328
6,1,0,0.5201475024223328
7,0,1,0.6023939251899719
8,1,0,0.5125325918197632
9,0,0,0.5201475024223328
10,0,0,0.5201475024223328
11,1,0,0.5201475024223328
12,1,0,0.5201475024223328
13,1,0,0.5201475024223328
14,0,0,0.5201475024223328
15,0,0,0.5201475024223328
16,0,0,0.5201475024223328
17,0,0,0.5201475024223328
18,1,0,0.5201475024223328
19,1,0,0.5011271238327026
20,1,0,0.5063095092773438
21,1,1,0.6023939251899719
22,0,0,0.5201475024223328
23,0,0,0.50540691614151
24,0,0,0.5201475024223328
25,1,0,0.5201475024223328
26,0,0,0.5201475024223328
27,0,0,0.5201475024223328
28,0,0,0.5201475024223328
29,1,0,0.5201475024223328
30,0,0,0.5201475024223328
31,1,0,0.5092611908912659
32,1,0,0.5031567215919495
33,1,1,0.5360900163650513
34,0,0,0.5201475024223328
35,0,0,0.5201475024223328
36,0,0,0.5201475024223328
37,1,0,0.5201475024223328
38,1,0,0.5201475024223328
39,1,1,0.5027063488960266
40,0,0,0.5201475024223328
41,1,0,0.5201475024223328
42,1,0,0.5201475024223328
43,1,1,0.6023939251899719
44,1,1,0.5056400895118713
45,1,0,0.5201475024223328
46,0,0,0.5201475024223328
47,0,0,0.5201475024223328
48,1,0,0.5063095092773438
49,0,0,0.5201475024223328
50,1,0,0.5063095092773438
51,0,0,0.5201475024223328
52,0,0,0.5201475024223328
53,0,0,0.5201475024223328
54,1,0,0.5424709916114807
55,1,0,0.5201475024223328
56,0,0,0.5201475024223328
57,1,1,0.5275684595108032
58,0,0,0.5201475024223328
59,1,0,0.5201475024223328
60,1,0,0.5201475024223328
61,1,0,0.5201475024223328
62,1,0,0.5011271238327026
63,0,0,0.5201475024223328
64,0,1,0.5168540477752686
65,0,0,0.5201475024223328
66,1,1,0.5168540477752686
67,1,0,0.5201475024223328
68,0,1,0.5168540477752686
69,0,0,0.5201475024223328
70,0,0,0.5201475024223328
71,0,1,0.5135020017623901
72,0,0,0.5201475024223328
73,1,1,0.5168540477752686
74,0,1,0.5094509124755859
75,1,0,0.5031567215919495
76,0,0,0.5201475024223328
77,1,1,0.5168540477752686
