,label,pred,score
0,0,1,0.5001224875450134
1,1,1,0.5001224875450134
2,1,1,0.5001224875450134
3,0,1,0.5001224875450134
4,1,1,0.5001224875450134
5,1,1,0.5001224875450134
6,1,1,0.5001224875450134
7,1,1,0.5001224875450134
8,1,1,0.5001224875450134
9,0,1,0.5001224875450134
10,0,1,0.5001224279403687
11,0,1,0.5001224279403687
12,0,1,0.5001224279403687
13,0,1,0.5001224279403687
14,0,1,0.5001224279403687
15,0,1,0.5001224279403687
16,1,1,0.5001224279403687
17,0,1,0.5001224279403687
18,1,1,0.5001224279403687
19,1,1,0.5001224279403687
