,label,pred,score
0,1,1,0.5543197393417358
1,0,1,0.5020427703857422
2,0,1,0.5020427703857422
3,1,1,0.5354569554328918
4,1,1,0.5020427703857422
5,1,1,0.5020427703857422
6,0,1,0.5051376819610596
7,0,1,0.5020427703857422
8,0,1,0.5020427703857422
9,0,1,0.5020427703857422
10,1,1,0.5020427703857422
11,0,1,0.5020427703857422
12,0,1,0.5020427703857422
13,1,1,0.5020427703857422
14,1,0,0.5041218400001526
15,1,1,0.5020427703857422
16,0,1,0.5366238355636597
17,0,1,0.5020427703857422
18,1,1,0.5020427703857422
19,1,1,0.5020427703857422
20,0,1,0.5020427703857422
21,1,1,0.5543197393417358
22,0,1,0.5051376819610596
23,0,1,0.5020427703857422
24,1,1,0.5115873217582703
25,1,1,0.5051376819610596
26,0,1,0.5020427703857422
27,0,1,0.5020427703857422
28,0,1,0.5375914573669434
29,0,1,0.5020427703857422
30,0,1,0.5020427703857422
31,0,1,0.5276481509208679
32,0,1,0.5020427703857422
33,0,1,0.5276481509208679
34,0,1,0.5080969929695129
35,1,1,0.5020427703857422
36,0,1,0.5020427703857422
37,1,1,0.5020427703857422
38,0,1,0.5020427703857422
39,1,1,0.5020427703857422
40,1,1,0.5020427703857422
41,1,1,0.5020427703857422
42,0,1,0.5020427703857422
43,1,1,0.5020427703857422
44,1,1,0.5178111791610718
45,1,1,0.5020427703857422
46,0,1,0.5020427703857422
47,1,1,0.5020427703857422
48,1,1,0.5354569554328918
49,1,1,0.5020427703857422
50,0,1,0.5020427703857422
51,1,1,0.5090315341949463
52,0,1,0.5463892817497253
53,1,1,0.5020427703857422
54,1,0,0.5041218400001526
55,1,1,0.5020427703857422
56,1,1,0.5020427703857422
57,1,1,0.5020427703857422
58,0,1,0.5020427703857422
59,0,1,0.5005279779434204
60,0,1,0.5020427703857422
61,1,1,0.5196495056152344
