,label,pred,score
0,1,0,0.5386666059494019
1,1,0,0.5386838316917419
2,0,0,0.5358223915100098
3,1,0,0.5242860913276672
4,0,0,0.5386838316917419
5,0,0,0.5386838316917419
6,0,0,0.5386838316917419
7,1,0,0.5386838316917419
8,1,0,0.5377664566040039
9,1,0,0.5386838316917419
10,1,0,0.5386666059494019
11,1,0,0.5386838316917419
12,0,0,0.5386838316917419
13,1,0,0.5281419157981873
14,0,0,0.536537766456604
15,0,0,0.5386838316917419
16,0,0,0.5386838316917419
17,1,0,0.539598286151886
18,0,0,0.5386838316917419
19,0,0,0.5386838316917419
20,0,0,0.5386838316917419
21,1,0,0.5194264650344849
22,0,0,0.5386838316917419
23,1,0,0.5386838316917419
24,0,0,0.5386838316917419
25,0,0,0.5386838316917419
26,0,0,0.5386838316917419
27,0,0,0.5386838316917419
28,1,0,0.5386838316917419
29,0,0,0.5386838316917419
30,1,0,0.5386838316917419
31,0,0,0.5386838316917419
32,1,0,0.5281419157981873
33,1,0,0.5386838316917419
34,1,0,0.5386838316917419
35,0,0,0.5386838316917419
36,1,0,0.5330308079719543
37,0,0,0.5357455015182495
38,0,0,0.5258285999298096
39,0,0,0.5386838316917419
40,1,0,0.5281419157981873
41,0,0,0.5386838316917419
42,0,0,0.5386838316917419
43,0,0,0.5252673029899597
44,0,0,0.5386840105056763
45,1,0,0.5386838316917419
46,1,0,0.5258285999298096
47,0,0,0.5386838316917419
48,1,0,0.5386838316917419
49,0,0,0.5258285999298096
50,0,0,0.5386838316917419
51,0,0,0.5386838316917419
52,1,0,0.540045976638794
53,0,0,0.5386838316917419
54,1,0,0.5311257243156433
55,1,0,0.5386840105056763
56,1,0,0.5258285999298096
57,1,0,0.5386838316917419
58,1,0,0.5386838316917419
59,1,0,0.5124850869178772
60,0,0,0.5386838316917419
61,0,0,0.5386838316917419
62,0,0,0.5386838316917419
63,1,0,0.5258285999298096
64,1,0,0.5330308079719543
65,0,0,0.5386838316917419
66,1,0,0.5358223915100098
67,1,0,0.5386838316917419
68,1,0,0.5358223915100098
69,1,0,0.5386838316917419
70,1,0,0.5281419157981873
71,0,0,0.5386838316917419
72,1,0,0.5307825207710266
73,1,0,0.5330308079719543
74,0,0,0.5386838316917419
75,0,0,0.5386838316917419
76,1,0,0.5386838316917419
77,0,0,0.5386838316917419
