,label,pred,score
0,1,1,0.5005459785461426
1,1,1,0.5005459785461426
2,1,1,0.5005459785461426
3,0,1,0.5785525441169739
4,1,1,0.5366194248199463
5,0,1,0.5762326121330261
6,0,1,0.5900883078575134
7,0,1,0.5005459785461426
8,1,1,0.6130619645118713
9,0,1,0.6056492924690247
10,0,1,0.5005459785461426
11,0,1,0.5005459785461426
12,1,1,0.7100645899772644
13,1,1,0.5005459785461426
14,0,1,0.5005459785461426
15,1,1,0.5005459785461426
16,0,1,0.5005459785461426
17,0,1,0.5837240815162659
18,1,1,0.5897689461708069
19,0,1,0.5005459785461426
20,0,1,0.5005459785461426
21,0,1,0.575962483882904
22,1,1,0.5005459785461426
23,0,1,0.5005459785461426
24,0,1,0.5005459785461426
25,0,1,0.5005459785461426
26,1,1,0.5005459785461426
27,0,1,0.5005459785461426
28,1,1,0.546690046787262
29,1,1,0.5005459785461426
30,1,1,0.5005459785461426
31,1,1,0.5005459785461426
32,0,1,0.6056492924690247
33,1,1,0.5005459785461426
34,1,1,0.5005459785461426
35,0,1,0.5005459785461426
36,0,1,0.5900883078575134
37,0,1,0.5005459785461426
38,0,1,0.5005459785461426
39,1,1,0.5005459785461426
40,1,1,0.5558269619941711
41,1,1,0.5474318265914917
42,1,1,0.5005459785461426
43,0,1,0.5005459785461426
44,0,1,0.6633922457695007
45,0,1,0.5005459785461426
46,1,1,0.5474318265914917
47,1,1,0.5558269619941711
48,0,1,0.5005459785461426
49,1,1,0.7100645899772644
50,0,1,0.5005459785461426
51,1,1,0.5005459785461426
52,1,1,0.5005462169647217
53,0,1,0.5005459785461426
54,1,1,0.5900883078575134
55,0,1,0.5005459785461426
56,1,1,0.5005459785461426
57,0,1,0.5005459785461426
58,0,1,0.5005459785461426
59,1,1,0.5005459785461426
60,1,1,0.5005459785461426
61,1,1,0.5005459785461426
