,label,pred,score
0,0,1,0.8287605047225952
1,0,1,0.7918663620948792
2,0,0,0.5468441843986511
3,0,0,0.5468441843986511
4,1,0,0.5468441843986511
5,0,0,0.5468440651893616
6,0,1,0.818811297416687
7,1,0,0.5468442440032959
8,0,1,0.8595252633094788
9,1,1,0.9120728969573975
10,0,0,0.5468442440032959
11,1,0,0.5468450784683228
12,1,1,0.818811297416687
13,0,0,0.5468450784683228
14,1,0,0.5468442440032959
15,1,0,0.5468422770500183
16,0,0,0.5470411777496338
17,1,0,0.5468459129333496
18,1,1,0.89918053150177
19,0,0,0.5468440651893616
20,0,0,0.5468441247940063
21,1,0,0.5386764407157898
22,1,0,0.5468441843986511
23,1,0,0.5386764407157898
24,1,1,0.818811297416687
25,1,0,0.5468443632125854
26,0,1,0.8055901527404785
27,0,1,0.9108125567436218
28,0,0,0.5454771518707275
29,1,1,0.7918663620948792
30,1,0,0.5468440055847168
31,0,0,0.5468442440032959
