,label,pred,score
0,0,1,0.5037005543708801
1,0,1,0.5037005543708801
2,0,1,0.5037005543708801
3,1,0,0.5398780107498169
4,0,0,0.5155677795410156
5,1,1,0.5037005543708801
6,0,1,0.5037005543708801
7,0,0,0.55624920129776
8,0,1,0.5037005543708801
9,0,1,0.5037005543708801
10,1,1,0.5037005543708801
11,1,1,0.5037005543708801
12,1,0,0.5496679544448853
13,0,1,0.5037005543708801
14,1,0,0.539195716381073
15,1,0,0.5596506595611572
16,1,1,0.5037005543708801
17,0,1,0.5037005543708801
18,1,1,0.5319708585739136
19,1,0,0.5256773829460144
20,1,1,0.5037005543708801
21,0,1,0.5037005543708801
22,1,1,0.5037005543708801
23,0,1,0.5037005543708801
24,1,1,0.5037005543708801
25,0,1,0.5037005543708801
26,0,1,0.5037005543708801
27,1,0,0.5256773829460144
28,0,1,0.5063748955726624
29,1,0,0.5025249123573303
30,0,1,0.5037005543708801
31,1,1,0.5037005543708801
32,1,1,0.5037005543708801
33,1,1,0.5037005543708801
34,0,1,0.5037005543708801
35,1,1,0.5037005543708801
36,0,1,0.5037005543708801
37,1,1,0.5037005543708801
38,1,1,0.5037005543708801
39,1,1,0.5037005543708801
40,0,0,0.6099441051483154
41,0,1,0.5037005543708801
42,1,1,0.5037005543708801
43,0,0,0.5496678948402405
44,0,1,0.5037005543708801
45,0,1,0.5037005543708801
46,0,1,0.5037005543708801
47,0,1,0.5037005543708801
48,1,1,0.5037005543708801
49,1,1,0.5319708585739136
50,0,0,0.574570894241333
51,0,0,0.5496678948402405
52,1,1,0.5037005543708801
53,1,1,0.5047418475151062
54,0,1,0.5037005543708801
55,0,0,0.5557013750076294
56,0,0,0.6099441051483154
57,1,1,0.5037005543708801
58,1,1,0.5037005543708801
59,1,1,0.5037005543708801
60,1,1,0.5047418475151062
61,0,1,0.5037005543708801
