,label,pred,score
0,1,1,0.5001129508018494
1,0,1,0.5001129508018494
2,1,1,0.5001129508018494
3,1,1,0.5001129508018494
4,1,1,0.5001129508018494
5,0,1,0.5001129508018494
6,1,1,0.5001129508018494
7,0,1,0.5001129508018494
8,1,1,0.5001129508018494
9,0,1,0.5001129508018494
10,1,1,0.5001129508018494
11,0,1,0.5001129508018494
12,1,1,0.5001129508018494
13,0,1,0.5001129508018494
14,0,1,0.5001129508018494
15,1,1,0.5001129508018494
16,0,1,0.5001129508018494
17,0,1,0.5001129508018494
18,0,1,0.5001129508018494
19,1,1,0.5001129508018494
