,label,pred,score
0,0,1,0.5685484409332275
1,1,1,0.5085358023643494
2,1,1,0.5151000022888184
3,0,1,0.5085358023643494
4,0,1,0.5085358023643494
5,1,1,0.5085358023643494
6,0,1,0.5085358023643494
7,0,1,0.512566864490509
8,1,1,0.5085358023643494
9,0,1,0.5085358023643494
10,0,1,0.5085358023643494
11,1,1,0.5085358023643494
12,1,0,0.5369604229927063
13,1,1,0.5085358023643494
14,1,1,0.5085358023643494
15,1,1,0.5085358023643494
16,1,1,0.5085358023643494
17,0,1,0.5085358023643494
18,1,0,0.5748034715652466
19,0,1,0.5085358023643494
20,1,1,0.5085358023643494
21,1,1,0.5085358023643494
22,1,1,0.5085358023643494
23,0,1,0.5085358023643494
24,0,0,0.5003698468208313
25,0,1,0.5085358023643494
26,1,1,0.5181504487991333
27,0,1,0.5085358023643494
28,0,1,0.5085358023643494
29,0,0,0.5498979091644287
30,0,1,0.51587975025177
31,0,1,0.5085358023643494
32,0,1,0.5085358023643494
33,0,1,0.5085358023643494
34,1,1,0.51587975025177
35,1,1,0.541032612323761
36,0,1,0.5085358023643494
37,0,1,0.5085358023643494
38,1,1,0.5085358023643494
39,1,1,0.5085358023643494
40,1,1,0.5085358023643494
41,1,1,0.5212032794952393
42,0,1,0.5085358023643494
43,1,1,0.5085358023643494
44,1,0,0.5748034715652466
45,1,1,0.5085358023643494
46,0,1,0.51587975025177
47,0,1,0.5085358023643494
48,0,1,0.5119607448577881
49,1,1,0.5085358023643494
50,0,1,0.5085358023643494
51,0,1,0.5085358023643494
52,1,1,0.541032612323761
53,1,1,0.5085358023643494
54,1,1,0.5085358023643494
55,1,0,0.5425800085067749
56,1,1,0.5085358023643494
57,1,0,0.5369604229927063
58,0,1,0.5085358023643494
59,0,1,0.5085358023643494
60,0,1,0.5585435032844543
61,0,0,0.5003698468208313
