,label,pred,score
0,1,0,0.6672607064247131
1,1,0,0.6734803318977356
2,0,0,0.6572787165641785
3,0,0,0.6494289636611938
4,0,0,0.6734803318977356
5,0,0,0.6734803318977356
6,1,0,0.6672607064247131
7,0,0,0.6734803318977356
8,1,0,0.6734803318977356
9,1,0,0.6734803318977356
10,1,0,0.6734803318977356
11,0,0,0.6734803318977356
12,1,0,0.6734803318977356
13,0,0,0.6734803318977356
14,1,0,0.6734803318977356
15,1,0,0.6494289636611938
16,1,0,0.6514925956726074
17,0,0,0.6672607064247131
18,0,0,0.6734803318977356
19,0,0,0.6734803318977356
20,0,0,0.6734803318977356
21,0,0,0.6562579274177551
22,1,0,0.6734803318977356
23,0,0,0.6673222780227661
24,1,0,0.6734803318977356
25,0,0,0.6734803318977356
26,0,0,0.6618345975875854
27,1,0,0.6734803318977356
28,1,0,0.6734803318977356
29,1,0,0.6734803318977356
30,1,0,0.5997177958488464
31,0,0,0.6734803318977356
