,label,pred,score
0,1,0,0.5103089213371277
1,0,0,0.5103089213371277
2,0,0,0.5103089213371277
3,1,0,0.5103089213371277
4,1,0,0.5103089213371277
5,0,0,0.5103089213371277
6,1,1,0.5446789264678955
7,1,0,0.5103089213371277
8,0,0,0.5103089213371277
9,0,0,0.5103089213371277
10,1,1,0.5327317118644714
11,0,0,0.5103089213371277
12,0,0,0.5103089213371277
13,0,1,0.5327317118644714
14,0,0,0.5103089213371277
15,0,0,0.5103089213371277
16,0,1,0.5159340500831604
17,1,0,0.5103089213371277
18,1,0,0.5103089213371277
19,0,0,0.5103089213371277
20,1,0,0.5103089213371277
21,0,0,0.5103089213371277
22,0,0,0.5103089213371277
23,0,0,0.5103089213371277
24,1,1,0.5325364470481873
25,0,1,0.5126932263374329
26,1,0,0.509983241558075
27,0,0,0.5103089213371277
28,1,1,0.5502300262451172
29,0,0,0.5103089213371277
30,0,0,0.5103089213371277
31,1,0,0.5103089213371277
32,0,0,0.5103089213371277
33,1,0,0.5103089213371277
34,0,0,0.5103089213371277
35,1,1,0.5502300262451172
36,1,0,0.5103089213371277
37,1,0,0.5376427173614502
38,0,0,0.5103089213371277
39,1,1,0.5446789264678955
40,1,1,0.5048441290855408
41,1,1,0.5502300262451172
42,1,1,0.5159340500831604
43,1,1,0.5442609190940857
44,0,1,0.5942763686180115
45,1,1,0.5381760001182556
46,0,0,0.5103089213371277
47,1,1,0.5048441290855408
48,1,1,0.5422756671905518
49,1,1,0.5159340500831604
50,1,0,0.5103089213371277
51,0,0,0.5103089213371277
52,1,0,0.5103089213371277
53,0,0,0.5103089213371277
54,1,1,0.5443355441093445
55,1,0,0.5103089213371277
56,0,1,0.5202862620353699
57,0,0,0.5103089213371277
58,0,0,0.5103089213371277
59,1,1,0.5048441290855408
60,1,0,0.5103089213371277
61,1,1,0.5327317118644714
62,0,1,0.5327317118644714
63,0,0,0.5103089213371277
64,0,0,0.5103089213371277
65,1,1,0.636971116065979
66,1,0,0.5103089213371277
67,0,0,0.5103089213371277
68,0,0,0.5103089213371277
69,1,1,0.5327317118644714
70,0,0,0.5103089213371277
71,0,0,0.5103089213371277
72,0,0,0.5103089213371277
73,1,1,0.5048441290855408
74,1,0,0.5103089213371277
75,0,0,0.5103089213371277
76,1,0,0.5103089213371277
77,0,0,0.5103089213371277
