,label,pred,score
0,0,0,0.5319031476974487
1,1,0,0.5319031476974487
2,1,0,0.5620274543762207
3,0,0,0.5319031476974487
4,1,0,0.5309821367263794
5,0,0,0.5319031476974487
6,0,0,0.5319031476974487
7,0,0,0.5319031476974487
8,0,0,0.5319031476974487
9,1,0,0.5620274543762207
10,1,0,0.5293341875076294
11,0,0,0.5319031476974487
12,1,0,0.5319031476974487
13,1,0,0.5319031476974487
14,0,0,0.5319031476974487
15,1,0,0.5319031476974487
16,0,0,0.5319031476974487
17,1,0,0.5319031476974487
18,0,0,0.5319031476974487
19,0,0,0.5319031476974487
20,1,0,0.5319031476974487
21,0,0,0.5319031476974487
22,1,0,0.5430418252944946
23,0,0,0.5319031476974487
24,1,0,0.5319031476974487
25,1,0,0.5319031476974487
26,1,0,0.5620274543762207
27,1,0,0.5319031476974487
28,0,0,0.5319031476974487
29,1,0,0.5318565964698792
30,0,0,0.5319031476974487
31,0,0,0.5319031476974487
32,1,1,0.5009384155273438
33,1,0,0.5319031476974487
34,0,0,0.5319031476974487
35,0,0,0.5319031476974487
36,1,0,0.5319031476974487
37,0,0,0.5307458639144897
38,0,0,0.5319031476974487
39,1,0,0.5309821367263794
40,1,0,0.5319031476974487
41,1,0,0.5430418252944946
42,0,0,0.5319031476974487
43,0,0,0.5319031476974487
44,0,0,0.5309266448020935
45,1,0,0.5317791104316711
46,0,0,0.5319031476974487
47,0,0,0.5319031476974487
48,1,0,0.5319031476974487
49,1,0,0.5309821367263794
50,1,0,0.5610502362251282
51,1,0,0.5319031476974487
52,1,0,0.5319031476974487
53,0,0,0.5319031476974487
54,0,0,0.5309821367263794
55,0,0,0.5319031476974487
56,0,0,0.5309821367263794
57,0,0,0.5319031476974487
58,0,0,0.5319031476974487
59,1,1,0.5151799321174622
60,1,0,0.5620274543762207
61,0,1,0.5056012272834778
62,0,0,0.5319031476974487
63,1,0,0.5430418252944946
64,1,1,0.5009384155273438
65,0,1,0.5009384155273438
66,0,0,0.5319031476974487
67,0,0,0.5319031476974487
68,1,0,0.5308263897895813
69,1,0,0.5319031476974487
70,1,0,0.5269569158554077
71,1,0,0.5360257625579834
72,1,0,0.5308263897895813
73,1,0,0.5301182866096497
74,0,0,0.5319031476974487
75,1,0,0.5319031476974487
76,0,0,0.5319031476974487
77,0,0,0.5319031476974487
