,label,pred,score
0,1,0,0.5169973969459534
1,0,1,0.5426568388938904
2,1,1,0.5205426812171936
3,0,0,0.5169973969459534
4,0,0,0.5169973969459534
5,1,0,0.5169973969459534
6,1,0,0.5169973969459534
7,1,0,0.5169973969459534
8,1,0,0.5169973969459534
9,0,0,0.5169973969459534
10,0,0,0.5169973969459534
11,0,0,0.5169973969459534
12,1,0,0.5169973969459534
13,0,0,0.5169973969459534
14,0,0,0.5169973969459534
15,1,1,0.5426568388938904
16,0,0,0.5169973969459534
17,1,0,0.5169973969459534
18,0,0,0.5169973969459534
19,1,0,0.5169973969459534
20,0,0,0.5169973969459534
21,1,0,0.5142652988433838
22,0,0,0.5169973969459534
23,1,1,0.5465349555015564
24,1,1,0.5426568388938904
25,0,0,0.5169973969459534
26,0,1,0.738506019115448
27,0,0,0.5169973969459534
28,1,0,0.5169973969459534
29,1,1,0.5426568388938904
30,0,1,0.5169378519058228
31,0,0,0.5169973969459534
32,0,0,0.5169973969459534
33,0,0,0.5169973969459534
34,1,1,0.5018923878669739
35,0,1,0.5099650025367737
36,0,0,0.5169973969459534
37,0,0,0.5169973969459534
38,1,0,0.510310173034668
39,0,0,0.5169973969459534
40,1,0,0.5169973969459534
41,1,0,0.5227669477462769
42,0,1,0.5426568388938904
43,1,0,0.5169973969459534
44,1,0,0.5169973969459534
45,0,0,0.5169973969459534
46,1,0,0.5169973969459534
47,0,0,0.5169973969459534
48,1,1,0.5465349555015564
49,1,1,0.5317894220352173
50,1,1,0.738506019115448
51,0,0,0.5169973969459534
52,1,1,0.5018923878669739
53,0,0,0.5169973969459534
54,0,0,0.5169973969459534
55,1,0,0.517939031124115
56,0,0,0.5169973969459534
57,0,0,0.5169973969459534
58,1,1,0.5465349555015564
59,0,0,0.5169973969459534
60,0,0,0.5149734020233154
61,1,0,0.517939031124115
62,0,0,0.5169973969459534
63,1,1,0.514350950717926
64,1,0,0.517939031124115
65,0,0,0.5169973969459534
66,1,0,0.5169973969459534
67,1,1,0.5542427897453308
68,1,0,0.5169973969459534
69,1,0,0.5169973969459534
70,0,0,0.5169973969459534
71,1,0,0.5169973969459534
72,1,0,0.5070454478263855
73,1,1,0.5465349555015564
74,1,1,0.738506019115448
75,0,0,0.5169973969459534
76,0,0,0.5169973969459534
77,0,0,0.5169973969459534
