,label,pred,score
0,1,1,0.9987369179725647
1,0,1,0.8370756506919861
2,0,0,0.996840238571167
3,1,1,0.9947775602340698
4,0,0,0.9879796504974365
5,0,0,0.9980484247207642
6,0,1,0.9691997766494751
7,0,0,0.9736039042472839
8,0,0,0.997426450252533
9,1,1,0.9775894284248352
10,1,1,0.9713590145111084
11,1,1,0.9988119602203369
12,0,1,0.9963675737380981
13,1,1,0.9963296055793762
14,1,1,0.9706483483314514
15,1,1,0.9969436526298523
16,1,1,0.9918904304504395
17,0,0,0.9980828762054443
18,1,1,0.9984819293022156
19,1,1,0.9879805445671082
20,0,1,0.9920937418937683
21,0,0,0.9979769587516785
22,1,1,0.9951105713844299
23,0,0,0.9975051283836365
24,1,1,0.9947183728218079
25,1,1,0.9607070684432983
26,0,1,0.9972184896469116
27,1,1,0.9983282685279846
28,0,1,0.9908342957496643
29,0,0,0.9987528324127197
30,0,0,0.9907038807868958
31,0,0,0.9973527193069458
32,1,1,0.9781888127326965
33,1,1,0.9965897798538208
34,1,1,0.9850190281867981
35,0,0,0.996063768863678
36,0,1,0.6673147082328796
37,0,0,0.9969066977500916
38,1,1,0.9927940964698792
39,1,1,0.9985125660896301
40,1,1,0.9975056052207947
41,0,0,0.9894240498542786
42,0,0,0.9969039559364319
43,0,0,0.9943365454673767
44,0,0,0.9979239702224731
45,1,0,0.9475926756858826
46,0,1,0.9983661770820618
47,1,1,0.9953030347824097
48,0,0,0.9981867671012878
49,0,0,0.6115878224372864
50,1,1,0.9960259199142456
51,1,1,0.9959602952003479
52,0,0,0.9990413784980774
53,0,0,0.9963741898536682
54,0,0,0.9981803894042969
55,1,1,0.9981179237365723
56,1,1,0.6551164984703064
57,1,1,0.9954161643981934
58,1,1,0.9935923218727112
59,0,0,0.9701274037361145
60,0,1,0.9866487383842468
61,1,1,0.9961308240890503
62,1,1,0.9736913442611694
63,0,1,0.6541425585746765
64,0,1,0.6767255067825317
65,1,1,0.9950876832008362
66,1,1,0.9981721639633179
67,1,1,0.9980762004852295
68,0,1,0.9302483797073364
69,1,1,0.9862400889396667
70,1,1,0.6154084801673889
71,0,0,0.9968306422233582
72,1,1,0.7794047594070435
73,0,0,0.9890724420547485
74,1,0,0.5425305366516113
75,0,0,0.9990203380584717
76,1,1,0.9814276099205017
77,0,0,0.9985952973365784
