,label,pred,score
0,0,0,0.8544170260429382
1,0,0,0.827078104019165
2,0,0,0.9983986020088196
3,0,0,0.9569949507713318
4,1,1,0.9964420199394226
5,0,1,0.9770545363426208
6,0,0,0.999041736125946
7,1,1,0.9910315275192261
8,0,0,0.6167660355567932
9,1,1,0.9909528493881226
10,1,0,0.9789144992828369
11,1,1,0.9939600229263306
12,1,1,0.999612033367157
13,0,0,0.6535049676895142
14,0,0,0.9815123081207275
15,0,0,0.5944040417671204
16,1,1,0.9442298412322998
17,0,0,0.5584732294082642
18,0,0,0.9867123365402222
19,0,1,0.9943311214447021
20,1,0,0.9898871779441833
21,1,1,0.9974851608276367
22,0,0,0.9956383109092712
23,1,0,0.978477418422699
24,1,1,0.9986302852630615
25,0,0,0.8850710391998291
26,0,0,0.9725219011306763
27,1,1,0.9996618032455444
28,1,1,0.9992178678512573
29,1,1,0.9262755513191223
30,1,1,0.8818197846412659
31,0,0,0.9973799586296082
32,1,0,0.8556209802627563
33,1,1,0.973932683467865
34,1,1,0.9991102814674377
35,0,0,0.9997153878211975
36,0,0,0.9924153685569763
37,1,1,0.9982941746711731
38,0,1,0.7313618659973145
39,0,0,0.9899390339851379
40,0,1,0.9986470341682434
41,0,0,0.9996699094772339
42,0,0,0.9975684285163879
43,1,1,0.934222936630249
44,0,1,0.5013697147369385
45,0,0,0.9484038949012756
46,0,0,0.9995421171188354
47,0,1,0.9785869717597961
48,1,1,0.6315313577651978
49,1,1,0.9588853120803833
50,0,0,0.9803081750869751
51,1,0,0.7489370703697205
52,1,1,0.9916389584541321
53,1,1,0.9628013372421265
54,1,1,0.9984269142150879
55,0,1,0.989654541015625
56,0,0,0.9687406420707703
57,0,0,0.9830222725868225
58,0,1,0.9264171123504639
59,0,0,0.9298675060272217
60,1,0,0.7092412114143372
61,1,1,0.999785840511322
62,1,1,0.9987780451774597
63,1,1,0.9689244627952576
64,1,1,0.9916943907737732
65,1,1,0.9974715709686279
66,0,0,0.9574556350708008
67,0,0,0.9984965324401855
68,0,1,0.8539110422134399
69,0,0,0.9690216183662415
70,1,0,0.8728122115135193
71,1,0,0.8849694728851318
72,1,1,0.9987776875495911
73,1,1,0.9798771739006042
74,1,1,0.9990874528884888
75,1,1,0.9770556688308716
76,1,1,0.9994975328445435
77,0,0,0.9287682771682739
