,label,pred,score
0,0,1,0.8299400210380554
1,0,1,0.9868980646133423
2,1,1,0.9373277425765991
3,1,1,0.694656491279602
4,1,1,0.8701974749565125
5,1,1,0.9855782985687256
6,0,1,0.7871794700622559
7,1,1,0.9433276653289795
8,1,1,0.8931546211242676
9,0,0,0.9818074703216553
10,0,0,0.9809786081314087
11,0,1,0.9519898295402527
12,0,0,0.988146185874939
13,1,0,0.5409907698631287
14,0,0,0.9864652156829834
15,0,0,0.9842150807380676
16,0,0,0.9500858187675476
17,0,0,0.9560164213180542
18,1,1,0.9478849172592163
19,1,1,0.7863747477531433
20,1,1,0.8026936054229736
21,1,1,0.9809519648551941
22,1,1,0.5130956768989563
23,1,1,0.988752543926239
24,1,1,0.9842676520347595
25,0,1,0.991204559803009
26,0,0,0.9901540875434875
27,0,0,0.919032096862793
28,1,1,0.9897730946540833
29,0,0,0.970808744430542
30,1,1,0.9875587224960327
31,0,0,0.9853442311286926
