,label,pred,score
0,1,1,0.9997841715812683
1,0,1,0.9995119571685791
2,1,0,0.9959064722061157
3,1,1,0.9995111227035522
4,1,1,0.9980606436729431
5,1,1,0.9997562766075134
6,0,1,0.9964768290519714
7,1,1,0.9991083741188049
8,0,0,0.998668909072876
9,0,0,0.9997228980064392
10,1,1,0.999142050743103
11,0,0,0.9997026324272156
12,0,0,0.94968181848526
13,0,0,0.9995811581611633
14,0,0,0.999783456325531
15,1,1,0.9998008608818054
16,1,1,0.9997773766517639
17,0,0,0.9991244673728943
18,0,0,0.9972639083862305
19,0,0,0.9996868371963501
20,0,1,0.9940798878669739
21,0,0,0.9976061582565308
22,0,0,0.999395489692688
23,0,1,0.7359006404876709
24,0,0,0.9987804293632507
25,1,1,0.9988149404525757
26,1,1,0.9995539784431458
27,1,1,0.9995823502540588
28,1,0,0.7280410528182983
29,1,1,0.9996005892753601
30,1,1,0.9991858601570129
31,0,1,0.9993896484375
32,1,1,0.9997718930244446
33,0,0,0.9997559189796448
34,0,0,0.8486014604568481
35,1,1,0.9996564388275146
36,0,0,0.9995445609092712
37,1,1,0.9980999827384949
38,1,1,0.999178946018219
39,0,1,0.805747926235199
40,0,0,0.9996278285980225
41,0,0,0.9663057923316956
42,0,0,0.9996465444564819
43,0,0,0.9994756579399109
44,0,0,0.998872697353363
45,1,1,0.981225311756134
46,0,0,0.8544766902923584
47,0,1,0.9993258714675903
48,0,1,0.9987228512763977
49,0,0,0.9996178150177002
50,0,0,0.8259214758872986
51,1,1,0.9941352605819702
52,1,1,0.9989663362503052
53,0,0,0.997975766658783
54,0,0,0.9996028542518616
55,1,1,0.9948388934135437
56,1,0,0.9827567338943481
57,1,1,0.9993385672569275
58,1,1,0.9921127557754517
59,1,1,0.9997660517692566
60,1,1,0.9970787763595581
61,1,1,0.9990990161895752
62,1,1,0.9994082450866699
63,0,0,0.9992932081222534
64,0,0,0.999153733253479
65,1,1,0.9950920343399048
66,0,0,0.9962881803512573
67,1,1,0.9985194802284241
68,1,1,0.9997290968894958
69,0,1,0.9993801116943359
70,0,0,0.9995657801628113
71,1,1,0.9995476603507996
72,1,0,0.9975786805152893
73,1,1,0.5661224126815796
74,1,1,0.998906135559082
75,1,1,0.9988662004470825
76,0,0,0.9757075905799866
77,1,1,0.9826717376708984
