,label,pred,score
0,1,1,0.9675485491752625
1,1,0,0.9094529151916504
2,0,0,0.8732702732086182
3,1,1,0.9982312321662903
4,0,0,0.9306064248085022
5,0,1,0.8483279943466187
6,1,1,0.9864391088485718
7,0,1,0.9896474480628967
8,0,1,0.5036554336547852
9,1,1,0.9990039467811584
10,0,0,0.993245542049408
11,0,0,0.9056307077407837
12,1,0,0.8307132720947266
13,1,1,0.9937893748283386
14,0,1,0.9965890645980835
15,1,1,0.9982731342315674
16,0,0,0.970814049243927
17,0,1,0.9866896867752075
18,0,0,0.6693781614303589
19,1,1,0.9921561479568481
20,0,0,0.9758771657943726
21,1,0,0.6135315299034119
22,0,0,0.8815213441848755
23,1,1,0.9992966651916504
24,1,0,0.6100025177001953
25,1,1,0.8551799654960632
26,0,0,0.9952225089073181
27,1,0,0.9995434880256653
28,1,1,0.970738410949707
29,1,1,0.9848800897598267
30,0,1,0.7568209767341614
31,0,0,0.9840192794799805
32,1,0,0.5508967041969299
33,1,0,0.9977805018424988
34,1,0,0.5857306122779846
35,0,0,0.9992990493774414
36,0,0,0.8593239784240723
37,0,0,0.9908445477485657
38,1,1,0.9961339235305786
39,1,1,0.9989213943481445
40,0,0,0.993378221988678
41,1,1,0.9981302618980408
42,1,0,0.9980675578117371
43,0,0,0.8475229740142822
44,0,1,0.859402596950531
45,1,1,0.9882194995880127
46,1,1,0.9969172477722168
47,1,1,0.9700804948806763
48,0,0,0.8912299871444702
49,0,0,0.9923311471939087
50,0,0,0.9581783413887024
51,0,0,0.8512886762619019
52,0,1,0.9022024273872375
53,0,0,0.9858361482620239
54,0,0,0.8876264691352844
55,0,1,0.9985658526420593
56,1,0,0.9967696666717529
57,1,0,0.604500412940979
58,0,1,0.7796955704689026
59,0,0,0.964935302734375
60,1,1,0.9977689981460571
61,1,1,0.9384042024612427
62,1,1,0.8269163370132446
63,0,0,0.9971973896026611
64,1,1,0.94793301820755
65,1,1,0.9716503024101257
66,1,1,0.9953550100326538
67,0,0,0.7913095951080322
68,0,0,0.6047478914260864
69,0,0,0.9645165801048279
70,1,1,0.9942786693572998
71,0,0,0.8894383311271667
72,1,1,0.9965370893478394
73,0,0,0.9746397137641907
74,1,1,0.9926276803016663
75,1,1,0.6936086416244507
76,1,0,0.6364615559577942
77,0,1,0.995230495929718
