,label,pred,score
0,0,0,0.9395660161972046
1,1,1,0.9979603290557861
2,0,1,0.9910411238670349
3,0,0,0.8737846612930298
4,0,0,0.9905158281326294
5,1,1,0.9929941296577454
6,0,0,0.9871063232421875
7,0,0,0.965157687664032
8,0,0,0.8604943156242371
9,0,1,0.9974319338798523
10,1,1,0.9946334362030029
11,1,1,0.9733467698097229
12,0,1,0.777283251285553
13,0,0,0.9841912984848022
14,0,0,0.9984368681907654
15,0,1,0.9424681067466736
16,0,0,0.9979256391525269
17,0,0,0.9977725148200989
18,1,1,0.8217324614524841
19,0,0,0.9938048124313354
20,1,1,0.994956910610199
21,1,1,0.9980251789093018
22,1,1,0.9956940412521362
23,1,1,0.9968159794807434
24,0,1,0.9978823065757751
25,1,1,0.9974247217178345
26,0,1,0.9937386512756348
27,1,1,0.9981326460838318
28,0,0,0.9792482852935791
29,1,1,0.9964281916618347
30,0,1,0.9969128370285034
31,1,1,0.9685773253440857
32,1,1,0.9909628033638
33,0,0,0.9948617815971375
34,1,1,0.9946427345275879
35,0,1,0.9969375133514404
36,1,0,0.9665758013725281
37,0,0,0.9967897534370422
38,0,1,0.996665894985199
39,0,0,0.7369478940963745
40,1,1,0.9646514654159546
41,1,1,0.9585797190666199
42,1,1,0.9980397820472717
43,0,0,0.9980606436729431
44,0,1,0.9973414540290833
45,1,1,0.9986860156059265
46,1,1,0.9984204769134521
47,0,0,0.9771226644515991
48,1,1,0.8316704034805298
49,0,0,0.9962424039840698
50,1,1,0.9949226975440979
51,1,1,0.97869873046875
52,1,1,0.9972155094146729
53,1,1,0.9985092282295227
54,0,0,0.9970940351486206
55,1,0,0.9146836996078491
56,1,1,0.9943619966506958
57,1,1,0.9961583018302917
58,1,0,0.7211742997169495
59,0,0,0.97807776927948
60,1,1,0.9898704886436462
61,0,0,0.9950507283210754
62,1,0,0.542922854423523
63,1,0,0.9507655501365662
64,1,1,0.9936408400535583
65,0,0,0.9971683621406555
66,1,0,0.9947891235351562
67,0,0,0.9914515614509583
68,0,0,0.9668490886688232
69,1,1,0.9984696507453918
70,1,1,0.9472838044166565
71,1,1,0.997019350528717
72,0,0,0.9984466433525085
73,0,0,0.9663280844688416
74,1,1,0.9965764880180359
75,0,0,0.9339324235916138
76,0,0,0.9978293776512146
77,0,0,0.9984285235404968
