,label,pred,score
0,1,1,0.9988417029380798
1,1,1,0.9916250109672546
2,1,0,0.7730622291564941
3,1,1,0.9981423616409302
4,1,1,0.9407496452331543
5,0,0,0.8959399461746216
6,1,1,0.9982068538665771
7,1,1,0.9598532915115356
8,0,0,0.997833788394928
9,1,1,0.9988225102424622
10,1,1,0.8289687037467957
11,0,0,0.995090126991272
12,0,1,0.9590104222297668
13,0,1,0.8740193843841553
14,1,1,0.9976715445518494
15,1,0,0.976825475692749
16,0,0,0.9971699118614197
17,1,1,0.9975435137748718
18,1,1,0.9985105395317078
19,0,0,0.9583430886268616
20,1,1,0.9984506368637085
21,1,1,0.9952579140663147
22,0,1,0.9755894541740417
23,1,1,0.9973759651184082
24,0,0,0.8993592858314514
25,0,0,0.9967063069343567
26,0,0,0.9973279237747192
27,1,0,0.7800505757331848
28,1,1,0.9985330104827881
29,1,1,0.7172693014144897
30,0,1,0.9970173835754395
31,1,0,0.8878949880599976
32,1,1,0.9984952211380005
33,1,1,0.6519148945808411
34,1,0,0.9824851155281067
35,0,0,0.998607337474823
36,0,0,0.9656932353973389
37,0,1,0.9951210618019104
38,1,0,0.8158380389213562
39,0,0,0.9976919889450073
40,0,0,0.9968793392181396
41,1,1,0.9956229329109192
42,1,1,0.9951767921447754
43,1,1,0.9988999366760254
44,0,0,0.6759128570556641
45,0,0,0.9958838820457458
46,0,0,0.9959827661514282
47,0,0,0.902171790599823
48,1,1,0.9920653700828552
49,0,1,0.9866064190864563
50,0,0,0.9940273761749268
51,0,0,0.9969342947006226
52,1,1,0.997803270816803
53,1,0,0.6463128328323364
54,0,0,0.9671546220779419
55,0,0,0.990675687789917
56,1,1,0.9986758828163147
57,0,1,0.9529919624328613
58,0,0,0.994629979133606
59,0,0,0.9974918365478516
60,0,0,0.9341029524803162
61,0,0,0.9967193007469177
