,label,pred,score
0,0,0,0.9748340845108032
1,0,0,0.9947744011878967
2,1,1,0.9925187826156616
3,0,0,0.981715202331543
4,0,0,0.9938526153564453
5,0,0,0.7460678219795227
6,1,1,0.9869256019592285
7,0,0,0.889806866645813
8,1,1,0.9624967575073242
9,0,0,0.9952384233474731
10,0,0,0.994351863861084
11,1,0,0.6196712851524353
12,0,0,0.925298810005188
13,1,0,0.8250049352645874
14,0,0,0.9922230839729309
15,0,0,0.9255209565162659
16,0,0,0.9926643967628479
17,0,0,0.9886584877967834
18,0,0,0.9920228719711304
19,1,1,0.9862832427024841
20,1,1,0.9801023602485657
21,1,1,0.9839590191841125
22,1,1,0.9962903261184692
23,0,0,0.9800405502319336
24,0,1,0.8914997577667236
25,1,1,0.9929641485214233
26,0,0,0.9899711012840271
27,1,1,0.9687047004699707
28,1,1,0.98974609375
29,0,0,0.91322261095047
30,1,1,0.9962129592895508
31,1,1,0.9610776901245117
32,0,0,0.5673302412033081
33,0,0,0.9937289953231812
34,0,0,0.9880906343460083
35,0,1,0.9488946199417114
36,0,0,0.9891799688339233
37,1,1,0.9894142150878906
38,0,0,0.9140411615371704
39,1,1,0.9433330297470093
40,1,1,0.994722843170166
41,1,1,0.9755719900131226
42,0,0,0.9945961833000183
43,1,1,0.9518845081329346
44,1,0,0.6396107077598572
45,1,1,0.9942032694816589
46,0,0,0.978404700756073
47,0,0,0.993787407875061
48,0,0,0.9914137125015259
49,0,1,0.980423092842102
50,0,0,0.9130086302757263
51,1,0,0.6033849120140076
52,1,1,0.9859415888786316
53,0,1,0.6451861262321472
54,1,1,0.9835203289985657
55,1,1,0.9505380988121033
56,0,0,0.9740744233131409
57,1,1,0.9105342030525208
58,1,1,0.9854995012283325
59,1,1,0.9540985226631165
60,0,0,0.8327311277389526
61,1,1,0.8494991064071655
62,0,1,0.9191768169403076
63,1,1,0.9873278737068176
64,0,0,0.9914767146110535
65,1,1,0.9954527020454407
66,1,1,0.9928303360939026
67,1,1,0.678066074848175
68,1,1,0.9885246157646179
69,0,0,0.9309181571006775
70,0,0,0.5296716094017029
71,1,1,0.9784693121910095
72,1,1,0.7361982464790344
73,1,0,0.8374357223510742
74,0,1,0.8627393841743469
75,1,1,0.9950439929962158
76,1,1,0.9785305857658386
77,0,1,0.798757016658783
