,label,pred,score
0,0,0,0.9830294251441956
1,1,0,0.9958255290985107
2,1,1,0.8824381828308105
3,0,0,0.9956464171409607
4,0,0,0.9427453279495239
5,0,0,0.5906454920768738
6,1,1,0.988042950630188
7,0,1,0.9647486209869385
8,0,0,0.9642296433448792
9,1,1,0.9037290215492249
10,0,0,0.9535233974456787
11,1,1,0.9803654551506042
12,1,1,0.5117819905281067
13,1,1,0.980897068977356
14,1,1,0.9908016324043274
15,0,0,0.996508777141571
16,1,1,0.9935831427574158
17,0,0,0.9962342381477356
18,0,0,0.6075989007949829
19,1,1,0.983688235282898
