,label,pred,score
0,0,0,0.8049457669258118
1,0,0,0.7439835667610168
2,1,1,0.6050289273262024
3,1,1,0.5824891328811646
4,0,1,0.5149906277656555
5,0,1,0.7097865343093872
6,0,0,0.7460523247718811
7,1,0,0.6012616753578186
8,0,1,0.7326304912567139
9,1,1,0.8140857815742493
10,1,0,0.6509799957275391
11,1,0,0.5095422863960266
12,1,0,0.6696503162384033
13,1,1,0.6991334557533264
14,1,1,0.8112250566482544
15,1,1,0.5748194456100464
16,1,0,0.5491482615470886
17,1,1,0.6661075353622437
18,0,0,0.7079073786735535
19,0,1,0.5753143429756165
20,0,1,0.7270061373710632
21,0,0,0.777330219745636
22,1,0,0.6260817646980286
23,0,0,0.596159815788269
24,0,0,0.778166651725769
25,0,0,0.7590291500091553
26,0,0,0.7465356588363647
27,1,0,0.6671989560127258
28,0,1,0.5436842441558838
29,1,1,0.5533350706100464
30,0,1,0.8151501417160034
31,1,0,0.5929199457168579
