,label,pred,score
0,1,1,0.8826874494552612
1,1,1,0.9055364727973938
2,1,1,0.9804570078849792
3,1,1,0.768432080745697
4,0,0,0.9118127226829529
5,0,0,0.9638736844062805
6,1,1,0.933793842792511
7,0,0,0.9776999354362488
8,0,0,0.7837315797805786
9,1,1,0.8147764801979065
10,0,0,0.985089123249054
11,1,1,0.8328064680099487
12,0,0,0.9872905611991882
13,1,1,0.9536975026130676
14,0,0,0.964939534664154
15,0,1,0.9819347858428955
16,1,1,0.9762148261070251
17,0,0,0.979626476764679
18,1,1,0.899562656879425
19,1,0,0.9398112893104553
20,0,0,0.9464914798736572
21,0,0,0.9448466300964355
22,1,1,0.9753450155258179
23,1,1,0.6390549540519714
24,0,0,0.9877704381942749
25,0,0,0.9789628982543945
26,1,1,0.6938035488128662
27,0,0,0.9788193106651306
28,1,1,0.942254364490509
29,0,1,0.9871271848678589
30,0,1,0.959023118019104
31,1,1,0.8746156096458435
