,label,pred,score
0,0,0,0.9322165846824646
1,0,0,0.9739190340042114
2,1,1,0.703935444355011
3,1,1,0.9418007731437683
4,0,0,0.9629963040351868
5,0,1,0.834315299987793
6,0,0,0.9823653101921082
7,1,1,0.6489682793617249
8,0,0,0.8853099942207336
9,1,1,0.9899317026138306
10,1,0,0.7700983881950378
11,1,1,0.7433633208274841
12,1,1,0.8101757764816284
13,1,1,0.7292458415031433
14,1,1,0.9900851249694824
15,1,1,0.8904697299003601
16,1,1,0.7857506275177002
17,1,1,0.9449363350868225
18,0,0,0.9629754424095154
19,0,0,0.5168442726135254
20,0,1,0.8727289438247681
21,0,0,0.9791079163551331
22,1,0,0.9329421520233154
23,0,0,0.8263540863990784
24,0,0,0.9812999367713928
25,0,0,0.9886404275894165
26,0,0,0.9885735511779785
27,1,1,0.6782218217849731
28,0,0,0.9228087067604065
29,1,0,0.5697687268257141
30,0,1,0.9893674254417419
31,1,0,0.842243492603302
