,label,pred,score
0,0,1,0.5014873147010803
1,0,1,0.5014873147010803
2,0,1,0.5014873147010803
3,0,1,0.5014873147010803
4,0,1,0.5014873147010803
5,1,1,0.6649832129478455
6,0,0,0.5357781052589417
7,1,0,0.5841659307479858
8,0,1,0.5014873147010803
9,0,1,0.5014873147010803
10,1,0,0.6390485167503357
11,0,1,0.5014873147010803
12,0,1,0.5014873147010803
13,0,1,0.5014873147010803
14,1,0,0.5413137078285217
15,1,0,0.5413389801979065
16,1,1,0.5014873147010803
17,1,1,0.5014873147010803
18,0,0,0.594508707523346
19,1,1,0.5014873147010803
20,0,0,0.542168915271759
21,1,1,0.5014873147010803
22,1,1,0.5014873147010803
23,0,1,0.5014873147010803
24,1,1,0.6649832129478455
25,1,0,0.5841659307479858
26,1,0,0.6390485167503357
27,0,1,0.5014873147010803
28,0,1,0.5014873147010803
29,1,1,0.5014873147010803
30,0,1,0.5014873147010803
31,0,0,0.5837242603302002
32,0,0,0.5837242603302002
33,1,1,0.5014873147010803
34,1,1,0.5014873147010803
35,1,1,0.5014873147010803
36,0,0,0.5189126133918762
37,1,1,0.5014873147010803
38,0,1,0.5014873147010803
39,1,0,0.5189737677574158
40,1,1,0.5014715194702148
41,0,1,0.5014873147010803
42,1,1,0.5014873147010803
43,0,0,0.542168915271759
44,0,0,0.5388761162757874
45,1,1,0.5014873147010803
46,1,1,0.5014873147010803
47,0,1,0.5014873147010803
48,1,0,0.5313491821289062
49,0,1,0.5014873147010803
50,1,1,0.5014873147010803
51,0,1,0.5014873147010803
52,1,1,0.5014873147010803
53,0,1,0.5014873147010803
54,1,1,0.5014873147010803
55,0,1,0.6469166278839111
56,1,1,0.5014873147010803
57,1,1,0.5014873147010803
58,0,1,0.5014873147010803
59,0,1,0.5014873147010803
60,1,0,0.542168915271759
61,1,1,0.5014873147010803
