,label,pred,score
0,0,0,0.5474749207496643
1,1,0,0.5311780571937561
2,1,0,0.5474749207496643
3,1,0,0.5474749207496643
4,1,0,0.5474749207496643
5,0,0,0.5474749207496643
6,1,0,0.5474749207496643
7,1,0,0.5474749207496643
8,0,0,0.5474749207496643
9,0,0,0.5474749207496643
10,0,0,0.5474749207496643
11,1,0,0.5859607458114624
12,1,0,0.5816139578819275
13,1,0,0.5933692455291748
14,1,0,0.5474749207496643
15,1,0,0.5704066753387451
16,0,0,0.5474749207496643
17,0,0,0.5437380075454712
18,0,0,0.5474749207496643
19,1,0,0.5474749207496643
20,0,0,0.5474749207496643
21,1,0,0.5259517431259155
22,0,0,0.5437380075454712
23,1,0,0.5800673365592957
24,0,0,0.5474749207496643
25,0,0,0.5474749207496643
26,0,0,0.5474749207496643
27,0,0,0.5474749207496643
28,0,0,0.5474749207496643
29,1,0,0.6386128067970276
30,0,0,0.5474749207496643
31,1,0,0.5437380075454712
32,1,0,0.5474749207496643
33,0,0,0.5474749207496643
34,1,0,0.5689671039581299
35,1,0,0.5689671039581299
36,0,0,0.5474749207496643
37,0,0,0.5474749207496643
38,0,0,0.5474749207496643
39,1,0,0.617638885974884
40,1,0,0.5437380075454712
41,1,0,0.5474749207496643
42,1,0,0.5800673365592957
43,1,0,0.5474749207496643
44,1,0,0.5773307681083679
45,0,0,0.5474749207496643
46,1,0,0.5773307681083679
47,1,0,0.5474749207496643
48,1,0,0.5689671039581299
49,0,0,0.5474749207496643
50,0,0,0.5474749207496643
51,1,0,0.6588027477264404
52,0,0,0.5474749207496643
53,1,0,0.5474749207496643
54,0,0,0.5474749207496643
55,0,0,0.5474749207496643
56,1,0,0.5689671039581299
57,0,0,0.5474749207496643
58,1,0,0.5259517431259155
59,0,0,0.5474749207496643
60,0,0,0.5474749207496643
61,0,0,0.5474749207496643
62,0,0,0.5474749207496643
63,0,0,0.5474749207496643
64,1,0,0.5474749207496643
65,0,0,0.5474749207496643
66,0,0,0.5474749207496643
67,1,0,0.5474749207496643
68,1,0,0.5474749207496643
69,0,0,0.6281040906906128
70,0,0,0.5259517431259155
71,1,0,0.5474749207496643
72,1,0,0.5474749207496643
73,0,0,0.6125764846801758
74,1,0,0.5800673365592957
75,0,0,0.5474749207496643
76,0,0,0.5843557715415955
77,1,0,0.5437380075454712
