,label,pred,score
0,1,1,0.5023660659790039
1,1,1,0.5023660659790039
2,1,1,0.5023660659790039
3,0,1,0.5023660659790039
4,1,1,0.5023660659790039
5,1,0,0.8638910055160522
6,0,0,0.6773970127105713
7,1,0,0.748616099357605
8,1,1,0.5023660659790039
9,1,1,0.5023660659790039
10,0,1,0.5023660659790039
11,0,1,0.5023660659790039
12,0,1,0.5023660659790039
13,1,1,0.5023660659790039
14,0,1,0.5023660659790039
15,0,1,0.5023660659790039
16,0,0,0.6794399619102478
17,1,0,0.8638902306556702
18,0,1,0.5023660659790039
19,0,0,0.5639490485191345
20,1,0,0.6514194011688232
21,1,1,0.5023660659790039
22,0,1,0.5023660659790039
23,1,1,0.5023660659790039
24,1,1,0.5023660659790039
25,1,1,0.5023660659790039
26,0,1,0.5023660659790039
27,0,1,0.5023660659790039
28,0,1,0.5023660659790039
29,1,1,0.5023660659790039
30,1,1,0.5023660659790039
31,1,1,0.5023660659790039
32,0,1,0.5023660659790039
33,1,0,0.7081648707389832
34,1,1,0.5023660659790039
35,1,1,0.5023660659790039
36,1,0,0.6773970127105713
37,0,1,0.5023660659790039
38,0,1,0.5023660659790039
39,1,0,0.6673274636268616
40,0,1,0.5023660659790039
41,1,0,0.7577216029167175
42,0,1,0.5023660659790039
43,0,1,0.5023660659790039
44,0,0,0.8825069665908813
45,1,0,0.748616099357605
46,1,1,0.5023660659790039
47,0,1,0.5023660659790039
48,1,1,0.5023742914199829
49,1,1,0.5023660659790039
50,1,0,0.6673256754875183
51,0,1,0.5023660659790039
52,0,0,0.679439902305603
53,1,1,0.5023660659790039
54,0,1,0.5023660659790039
55,1,0,0.8136419057846069
56,0,1,0.5023660659790039
57,0,0,0.6773968935012817
58,0,0,0.8175777196884155
59,0,0,0.6387630105018616
60,0,0,0.8012747764587402
61,0,1,0.5023660659790039
