,label,pred,score
0,0,0,0.5000964999198914
1,1,0,0.5000964999198914
2,0,0,0.5000964999198914
3,0,0,0.5000964999198914
4,1,0,0.5000964999198914
5,1,0,0.5000964999198914
6,0,0,0.5000964999198914
7,1,0,0.5000964999198914
8,1,0,0.5000964999198914
9,0,0,0.5000964999198914
10,1,0,0.5000964999198914
11,0,0,0.5000964999198914
12,0,0,0.5000964999198914
13,1,0,0.5000964999198914
14,1,0,0.5000964999198914
15,0,0,0.5000964999198914
16,0,0,0.5000964999198914
17,1,0,0.5000964999198914
18,1,0,0.5000964999198914
19,0,0,0.5000964999198914
