,label,pred,score
0,1,0,0.5241482853889465
1,1,1,0.5945790410041809
2,0,0,0.5241482853889465
3,0,1,0.7886117696762085
4,1,1,0.8068999648094177
5,0,0,0.5241482853889465
6,1,0,0.5241482853889465
7,0,1,0.6323717832565308
8,1,1,0.6204785704612732
9,0,0,0.5241482853889465
10,1,1,0.7283297181129456
11,1,0,0.5241482853889465
12,0,0,0.5241451859474182
13,1,1,0.7283297181129456
14,0,0,0.5241482853889465
15,0,1,0.783616840839386
16,0,0,0.5241482853889465
17,0,0,0.5241482853889465
18,0,0,0.5241482853889465
19,0,0,0.5241482853889465
20,1,1,0.7886117696762085
21,0,0,0.5241482853889465
22,1,1,0.6502557992935181
23,1,0,0.5241482853889465
24,1,1,0.8068999648094177
25,0,1,0.9026108384132385
26,1,0,0.5241482853889465
27,1,1,0.7886117696762085
28,0,0,0.5241482853889465
29,0,0,0.5241482853889465
30,1,0,0.5241482853889465
31,0,1,0.6507923603057861
32,1,1,0.9026108384132385
33,0,0,0.5241482853889465
34,1,1,0.7283297777175903
35,0,0,0.5241482853889465
36,0,0,0.5241482853889465
37,0,0,0.5241482853889465
38,1,0,0.5241482853889465
39,0,0,0.5241482853889465
40,0,0,0.5241482853889465
41,0,0,0.5241482853889465
42,1,1,0.8714753985404968
43,1,0,0.5241482853889465
44,1,0,0.5241482853889465
45,1,1,0.8068999648094177
46,1,1,0.9325316548347473
47,1,0,0.5241482853889465
48,0,0,0.5241482853889465
49,0,0,0.5241482853889465
50,1,1,0.9026108384132385
51,0,0,0.5241482853889465
52,1,0,0.5241451859474182
53,1,1,0.7672418355941772
54,1,1,0.636438250541687
55,0,0,0.5241482853889465
56,0,0,0.5241482853889465
57,1,0,0.5241482853889465
58,1,0,0.5241482853889465
59,1,0,0.5241482853889465
60,1,1,0.6472742557525635
61,0,0,0.5241482853889465
62,0,0,0.5241482853889465
63,0,0,0.5241482853889465
64,0,0,0.5241482853889465
65,1,0,0.5241482853889465
66,0,1,0.7886117696762085
67,0,0,0.5241482853889465
68,1,1,0.8555113673210144
69,1,1,0.8068999648094177
70,0,0,0.5241482853889465
71,1,0,0.5241482853889465
72,0,0,0.5241482853889465
73,1,1,0.636438250541687
74,1,0,0.5241482853889465
75,0,0,0.5241482853889465
76,0,0,0.5241482853889465
77,1,1,0.7886117696762085
