,label,pred,score
0,0,1,0.5000251531600952
1,1,1,0.5000251531600952
2,1,1,0.5000251531600952
3,0,1,0.5000251531600952
4,1,1,0.5000251531600952
5,1,1,0.5000251531600952
6,1,1,0.5000251531600952
7,0,1,0.5000251531600952
8,0,1,0.5000251531600952
9,0,1,0.5000251531600952
10,0,1,0.5000251531600952
11,0,1,0.5000251531600952
12,1,1,0.5000251531600952
13,0,1,0.5000251531600952
14,0,1,0.5000251531600952
15,1,1,0.5000251531600952
16,1,1,0.5000251531600952
17,1,1,0.5000251531600952
18,0,1,0.5000251531600952
19,1,1,0.5000251531600952
