,label,pred,score
0,0,0,0.5001547336578369
1,1,0,0.5001547336578369
2,0,0,0.5001547336578369
3,1,0,0.5001547336578369
4,0,0,0.5001547336578369
5,0,0,0.5001547336578369
6,1,0,0.5001547336578369
7,0,0,0.5001547336578369
8,0,0,0.5001547336578369
9,0,0,0.5001547336578369
10,0,0,0.5001547336578369
11,1,0,0.5001547336578369
12,1,0,0.5001547336578369
13,1,0,0.5001547336578369
14,1,0,0.5001547336578369
15,0,0,0.5001547336578369
16,1,0,0.5001547336578369
17,1,0,0.5001547336578369
18,1,0,0.5001547336578369
19,0,0,0.5001547336578369
