,label,pred,score
0,1,0,0.6235031485557556
1,0,0,0.6497200131416321
2,1,1,0.8620573878288269
3,0,0,0.6564815044403076
4,1,1,0.8983690142631531
5,1,1,0.674062967300415
6,1,1,0.9296422004699707
7,0,0,0.8591147661209106
8,1,1,0.8990528583526611
9,1,0,0.7910467982292175
10,0,1,0.5017387270927429
11,1,1,0.8056817054748535
12,0,0,0.5674156546592712
13,0,1,0.8620597124099731
14,0,1,0.8225282430648804
15,0,1,0.779180645942688
16,0,1,0.8325990438461304
17,1,0,0.6540757417678833
18,1,0,0.7839874029159546
19,0,0,0.6192511916160583
20,0,0,0.635928213596344
21,1,0,0.6108828783035278
22,1,1,0.5228058695793152
23,1,1,0.8503105640411377
24,1,1,0.9250755310058594
25,1,0,0.7947819828987122
26,0,0,0.7429575324058533
27,1,0,0.8293572068214417
28,0,0,0.628684401512146
29,1,1,0.8109720945358276
30,1,1,0.8620728254318237
31,1,1,0.6711583137512207
32,0,1,0.857100248336792
33,0,1,0.6005386114120483
34,0,1,0.6435221433639526
35,0,0,0.6392562985420227
36,1,0,0.7800348401069641
37,1,1,0.8620976209640503
38,0,0,0.7737224102020264
39,0,1,0.5438002347946167
40,1,1,0.5250862836837769
41,0,1,0.8620612621307373
42,0,1,0.5349910259246826
43,0,1,0.6649141311645508
44,1,1,0.6974750757217407
45,0,0,0.7841506004333496
46,1,1,0.5654069185256958
47,1,0,0.5042007565498352
48,0,0,0.7218813300132751
49,1,1,0.8108710646629333
50,1,1,0.6279746890068054
51,0,0,0.7410988807678223
52,0,1,0.6702742576599121
53,1,0,0.7098196148872375
54,0,1,0.7880282402038574
55,0,0,0.6318348050117493
56,0,0,0.773722767829895
57,0,0,0.7938328385353088
58,0,0,0.5010315179824829
59,0,0,0.541313886642456
60,1,1,0.8560827970504761
61,1,0,0.6103782057762146
62,1,0,0.7773882746696472
63,0,0,0.6625874638557434
64,0,1,0.8376272320747375
65,0,1,0.6532872915267944
66,0,0,0.7911065816879272
67,0,1,0.70047926902771
68,0,1,0.7529832124710083
69,1,0,0.6333693861961365
70,1,1,0.922548770904541
71,1,0,0.6084650158882141
72,1,1,0.9223638772964478
73,1,0,0.793951690196991
74,1,1,0.5001762509346008
75,0,0,0.5239125490188599
76,1,1,0.5597635507583618
77,1,0,0.6149982213973999
