,label,pred,score
0,0,0,0.5714088082313538
1,0,0,0.571966826915741
2,1,0,0.6089358925819397
3,1,0,0.5539259910583496
4,1,0,0.5102547407150269
5,1,0,0.5539259910583496
6,1,0,0.5767326951026917
7,1,0,0.571966826915741
8,0,0,0.5692431330680847
9,1,0,0.5810666084289551
10,0,0,0.5714622735977173
11,0,0,0.5767327547073364
12,0,0,0.569217324256897
13,1,0,0.5701103806495667
14,0,0,0.5721783638000488
15,0,0,0.5539259910583496
16,0,0,0.5868667960166931
17,0,0,0.5773996114730835
18,1,0,0.5691941380500793
19,1,0,0.5102546811103821
20,1,0,0.5739669799804688
21,1,0,0.5700982213020325
22,0,0,0.6583709120750427
23,1,0,0.5483432412147522
24,0,0,0.5943642854690552
25,1,0,0.5707330107688904
26,0,0,0.5727748274803162
27,0,1,0.5156442523002625
28,0,0,0.5719341039657593
29,1,0,0.5733306407928467
30,1,0,0.5718272924423218
31,0,0,0.5624427795410156
