,label,pred,score
0,0,0,0.5542656779289246
1,1,0,0.5542656779289246
2,0,0,0.5542656779289246
3,1,0,0.5542656779289246
4,1,0,0.6283208727836609
5,1,0,0.5834337472915649
6,0,0,0.5542656779289246
7,0,0,0.5542656779289246
8,1,0,0.6720552444458008
9,1,0,0.5542657375335693
10,0,0,0.5542656779289246
11,1,0,0.6720552444458008
12,0,0,0.5542657375335693
13,0,0,0.5542656779289246
14,0,0,0.5542656779289246
15,1,0,0.5542656779289246
16,0,0,0.5542656779289246
17,1,0,0.5542656779289246
18,1,0,0.6730430126190186
19,0,0,0.5542657375335693
20,1,0,0.6283208727836609
21,1,0,0.6720552444458008
22,1,0,0.6266406178474426
23,1,0,0.6266406178474426
24,1,0,0.5542656779289246
25,1,0,0.5542657375335693
26,0,0,0.6730430126190186
27,1,0,0.6730430126190186
28,1,0,0.6255789399147034
29,1,0,0.5542656779289246
30,1,0,0.6905924081802368
31,0,0,0.5542656779289246
32,1,0,0.6730430126190186
33,1,0,0.6266406178474426
34,0,0,0.5542656779289246
35,0,0,0.5542656779289246
36,0,0,0.5542657375335693
37,0,0,0.5542656779289246
38,0,0,0.5542656779289246
39,0,0,0.5542656779289246
40,1,0,0.7165024280548096
41,0,0,0.6224139928817749
42,1,0,0.6670015454292297
43,1,0,0.5542656779289246
44,1,0,0.5542656779289246
45,1,0,0.6717020869255066
46,0,0,0.6730429530143738
47,1,0,0.6266406178474426
48,0,0,0.5542656779289246
49,0,0,0.6629252433776855
50,0,0,0.5542656779289246
51,0,0,0.5834337472915649
52,0,0,0.5542656779289246
53,0,0,0.5542656779289246
54,1,0,0.5542656779289246
55,0,0,0.6811569333076477
56,0,0,0.5542656779289246
57,1,0,0.6399848461151123
58,0,0,0.5542656779289246
59,1,0,0.6453906893730164
60,1,0,0.5542656779289246
61,0,0,0.5542656779289246
62,0,0,0.5542656779289246
63,1,0,0.5834337472915649
64,1,0,0.5542656779289246
65,0,0,0.5542656779289246
66,0,0,0.5542656779289246
67,0,0,0.5542656779289246
68,1,0,0.6911701560020447
69,1,0,0.5542656779289246
70,0,0,0.5542656779289246
71,1,0,0.5542656779289246
72,1,0,0.5542656779289246
73,0,0,0.5542656779289246
74,1,0,0.5542656779289246
75,0,0,0.5542656779289246
76,0,0,0.5542656779289246
77,0,0,0.5542656779289246
