,label,pred,score
0,0,1,0.5000218152999878
1,0,1,0.5000218152999878
2,1,1,0.5000218152999878
3,0,1,0.5000218152999878
4,1,1,0.5000218152999878
5,1,1,0.5000218152999878
6,0,1,0.5000218152999878
7,1,1,0.5000218152999878
8,0,1,0.5000218152999878
9,1,1,0.5000218152999878
10,1,1,0.5000218152999878
11,1,1,0.5000218152999878
12,0,1,0.5000218152999878
13,1,1,0.5000218152999878
14,0,1,0.5000218152999878
15,0,1,0.5000218152999878
16,0,1,0.5000218152999878
17,1,1,0.5000218152999878
18,1,1,0.5000218152999878
19,0,1,0.5000218152999878
