,label,pred,score
0,0,1,0.5000187754631042
1,1,1,0.5000187754631042
2,0,1,0.5000187754631042
3,1,1,0.5000187754631042
4,1,1,0.5000187754631042
5,1,1,0.5000187754631042
6,1,1,0.5000187754631042
7,0,1,0.5000187754631042
8,0,1,0.5000187754631042
9,0,1,0.5000187754631042
10,1,1,0.5000187754631042
11,1,1,0.5000187754631042
12,0,1,0.5000187754631042
13,0,1,0.5000187754631042
14,0,1,0.5000187754631042
15,0,1,0.5000187754631042
16,1,1,0.5000187754631042
17,1,1,0.5000187754631042
18,1,1,0.5000187754631042
19,0,1,0.5000187754631042
