,label,pred,score
0,0,0,0.5463246703147888
1,0,0,0.5463245511054993
2,1,1,0.7032752633094788
3,1,0,0.546324610710144
4,0,0,0.546324610710144
5,0,1,0.8097591400146484
6,1,0,0.537441074848175
7,0,0,0.546324610710144
8,1,0,0.546324610710144
9,0,1,0.6786376237869263
10,0,0,0.5466570258140564
11,1,0,0.5463244915008545
12,1,0,0.5355600714683533
13,1,0,0.7550318241119385
14,1,0,0.5463246703147888
15,0,1,0.528431236743927
16,1,0,0.5463244915008545
17,0,0,0.633002519607544
18,1,1,0.8620374798774719
19,1,0,0.6152135729789734
20,1,0,0.5463245511054993
21,0,0,0.6426237225532532
22,1,0,0.5463348031044006
23,1,0,0.5463259220123291
24,1,0,0.5463247299194336
25,0,0,0.5463246703147888
26,0,0,0.8522409796714783
27,0,0,0.5463245511054993
28,0,0,0.5403687953948975
29,0,0,0.546324610710144
30,0,0,0.5463257431983948
31,1,0,0.8695775866508484
