,label,pred,score
0,1,0,0.5303590893745422
1,1,0,0.5351352095603943
2,0,0,0.5303590893745422
3,0,0,0.5303590893745422
4,1,0,0.5303590893745422
5,0,0,0.5303590893745422
6,0,0,0.5303590893745422
7,1,0,0.5303590893745422
8,0,0,0.5303590893745422
9,1,0,0.5303590893745422
10,1,0,0.5303590893745422
11,1,0,0.530257523059845
12,0,0,0.5303590893745422
13,1,0,0.530359148979187
14,0,0,0.5303590893745422
15,0,0,0.5023849010467529
16,1,0,0.5264666676521301
17,1,0,0.5303590893745422
18,1,0,0.5303590893745422
19,1,0,0.5303590893745422
20,0,0,0.5303590893745422
21,1,0,0.5303590893745422
22,0,0,0.5303590893745422
23,0,0,0.5303590893745422
24,1,0,0.5264666676521301
25,1,0,0.5103456377983093
26,1,0,0.5262175798416138
27,0,0,0.5303590893745422
28,0,0,0.5303590893745422
29,0,0,0.5303590893745422
30,0,0,0.5202885866165161
31,0,0,0.5303590893745422
32,0,0,0.5586693286895752
33,1,0,0.5605835914611816
34,0,0,0.5303590893745422
35,1,0,0.5023849010467529
36,0,0,0.5303590893745422
37,1,0,0.505763828754425
38,0,0,0.5303590893745422
39,0,0,0.5303590893745422
40,1,0,0.5227020382881165
41,1,0,0.5023849010467529
42,1,0,0.5303590893745422
43,1,0,0.5303590893745422
44,0,0,0.5303590893745422
45,1,0,0.5300512909889221
46,0,0,0.5303590893745422
47,1,0,0.530257523059845
48,0,0,0.5303590893745422
49,0,0,0.5303590893745422
50,0,0,0.5303590893745422
51,1,0,0.5103456377983093
52,1,1,0.5553683042526245
53,0,0,0.5303590893745422
54,1,0,0.5023849010467529
55,1,0,0.5303590893745422
56,0,0,0.5174563527107239
57,1,0,0.5303590893745422
58,1,0,0.5303590893745422
59,1,0,0.5303590893745422
60,1,0,0.5586693286895752
61,0,0,0.5303590893745422
62,1,0,0.5103576183319092
63,0,0,0.5303590893745422
64,0,0,0.5303590893745422
65,1,0,0.5303590893745422
66,0,0,0.5023849010467529
67,1,0,0.5264666676521301
68,0,0,0.5303590893745422
69,0,0,0.5303590893745422
70,1,0,0.5103456377983093
71,0,0,0.5303590893745422
72,1,0,0.5103456377983093
73,0,0,0.5303590893745422
74,1,0,0.5586693286895752
75,0,1,0.5135321021080017
76,0,0,0.5303590893745422
77,0,0,0.5303590893745422
