,label,pred,score
0,0,0,0.5487927198410034
1,0,0,0.5487927198410034
2,0,0,0.5487927198410034
3,0,0,0.5487927198410034
4,0,0,0.5487927198410034
5,0,0,0.5487927198410034
6,1,0,0.58445805311203
7,1,0,0.5825588703155518
8,0,0,0.5487927198410034
9,0,0,0.5487927198410034
10,1,0,0.5706177949905396
11,1,0,0.5487927198410034
12,1,1,0.5780677199363708
13,1,0,0.6392393112182617
14,1,0,0.6151300072669983
15,1,0,0.5487927198410034
16,0,0,0.5487927198410034
17,0,0,0.5487927198410034
18,1,0,0.5487927198410034
19,0,0,0.5487927198410034
20,0,0,0.5487927198410034
21,1,0,0.6151300072669983
22,0,0,0.5801094770431519
23,1,1,0.702174961566925
24,0,0,0.5487927198410034
25,1,0,0.5487927198410034
26,1,0,0.5709003210067749
27,1,1,0.702174961566925
28,1,0,0.5255079865455627
29,1,0,0.5487927198410034
30,0,0,0.5487927198410034
31,0,0,0.5487927198410034
32,1,0,0.5255079865455627
33,0,1,0.702174961566925
34,0,0,0.6392393112182617
35,1,0,0.6212687492370605
36,0,0,0.5487927198410034
37,0,0,0.5487927198410034
38,1,0,0.5487927198410034
39,0,0,0.5487927794456482
40,1,0,0.5487927794456482
41,0,0,0.5487927794456482
42,1,0,0.5487927198410034
43,1,0,0.5487927794456482
44,0,0,0.6392393112182617
45,1,0,0.5487927794456482
46,1,0,0.5487927794456482
47,1,0,0.6151300072669983
48,0,0,0.6056889295578003
49,0,0,0.5487927794456482
50,0,0,0.5487927794456482
51,1,0,0.6111745238304138
52,1,0,0.5487927794456482
53,0,0,0.5487927794456482
54,1,0,0.5255079865455627
55,0,0,0.5487927794456482
56,0,0,0.5487927794456482
57,0,0,0.5487927794456482
58,0,0,0.5487927794456482
59,0,0,0.5487927794456482
60,1,0,0.5709003210067749
61,1,0,0.5487927794456482
62,0,0,0.5487927794456482
63,1,0,0.5487927794456482
64,1,0,0.5487927794456482
65,0,0,0.5615289807319641
66,0,0,0.5487927794456482
67,0,0,0.5487927794456482
68,0,0,0.5487927794456482
69,1,0,0.6392393112182617
70,1,0,0.5777814388275146
71,1,0,0.6392393112182617
72,0,0,0.5487927794456482
73,1,0,0.5487927794456482
74,1,0,0.5487927794456482
75,1,0,0.5255079865455627
76,0,0,0.5487927794456482
77,1,0,0.5903546810150146
