,label,pred,score
0,0,0,0.5189090371131897
1,1,1,0.5205560326576233
2,1,1,0.5247998833656311
3,1,1,0.5628269910812378
4,0,0,0.5189090371131897
5,1,0,0.5189090371131897
6,1,0,0.5189090371131897
7,0,1,0.5242345333099365
8,0,0,0.5189090371131897
9,1,0,0.5189090371131897
10,1,1,0.5247998833656311
11,1,0,0.5189090371131897
12,1,1,0.671339213848114
13,0,0,0.5189090371131897
14,0,0,0.5189090371131897
15,0,0,0.5189090371131897
16,0,0,0.5189090371131897
17,1,1,0.5267241597175598
18,0,0,0.5189090371131897
19,0,0,0.5189090371131897
20,1,1,0.5134592056274414
21,1,0,0.6663203239440918
22,1,0,0.5189090371131897
23,0,0,0.5189090371131897
24,1,0,0.619170069694519
25,1,0,0.5189090371131897
26,0,0,0.5189090371131897
27,1,1,0.5041974782943726
28,0,0,0.5189090371131897
29,1,0,0.5189090371131897
30,0,0,0.5189090371131897
31,1,0,0.5189090371131897
32,1,0,0.5146726369857788
33,0,0,0.5189090371131897
34,0,0,0.5189090371131897
35,1,0,0.5189090371131897
36,0,1,0.5628269910812378
37,1,1,0.5628269910812378
38,0,0,0.5189090371131897
39,0,1,0.5162376761436462
40,0,0,0.5189090371131897
41,1,0,0.5189090371131897
42,0,0,0.5189090371131897
43,1,0,0.5146726369857788
44,0,0,0.5189090371131897
45,1,1,0.5247998833656311
46,0,0,0.5189090371131897
47,0,1,0.640891432762146
48,0,0,0.5189090371131897
49,1,1,0.5628269910812378
50,1,1,0.5061002373695374
51,1,0,0.5146726369857788
52,0,0,0.5189090371131897
53,0,0,0.5189090371131897
54,1,0,0.5189090371131897
55,0,1,0.5628269910812378
56,1,0,0.5189090371131897
57,0,0,0.5189090371131897
58,1,1,0.5242345333099365
59,0,0,0.5189090371131897
60,1,1,0.5349883437156677
61,0,1,0.500819981098175
62,0,0,0.5189090371131897
63,1,0,0.5189090371131897
64,1,0,0.5189090371131897
65,1,1,0.5242345333099365
66,1,1,0.5267241597175598
67,1,0,0.5189090371131897
68,0,0,0.5189090371131897
69,0,0,0.5189090371131897
70,1,1,0.5247998833656311
71,0,0,0.5189090371131897
72,0,0,0.5189090371131897
73,1,0,0.5189090371131897
74,0,0,0.5189090371131897
75,0,0,0.5189090371131897
76,1,0,0.5189090371131897
77,0,0,0.5189090371131897
