,label,pred,score
0,0,0,0.5726841688156128
1,1,0,0.5726865530014038
2,0,1,0.7189130187034607
3,0,1,0.5909151434898376
4,0,0,0.5206784605979919
5,1,0,0.5830836892127991
6,1,0,0.5206784605979919
7,1,0,0.5726830363273621
8,0,0,0.5726865530014038
9,0,0,0.5726838111877441
10,0,0,0.572684109210968
11,0,1,0.5060011744499207
12,1,0,0.5830836892127991
13,1,0,0.5726848840713501
14,0,0,0.5726841688156128
15,0,1,0.5642260909080505
16,0,0,0.5737515687942505
17,0,0,0.572684109210968
18,1,0,0.5726706385612488
19,0,0,0.5726838111877441
20,1,0,0.5726837515830994
21,0,0,0.572684109210968
22,1,1,0.682913601398468
23,1,0,0.572684109210968
24,1,1,0.5909151434898376
25,1,1,0.5909151434898376
26,0,1,0.7911977767944336
27,1,1,0.748034656047821
28,1,0,0.5726844072341919
29,0,0,0.572942316532135
30,1,0,0.5726840496063232
31,1,0,0.572684109210968
