,label,pred,score
0,1,0,0.5000067949295044
1,0,0,0.5000067949295044
2,0,0,0.5000067949295044
3,0,0,0.5000067949295044
4,1,0,0.5000067949295044
5,0,0,0.5000067949295044
6,0,0,0.5000067949295044
7,1,0,0.5000067949295044
8,1,0,0.5000067949295044
9,1,0,0.5000067949295044
10,1,0,0.5000067949295044
11,1,0,0.5000067949295044
12,1,0,0.5000067949295044
13,1,0,0.5000067949295044
14,0,0,0.5000067949295044
15,0,0,0.5000067949295044
16,0,0,0.5000067949295044
17,0,0,0.5000067949295044
18,1,0,0.5000067949295044
19,0,0,0.5000067949295044
