,label,pred,score
0,1,1,0.500054121017456
1,1,1,0.500054121017456
2,0,1,0.500054121017456
3,0,1,0.500054121017456
4,0,1,0.500054121017456
5,0,1,0.500054121017456
6,1,1,0.500054121017456
7,1,1,0.500054121017456
8,0,1,0.500054121017456
9,1,1,0.500054121017456
10,0,1,0.500054121017456
11,0,1,0.500054121017456
12,1,1,0.500054121017456
13,0,1,0.500054121017456
14,1,1,0.500054121017456
15,0,1,0.500054121017456
16,1,1,0.500054121017456
17,0,1,0.500054121017456
18,1,1,0.500054121017456
19,1,1,0.500054121017456
