,label,pred,score
0,1,1,0.5019333362579346
1,1,1,0.5019333362579346
2,1,1,0.5019333362579346
3,1,1,0.5019333362579346
4,0,0,0.5154620409011841
5,0,0,0.5074203014373779
6,0,1,0.5019333362579346
7,1,1,0.5019333362579346
8,1,0,0.5355553030967712
9,1,1,0.5019333362579346
10,1,1,0.5019333362579346
11,0,1,0.5019333362579346
12,0,1,0.5019333362579346
13,0,1,0.5019333362579346
14,0,1,0.5019333362579346
15,1,1,0.5063393712043762
16,1,0,0.537717342376709
17,1,1,0.5019333362579346
18,0,1,0.5019333362579346
19,1,1,0.5019333362579346
20,0,1,0.5019333362579346
21,0,0,0.5069677233695984
22,0,0,0.5419813394546509
23,1,0,0.5082254409790039
24,1,1,0.5019333362579346
25,0,1,0.5019333362579346
26,1,0,0.5109878182411194
27,0,1,0.5019333362579346
28,0,1,0.5019333362579346
29,1,1,0.5019333362579346
30,0,1,0.5019333362579346
31,1,1,0.5063393712043762
32,1,0,0.5154620409011841
33,1,1,0.5019333362579346
34,1,1,0.5019333362579346
35,0,1,0.5019333362579346
36,0,1,0.506576657295227
37,0,1,0.5019333362579346
38,1,1,0.5019333362579346
39,1,1,0.5019333362579346
40,1,0,0.5241697430610657
41,1,0,0.5465376377105713
42,1,1,0.5019333362579346
43,0,0,0.5154620409011841
44,0,1,0.5019333362579346
45,0,1,0.5019333362579346
46,0,1,0.5019333362579346
47,0,1,0.5019333362579346
48,1,1,0.5019333362579346
49,1,0,0.5355553030967712
50,0,1,0.5019333362579346
51,1,1,0.5019333362579346
52,1,1,0.5019333362579346
53,0,1,0.5019333362579346
54,0,1,0.5019333362579346
55,1,0,0.5465376377105713
56,1,1,0.5019333362579346
57,0,1,0.5019333362579346
58,0,0,0.5004933476448059
59,0,0,0.5068072080612183
60,0,0,0.5004933476448059
61,0,1,0.5019333362579346
