,label,pred,score
0,0,1,0.5000432133674622
1,0,1,0.5000432133674622
2,0,1,0.5000432133674622
3,1,1,0.5000432133674622
4,0,1,0.5000432133674622
5,0,1,0.5000432133674622
6,1,1,0.5000432133674622
7,1,1,0.5000432133674622
8,1,1,0.5000432133674622
9,0,1,0.5000432133674622
10,1,1,0.5000432133674622
11,0,1,0.5000432133674622
12,1,1,0.5000432133674622
13,1,1,0.5000432133674622
14,0,1,0.5000432133674622
15,1,1,0.5000432133674622
16,1,1,0.5000432133674622
17,0,1,0.5000432133674622
18,0,1,0.5000432133674622
19,1,1,0.5000432133674622
