,label,pred,score
0,1,1,0.6270645260810852
1,0,0,0.5310956239700317
2,1,0,0.5310956239700317
3,0,0,0.5310956239700317
4,0,0,0.5310956239700317
5,0,0,0.5310956239700317
6,0,0,0.5310956239700317
7,1,0,0.5310956239700317
8,1,0,0.5635523200035095
9,0,0,0.5310956239700317
10,0,0,0.5310956239700317
11,1,1,0.7642946243286133
12,0,0,0.5310956239700317
13,1,0,0.7732951045036316
14,0,0,0.5310956239700317
15,0,0,0.5310956239700317
16,1,1,0.6754729747772217
17,1,0,0.5310956239700317
18,0,0,0.5310956239700317
19,0,0,0.5310956239700317
20,1,1,0.6572584509849548
21,1,0,0.5310956239700317
22,1,1,0.6566461324691772
23,0,1,0.6523804664611816
24,0,0,0.5310956239700317
25,0,0,0.5310956239700317
26,1,1,0.7056484222412109
27,1,0,0.5310956239700317
28,0,0,0.5310956239700317
29,1,1,0.8562276363372803
30,1,1,0.5708849430084229
31,1,1,0.6754729747772217
32,0,0,0.7732951045036316
33,1,1,0.6212711930274963
34,0,1,0.8266190886497498
35,1,0,0.5310956239700317
36,0,0,0.5310956239700317
37,0,0,0.5310956239700317
38,1,0,0.5310956239700317
39,1,0,0.5310956239700317
40,0,0,0.5310956239700317
41,1,1,0.7056484222412109
42,0,0,0.5310956239700317
43,1,0,0.6555099487304688
44,1,1,0.6212711334228516
45,1,1,0.6754729747772217
46,1,0,0.7732951045036316
47,1,1,0.6754729747772217
48,0,0,0.5310956239700317
49,0,0,0.5310956239700317
50,0,0,0.5310956239700317
51,0,0,0.5310956239700317
52,0,0,0.531095564365387
53,0,0,0.5310956239700317
54,0,0,0.5310956239700317
55,0,0,0.5310956239700317
56,1,0,0.5310956239700317
57,0,1,0.6212711334228516
58,1,1,0.6270645260810852
59,1,0,0.5310956239700317
60,1,1,0.6270645260810852
61,0,0,0.5310956239700317
62,1,0,0.531095564365387
63,1,0,0.5310956239700317
64,1,0,0.5310956239700317
65,0,0,0.5310956239700317
66,1,1,0.673699676990509
67,1,0,0.5310956239700317
68,0,0,0.5310956239700317
69,1,0,0.5310956239700317
70,0,0,0.5310956239700317
71,0,0,0.5310956239700317
72,0,0,0.5310956239700317
73,1,0,0.5310956239700317
74,0,1,0.6599750518798828
75,1,1,0.6212711334228516
76,0,1,0.6212711334228516
77,1,0,0.5310956239700317
