,label,pred,score
0,0,0,0.5654309391975403
1,1,0,0.5654309391975403
2,1,0,0.8298954963684082
3,1,0,0.9128480553627014
4,1,0,0.5654309391975403
5,1,0,0.5654309391975403
6,1,0,0.5654309391975403
7,0,0,0.5654309391975403
8,0,0,0.8298954963684082
9,1,0,0.8939906358718872
10,1,0,0.5654309391975403
11,0,0,0.859053373336792
12,0,0,0.5654309391975403
13,0,0,0.8765373826026917
14,1,0,0.859053373336792
15,0,0,0.5654309391975403
16,0,0,0.5654309391975403
17,0,0,0.8277491927146912
18,1,0,0.5654309391975403
19,1,0,0.5654309391975403
20,1,0,0.8590532541275024
21,0,0,0.5654309391975403
22,0,0,0.8489241003990173
23,0,0,0.5654309391975403
24,0,0,0.5654309391975403
25,1,0,0.5654309391975403
26,0,0,0.5654309391975403
27,0,0,0.5654309391975403
28,0,0,0.9001096487045288
29,1,0,0.5654309391975403
30,1,0,0.5654309391975403
31,1,0,0.5654309391975403
