,label,pred,score
0,1,1,0.5000123381614685
1,1,1,0.5000123381614685
2,0,1,0.5000123381614685
3,0,1,0.5000123381614685
4,1,1,0.5000123381614685
5,1,1,0.5000123381614685
6,1,1,0.5000123381614685
7,0,1,0.5000123381614685
8,1,1,0.5000123381614685
9,0,1,0.5000123381614685
10,0,1,0.5000123381614685
11,1,1,0.5000123381614685
12,0,1,0.5000123381614685
13,1,1,0.5000123381614685
14,1,1,0.5000123381614685
15,0,1,0.5000123381614685
16,0,1,0.5000123381614685
17,0,1,0.5000123381614685
18,0,1,0.5000123381614685
19,1,1,0.5000123381614685
