,label,pred,score
0,1,0,0.7833850979804993
1,1,0,0.5748285055160522
2,1,0,0.574828028678894
3,0,0,0.7320022583007812
4,0,0,0.5760190486907959
5,1,0,0.591423749923706
6,1,0,0.5748265981674194
7,0,0,0.5748265385627747
8,0,0,0.5757524371147156
9,0,0,0.5748264789581299
10,1,0,0.5748264193534851
11,0,0,0.5748285055160522
12,1,0,0.6673546433448792
13,0,0,0.5748264789581299
14,0,0,0.5748264193534851
15,1,0,0.5748260617256165
16,1,0,0.5748263001441956
17,0,0,0.5233441591262817
18,1,0,0.5748264789581299
19,1,0,0.5757524371147156
20,1,0,0.5757524371147156
21,1,0,0.5748265981674194
22,1,0,0.5497503876686096
23,0,0,0.5752212405204773
24,0,0,0.5748264789581299
25,1,0,0.5748120546340942
26,0,0,0.5901930332183838
27,0,0,0.780451774597168
28,0,0,0.574826717376709
29,1,0,0.5497503876686096
30,0,0,0.7833850979804993
31,0,0,0.5748264193534851
