,label,pred,score
0,1,0,0.5022297501564026
1,1,0,0.5051024556159973
2,0,0,0.5051085352897644
3,1,0,0.5759315490722656
4,1,0,0.5690627694129944
5,0,1,0.5242612361907959
6,0,0,0.5252782702445984
7,0,0,0.5373848080635071
8,0,1,0.5711073279380798
9,1,1,0.5568834543228149
10,0,1,0.5810090899467468
11,0,1,0.5057455897331238
12,1,0,0.5699215531349182
13,1,1,0.5319265723228455
14,1,1,0.5475932955741882
15,0,1,0.5810091495513916
16,1,0,0.5699215531349182
17,1,1,0.5326111912727356
18,0,0,0.5659721493721008
19,0,1,0.5422593355178833
