,label,pred,score
0,1,1,0.5677422881126404
1,1,0,0.8245837092399597
2,0,1,0.6157193779945374
3,1,0,0.5629528164863586
4,1,0,0.5935834646224976
5,1,1,0.6157193779945374
6,1,0,0.6841921806335449
7,1,1,0.5861604809761047
8,0,0,0.7824679613113403
9,0,1,0.5069029927253723
10,0,0,0.602734386920929
11,1,0,0.7995321154594421
12,0,0,0.5809209942817688
13,0,0,0.792949378490448
14,0,1,0.5861604809761047
15,0,1,0.5615333318710327
16,1,0,0.7929465770721436
17,0,1,0.6325151324272156
18,0,1,0.5510419607162476
19,1,1,0.5449512600898743
20,1,0,0.7723066806793213
21,0,1,0.5789211392402649
22,1,1,0.5861604809761047
23,0,0,0.5950136184692383
24,1,1,0.544951319694519
25,0,0,0.587154746055603
26,1,1,0.5016025900840759
27,0,0,0.7972704768180847
28,1,1,0.6697977781295776
29,1,0,0.5577865839004517
30,0,1,0.6145715713500977
31,0,0,0.7130184173583984
