,label,pred,score
0,1,0,0.5000815391540527
1,1,0,0.5000815391540527
2,0,0,0.5000815391540527
3,0,0,0.5000815391540527
4,1,0,0.5000815391540527
5,1,0,0.5000815391540527
6,0,0,0.5000815391540527
7,1,0,0.5000815391540527
8,0,0,0.5000815391540527
9,1,0,0.5000815391540527
10,0,0,0.5000815391540527
11,1,0,0.5000815391540527
12,1,0,0.5000815391540527
13,0,0,0.5000815391540527
14,0,0,0.5000815391540527
15,0,0,0.5000815391540527
16,1,0,0.5000815391540527
17,0,0,0.5000815391540527
18,0,0,0.5000815391540527
19,1,0,0.5000815391540527
