,label,pred,score
0,1,0,0.5001236200332642
1,0,0,0.5001236200332642
2,0,0,0.5001236200332642
3,1,0,0.5001236200332642
4,0,0,0.5001236200332642
5,1,0,0.5001236200332642
6,1,0,0.5001236200332642
7,1,0,0.5001236200332642
8,0,0,0.5001236200332642
9,1,0,0.5001236200332642
10,0,0,0.5001236200332642
11,0,0,0.5001236200332642
12,0,0,0.5001236200332642
13,0,0,0.5001236200332642
14,0,0,0.5001236200332642
15,1,0,0.5001236200332642
16,1,0,0.5001236200332642
17,1,0,0.5001236200332642
18,1,0,0.5001236200332642
19,0,0,0.5001236200332642
