,label,pred,score
0,1,0,0.5001260042190552
1,1,0,0.5001260042190552
2,1,0,0.5001260042190552
3,1,0,0.5001260042190552
4,0,0,0.5001260042190552
5,1,0,0.5001260042190552
6,0,0,0.5001260042190552
7,0,0,0.5001260042190552
8,1,0,0.5001260042190552
9,0,0,0.5001260042190552
10,1,0,0.5001259446144104
11,0,0,0.5001260042190552
12,1,0,0.5001260042190552
13,1,0,0.5001260042190552
14,0,0,0.5001260042190552
15,0,0,0.5001260042190552
16,0,0,0.5001260042190552
17,1,0,0.5001260042190552
18,0,0,0.5001260042190552
19,0,0,0.5001259446144104
