,label,pred,score
0,1,1,0.6164872050285339
1,1,0,0.5116758942604065
2,1,0,0.5116758942604065
3,1,0,0.5487778186798096
4,1,1,0.5202430486679077
5,1,1,0.5029289722442627
6,0,0,0.5116758942604065
7,0,0,0.5116758942604065
8,1,1,0.5067283511161804
9,0,0,0.5116758942604065
10,0,0,0.5116758942604065
11,0,0,0.5116758942604065
12,1,0,0.5116758942604065
13,1,0,0.5116758942604065
14,0,0,0.5116758942604065
15,1,1,0.5041200518608093
16,0,0,0.5116758942604065
17,0,0,0.5116758942604065
18,1,1,0.5443776249885559
19,0,0,0.5116758942604065
20,1,1,0.5593580603599548
21,0,0,0.5116758942604065
22,1,0,0.5116758942604065
23,1,0,0.5116758942604065
24,0,1,0.5338748693466187
25,1,1,0.5593580603599548
26,0,0,0.5116758942604065
27,1,1,0.513417661190033
28,0,0,0.5116758942604065
29,1,0,0.5116758942604065
30,1,1,0.5487027764320374
31,0,0,0.5116758942604065
32,0,0,0.5110064148902893
33,1,1,0.5202430486679077
34,1,1,0.5678614974021912
35,0,0,0.5116758942604065
36,0,0,0.5116758942604065
37,1,1,0.5487027764320374
38,0,0,0.5116758942604065
39,0,1,0.5593580603599548
40,1,1,0.5487027764320374
41,1,0,0.5116758942604065
42,1,0,0.5116758942604065
43,0,0,0.5116758942604065
44,0,0,0.5116758942604065
45,0,0,0.5116758942604065
46,0,0,0.5116758942604065
47,1,0,0.5116758942604065
48,0,0,0.5116758942604065
49,0,0,0.5116758942604065
50,0,0,0.5116758942604065
51,0,0,0.5116758942604065
52,0,0,0.5116758942604065
53,0,0,0.5116758942604065
54,0,1,0.5593580603599548
55,0,0,0.5116758942604065
56,0,1,0.5204736590385437
57,1,0,0.5116758942604065
58,1,1,0.5067283511161804
59,0,0,0.5116758942604065
60,0,0,0.5116758942604065
61,0,0,0.5116758942604065
62,1,1,0.5202430486679077
63,1,0,0.5116758942604065
64,0,1,0.6164872050285339
65,1,1,0.5452763438224792
66,1,1,0.5413329601287842
67,0,0,0.5116758942604065
68,1,0,0.5116758942604065
69,1,0,0.5116758942604065
70,1,0,0.5116758942604065
71,1,1,0.5593580603599548
72,1,1,0.6164872050285339
73,0,0,0.5116758942604065
74,1,0,0.5116758942604065
75,1,0,0.5116758942604065
76,0,0,0.5116758942604065
77,1,1,0.5487027764320374
