,label,pred,score
0,0,0,0.7016615867614746
1,1,1,0.5042891502380371
2,0,1,0.5042891502380371
3,1,0,0.5859075784683228
4,0,1,0.5042891502380371
5,1,1,0.5042891502380371
6,0,1,0.5042891502380371
7,0,1,0.5042891502380371
8,0,0,0.6193878650665283
9,0,0,0.5863608717918396
10,1,0,0.6214190721511841
11,0,0,0.6853311657905579
12,1,1,0.5042891502380371
13,0,1,0.5042891502380371
14,1,1,0.5042891502380371
15,1,1,0.5042891502380371
16,1,0,0.5924199819564819
17,1,1,0.5042891502380371
18,0,1,0.5042891502380371
19,1,0,0.5924199819564819
20,1,0,0.6359421014785767
21,0,1,0.5042891502380371
22,1,1,0.5042891502380371
23,1,1,0.5042891502380371
24,1,1,0.5042891502380371
25,0,0,0.6371082663536072
26,0,1,0.5042891502380371
27,0,1,0.5042891502380371
28,0,1,0.5042891502380371
29,0,0,0.6437848210334778
30,0,1,0.5042891502380371
31,1,1,0.5042891502380371
32,0,1,0.5042891502380371
33,1,0,0.649002730846405
34,0,1,0.5042891502380371
35,1,1,0.5042891502380371
36,1,1,0.5042891502380371
37,1,1,0.5042891502380371
38,0,1,0.5042891502380371
39,1,1,0.5042891502380371
40,1,1,0.5042891502380371
41,1,1,0.5042891502380371
42,0,1,0.5042891502380371
43,0,1,0.5042891502380371
44,0,0,0.6437848210334778
45,0,1,0.5042891502380371
46,1,1,0.5042891502380371
47,0,1,0.5042891502380371
48,1,0,0.6532012820243835
49,1,1,0.5042891502380371
50,0,1,0.5042891502380371
51,0,0,0.6160664558410645
52,0,1,0.5042891502380371
53,0,0,0.6193878650665283
54,1,1,0.5042891502380371
55,1,0,0.6572206616401672
56,1,0,0.6193878650665283
57,0,1,0.5042891502380371
58,1,1,0.5042891502380371
59,1,0,0.6214190721511841
60,0,1,0.5042891502380371
61,1,0,0.649002730846405
