,label,pred,score
0,0,0,0.6975244879722595
1,0,0,0.6975244879722595
2,1,0,0.6975244879722595
3,0,0,0.6975244879722595
4,1,1,0.8001073598861694
5,0,0,0.6975244879722595
6,0,1,0.8187900185585022
7,1,1,0.8231317400932312
8,0,1,0.8129550218582153
9,1,0,0.6975244879722595
10,1,0,0.6975244879722595
11,1,0,0.6975244879722595
12,0,0,0.6975244879722595
13,1,0,0.6975244879722595
14,0,1,0.8234051465988159
15,1,0,0.6975244879722595
16,1,0,0.6975244879722595
17,1,1,0.8231586217880249
18,0,1,0.8133069276809692
19,1,0,0.6975244879722595
20,0,0,0.6975244879722595
21,0,0,0.6975244879722595
22,0,0,0.6975244879722595
23,1,1,0.8175041675567627
24,0,1,0.8231410980224609
25,1,0,0.6975244879722595
26,1,0,0.6975244879722595
27,0,0,0.6975244879722595
28,1,0,0.6975244879722595
29,1,1,0.8233668208122253
30,0,0,0.6975244879722595
31,0,1,0.8097546696662903
