,label,pred,score
0,0,1,0.5000091195106506
1,1,1,0.5000091195106506
2,0,1,0.5000091195106506
3,1,1,0.5000091195106506
4,1,1,0.5000091195106506
5,0,1,0.5000091195106506
6,0,1,0.5000091195106506
7,0,1,0.5000091195106506
8,1,1,0.5000091195106506
9,1,1,0.5000091195106506
10,1,1,0.5000091195106506
11,1,1,0.5000091195106506
12,0,1,0.5000091195106506
13,0,1,0.5000091195106506
14,1,1,0.5000091195106506
15,1,1,0.5000091195106506
16,0,1,0.5000091195106506
17,0,1,0.5000091195106506
18,0,1,0.5000091195106506
19,1,1,0.5000091195106506
