,label,pred,score
0,1,0,0.6089586019515991
1,0,0,0.6034189462661743
2,1,0,0.6074069142341614
3,1,0,0.607410728931427
4,0,1,0.6101394891738892
5,0,0,0.6165854930877686
6,1,0,0.5866933465003967
7,0,0,0.6086718440055847
8,0,0,0.6074228882789612
9,1,0,0.6072794198989868
10,1,1,0.6125622987747192
11,0,0,0.6074270606040955
12,1,0,0.6071963310241699
13,1,0,0.5866933465003967
14,0,1,0.6102043390274048
15,0,0,0.6073628664016724
16,1,0,0.608441174030304
17,0,1,0.6081451773643494
18,1,0,0.6099073886871338
19,0,1,0.6095184087753296
20,0,0,0.6072378158569336
21,1,0,0.607450544834137
22,1,0,0.6086718440055847
23,0,0,0.6077970266342163
24,0,1,0.6210975646972656
25,1,1,0.6081451773643494
26,1,1,0.5816260576248169
27,1,1,0.6081451773643494
28,1,1,0.6219167113304138
29,0,1,0.5816260576248169
30,0,0,0.6075496673583984
31,0,0,0.6073628664016724
