,label,pred,score
0,0,1,0.5255557298660278
1,1,1,0.5255557298660278
2,0,1,0.5255557298660278
3,0,1,0.5255557298660278
4,1,1,0.5255557298660278
5,0,1,0.5015847682952881
6,1,1,0.5255557298660278
7,0,1,0.5255557298660278
8,1,1,0.5255557298660278
9,0,1,0.5255557298660278
10,1,1,0.5255557298660278
11,1,1,0.5379608869552612
12,1,0,0.6392379403114319
13,0,1,0.5255557298660278
14,0,1,0.6028904318809509
15,0,1,0.5255557298660278
16,1,1,0.5134729146957397
17,0,0,0.507285475730896
18,1,1,0.5255557298660278
19,1,1,0.5255557298660278
20,0,1,0.5255557298660278
21,0,1,0.5255557298660278
22,0,1,0.5255557298660278
23,1,0,0.507285475730896
24,1,1,0.5255557298660278
25,0,0,0.507285475730896
26,1,1,0.5255557298660278
27,0,1,0.5255557298660278
28,1,1,0.5124321579933167
29,0,1,0.5255557298660278
30,1,1,0.5255557298660278
31,0,1,0.5060781836509705
32,0,1,0.5255557298660278
33,0,1,0.5255557298660278
34,0,1,0.5255557298660278
35,1,1,0.5255557298660278
36,0,1,0.5255557298660278
37,1,1,0.5255557298660278
38,0,0,0.5481974482536316
39,0,1,0.5255557298660278
40,1,1,0.5255557298660278
41,0,1,0.5255557298660278
42,0,1,0.53962242603302
43,0,0,0.5980527400970459
44,1,1,0.6510723829269409
45,0,0,0.5980527400970459
46,0,1,0.5255557298660278
47,1,1,0.5255557298660278
48,1,0,0.5007932186126709
49,1,1,0.5255557298660278
50,1,1,0.6510723829269409
51,1,0,0.6392379403114319
52,1,1,0.5379608869552612
53,1,1,0.5255557298660278
54,0,1,0.5255557298660278
55,1,1,0.5255557298660278
56,1,1,0.5255557298660278
57,1,1,0.5255557298660278
58,0,1,0.5255557298660278
59,1,1,0.5255557298660278
60,1,1,0.5190987586975098
61,0,1,0.5255557298660278
