,label,pred,score
0,0,0,0.6914634704589844
1,1,0,0.7653379440307617
2,0,0,0.6219294667243958
3,1,0,0.6219294667243958
4,1,0,0.6914634704589844
5,0,0,0.6797575354576111
6,0,0,0.7308143377304077
7,1,0,0.6472702622413635
8,0,0,0.6219294667243958
9,1,0,0.6219294667243958
10,0,0,0.6219294667243958
11,1,0,0.6219294667243958
12,0,0,0.6219294667243958
13,1,0,0.6219294667243958
14,1,0,0.6219294667243958
15,1,0,0.6219294667243958
16,0,0,0.7210112810134888
17,1,0,0.6219278573989868
18,0,0,0.6219294667243958
19,1,0,0.6219294667243958
20,1,0,0.6219294667243958
21,0,0,0.6219294667243958
22,1,0,0.6219294667243958
23,0,0,0.6219294667243958
24,0,0,0.6219294667243958
25,1,0,0.6219294667243958
26,0,0,0.6887824535369873
27,0,0,0.6219294667243958
28,0,0,0.6219294667243958
29,1,0,0.6219294667243958
30,0,0,0.7578909993171692
31,1,0,0.7278602719306946
32,0,0,0.7210112810134888
33,0,0,0.6219294667243958
34,0,0,0.6219294667243958
35,0,0,0.6914634704589844
36,0,0,0.6219294667243958
37,0,0,0.6219294667243958
38,0,0,0.6219294667243958
39,1,0,0.7653379440307617
40,1,0,0.6219294667243958
41,1,0,0.6219294667243958
42,0,0,0.6219294667243958
43,1,0,0.6472702622413635
44,1,0,0.6219294667243958
45,1,0,0.6219294667243958
46,0,0,0.6219294667243958
47,0,0,0.6219294667243958
48,1,0,0.6219294667243958
49,0,0,0.6219294667243958
50,1,0,0.6997904777526855
51,1,0,0.6845623850822449
52,0,0,0.6219294667243958
53,0,0,0.6219294667243958
54,0,0,0.6466705203056335
55,1,0,0.6799979209899902
56,1,0,0.6845623850822449
57,1,0,0.6219294667243958
58,1,0,0.6219294667243958
59,0,0,0.6219294667243958
60,1,0,0.6219294667243958
61,1,0,0.708167314529419
