,label,pred,score
0,1,1,0.5097399353981018
1,1,1,0.5097399353981018
2,0,1,0.5097399353981018
3,0,1,0.5097399353981018
4,1,1,0.5097399353981018
5,0,1,0.5097399353981018
6,1,1,0.5097399353981018
7,1,1,0.5097399353981018
8,0,1,0.5097399353981018
9,0,1,0.5097399353981018
10,0,1,0.5097399353981018
11,0,1,0.5097399353981018
12,1,1,0.5097399353981018
13,1,1,0.5097399353981018
14,1,1,0.5097399353981018
15,0,1,0.5097399353981018
16,0,1,0.5097399353981018
17,1,1,0.5097399353981018
18,0,1,0.5097399353981018
19,1,1,0.5097399353981018
