,label,pred,score
0,1,0,0.5001454949378967
1,1,0,0.5001454949378967
2,1,0,0.5001454949378967
3,0,0,0.5001454949378967
4,1,0,0.5001454949378967
5,0,0,0.5001454949378967
6,0,0,0.5001454949378967
7,0,0,0.5001454949378967
8,0,0,0.5001454949378967
9,0,0,0.5001454949378967
10,0,0,0.5001454949378967
11,1,0,0.5001454949378967
12,1,0,0.5001454949378967
13,1,0,0.5001454949378967
14,1,0,0.5001454949378967
15,1,0,0.5001454949378967
16,0,0,0.5001454949378967
17,1,0,0.5001454949378967
18,0,0,0.5001454949378967
19,0,0,0.5001454949378967
