,label,pred,score
0,1,1,0.5198292136192322
1,0,1,0.5198292136192322
2,0,1,0.5198292136192322
3,1,0,0.5322571396827698
4,0,0,0.6002023816108704
5,1,0,0.6117703318595886
6,0,1,0.5198292136192322
7,1,1,0.5198292136192322
8,1,0,0.5554866790771484
9,0,0,0.7399940490722656
10,1,1,0.5198292136192322
11,0,1,0.5198292136192322
12,0,1,0.5198292136192322
13,0,1,0.5198292136192322
14,1,1,0.5198292136192322
15,1,1,0.5198292136192322
16,0,1,0.5198292136192322
17,1,0,0.5822097063064575
18,1,1,0.5198292136192322
19,1,1,0.5198292136192322
20,1,0,0.5333378314971924
21,0,1,0.5198292136192322
22,0,1,0.5198292136192322
23,1,1,0.5198292136192322
24,1,1,0.5198292136192322
25,0,1,0.5198292136192322
26,0,0,0.554663896560669
27,1,0,0.5333378314971924
28,1,0,0.536317765712738
29,0,1,0.5226048231124878
30,0,0,0.6347328424453735
31,0,1,0.5198292136192322
32,0,1,0.5198292136192322
33,1,1,0.5198292136192322
34,0,0,0.5540220737457275
35,1,1,0.5198292136192322
36,0,1,0.5198292136192322
37,0,1,0.5198292136192322
38,0,1,0.5198292136192322
39,1,1,0.5293189883232117
40,0,1,0.5198292136192322
41,0,1,0.5198292136192322
42,1,1,0.5198292136192322
43,0,1,0.5198292136192322
44,0,1,0.5198292136192322
45,1,1,0.5198292136192322
46,0,0,0.5322571396827698
47,1,1,0.5293189883232117
48,1,1,0.5198292136192322
49,0,1,0.5198292136192322
50,1,1,0.5198292136192322
51,1,0,0.5822097659111023
52,1,1,0.5198292136192322
53,1,1,0.5198292136192322
54,1,1,0.5198292136192322
55,0,0,0.554663896560669
56,1,0,0.5909018516540527
57,0,1,0.5198292136192322
58,0,0,0.5322571396827698
59,1,1,0.5198292136192322
60,0,1,0.5198292136192322
61,1,1,0.5198292136192322
