,label,pred,score
0,0,0,0.5316333174705505
1,1,0,0.5278195142745972
2,1,0,0.5316333770751953
3,1,0,0.5278195142745972
4,0,0,0.5316333174705505
5,1,0,0.5278195142745972
6,1,0,0.5316333174705505
7,0,0,0.5316333174705505
8,0,0,0.5316333174705505
9,0,0,0.5316333174705505
10,1,0,0.5507699847221375
11,1,0,0.5316333174705505
12,0,0,0.5147977471351624
13,1,1,0.5324443578720093
14,1,1,0.5119260549545288
15,0,0,0.5316333174705505
16,0,0,0.5316333174705505
17,0,0,0.5316333770751953
18,0,0,0.5316333174705505
19,0,0,0.5316333174705505
20,0,0,0.5292261242866516
21,0,0,0.5316333174705505
22,1,0,0.5316333174705505
23,0,0,0.5316333174705505
24,1,0,0.5316333174705505
25,0,0,0.5316333174705505
26,0,0,0.5316333174705505
27,0,0,0.5316333174705505
28,1,0,0.5316333174705505
29,1,1,0.5119260549545288
30,0,0,0.5316333174705505
31,1,0,0.5038987398147583
32,1,0,0.5316333174705505
33,0,0,0.5316333174705505
34,1,0,0.5316333174705505
35,1,0,0.5316333174705505
36,0,0,0.5316333174705505
37,1,0,0.5316333174705505
38,1,0,0.5324280858039856
39,1,0,0.5316333174705505
40,1,0,0.5278195142745972
41,0,0,0.5316333174705505
42,0,0,0.5316333174705505
43,1,0,0.5147977471351624
44,1,0,0.5316333174705505
45,0,0,0.5484539270401001
46,1,1,0.5428230166435242
47,1,0,0.5316333174705505
48,1,0,0.5147977471351624
49,1,0,0.5197790861129761
50,0,0,0.5169722437858582
51,1,0,0.5316333174705505
52,0,0,0.5316333174705505
53,0,0,0.5316333174705505
54,0,0,0.5316333174705505
55,1,0,0.5316333174705505
56,1,0,0.5316333174705505
57,0,0,0.5316333174705505
58,0,0,0.5316333174705505
59,1,0,0.5043105483055115
60,1,0,0.5317692160606384
61,0,0,0.5316333174705505
62,1,0,0.5317692160606384
63,1,0,0.5147977471351624
64,0,0,0.5316333174705505
65,0,0,0.5147977471351624
66,1,0,0.5316333174705505
67,1,0,0.5038987398147583
68,0,0,0.5316333174705505
69,0,1,0.511925995349884
70,1,0,0.5372433662414551
71,0,0,0.5316333174705505
72,0,0,0.5316333174705505
73,0,0,0.5316333174705505
74,0,0,0.5316333174705505
75,1,0,0.5038987398147583
76,1,0,0.5081895589828491
77,0,0,0.5316333174705505
