,label,pred,score
0,1,1,0.5000793933868408
1,1,1,0.5000793933868408
2,1,1,0.5000793933868408
3,0,1,0.5000793933868408
4,1,1,0.5000793933868408
5,0,1,0.5000793933868408
6,0,1,0.5000793933868408
7,1,1,0.5000793933868408
8,1,1,0.5000793933868408
9,1,1,0.5000793933868408
10,0,1,0.5000793933868408
11,0,1,0.5000793933868408
12,0,1,0.5000793933868408
13,1,1,0.5000793933868408
14,1,1,0.5000793933868408
15,0,1,0.5000793933868408
16,0,1,0.5000793933868408
17,0,1,0.5000793933868408
18,0,1,0.5000793933868408
19,1,1,0.5000793933868408
