,label,pred,score
0,1,1,0.669960081577301
1,0,1,0.5531696677207947
2,0,1,0.6611639857292175
3,1,0,0.6424404382705688
4,0,1,0.6431249976158142
5,0,0,0.6424404382705688
6,1,0,0.6424404382705688
7,0,0,0.6424404382705688
8,1,1,0.5239259004592896
9,1,1,0.5233411192893982
10,0,1,0.7344835996627808
11,1,0,0.6424404382705688
12,0,1,0.6005814075469971
13,1,1,0.6008442640304565
14,1,0,0.6424404382705688
15,0,0,0.6424404382705688
16,0,0,0.6424404382705688
17,1,1,0.6583893895149231
18,0,0,0.6424404382705688
19,0,0,0.6424404382705688
20,1,0,0.6424404382705688
21,0,0,0.6424404382705688
22,0,0,0.6424404382705688
23,1,0,0.6424430012702942
24,0,1,0.5232962369918823
25,1,0,0.6424404382705688
26,1,0,0.6424430012702942
27,0,0,0.6424404382705688
28,1,0,0.6424404382705688
29,1,0,0.6424404382705688
30,0,0,0.6424404382705688
31,1,0,0.6424404382705688
