,label,pred,score
0,1,0,0.5633186101913452
1,0,0,0.5092719793319702
2,0,0,0.5633186101913452
3,0,0,0.5633186101913452
4,0,0,0.5633186101913452
5,0,0,0.5633186101913452
6,1,0,0.5633186101913452
7,0,0,0.5039152503013611
8,1,1,0.5414155125617981
9,1,0,0.5633186101913452
10,0,0,0.5633186101913452
11,1,0,0.5202595591545105
12,0,0,0.5633186101913452
13,0,0,0.5633186101913452
14,1,0,0.50948566198349
15,0,0,0.5525292158126831
16,0,0,0.5633186101913452
17,0,0,0.5202595591545105
18,0,0,0.5633186101913452
19,1,0,0.5633186101913452
20,0,0,0.5633186101913452
21,1,0,0.5092719793319702
22,0,0,0.538009762763977
23,0,1,0.5269643068313599
24,1,0,0.5633186101913452
25,1,0,0.5633186101913452
26,1,0,0.5633186101913452
27,1,0,0.5202595591545105
28,1,0,0.5633186101913452
29,1,0,0.5633186101913452
30,1,0,0.5633186101913452
31,1,0,0.5633186101913452
