,label,pred,score
0,0,0,0.9977733492851257
1,0,1,0.9719823598861694
2,1,1,0.9983513355255127
3,1,1,0.9973223805427551
4,1,0,0.8466679453849792
5,0,0,0.9975583553314209
6,1,1,0.9985430240631104
7,0,0,0.9993683695793152
8,1,0,0.9925631880760193
9,0,1,0.9960004687309265
10,0,0,0.9802785515785217
11,1,0,0.9965527057647705
12,1,1,0.9963439106941223
13,0,0,0.9928058981895447
14,1,1,0.9966801404953003
15,0,0,0.9915447235107422
16,0,0,0.9979267120361328
17,1,1,0.9426554441452026
18,1,0,0.9538908004760742
19,1,1,0.9855572581291199
20,0,0,0.9970381259918213
21,0,0,0.9988704323768616
22,0,1,0.9993613362312317
23,1,1,0.9978908896446228
24,1,1,0.9994112253189087
25,1,1,0.9990988969802856
26,0,0,0.9940191507339478
27,0,1,0.7417508959770203
28,0,0,0.8042629957199097
29,1,1,0.9430164098739624
30,1,1,0.8641442060470581
31,1,1,0.9985328912734985
32,1,0,0.8896670937538147
33,0,0,0.9984710812568665
34,1,0,0.9823545217514038
35,1,1,0.9950389266014099
36,0,1,0.980853796005249
37,1,1,0.9966392517089844
38,0,0,0.9933428764343262
39,0,1,0.9986971020698547
40,1,0,0.9569465517997742
41,0,1,0.9920825958251953
42,0,0,0.9972196817398071
43,0,0,0.9929795861244202
44,0,0,0.998856782913208
45,0,1,0.921754777431488
46,1,1,0.996263325214386
47,0,0,0.998184859752655
48,0,0,0.9994325041770935
49,0,0,0.9949681162834167
50,1,1,0.9935959577560425
51,0,0,0.9728904962539673
52,0,0,0.8902285695075989
53,1,1,0.937243640422821
54,0,1,0.9947066903114319
55,0,1,0.9638074636459351
56,1,1,0.9055187702178955
57,1,1,0.9993934631347656
58,1,1,0.9987722039222717
59,1,1,0.5616775155067444
60,0,0,0.9946967363357544
61,0,1,0.9973945617675781
62,0,1,0.9906479716300964
63,1,1,0.998145580291748
64,1,1,0.5947907567024231
65,0,1,0.9901031255722046
66,0,1,0.99891197681427
67,1,1,0.9990216493606567
68,1,1,0.9108113646507263
69,1,1,0.9210660457611084
70,0,1,0.9961251616477966
71,1,1,0.991579532623291
72,1,1,0.9392696619033813
73,1,1,0.993349015712738
74,1,1,0.9982448816299438
75,1,1,0.7788885831832886
76,0,0,0.9875361323356628
77,0,0,0.9982325434684753
