,label,pred,score
0,1,1,0.9910225868225098
1,0,0,0.7515979409217834
2,1,0,0.93888258934021
3,1,1,0.990698516368866
4,1,1,0.9970809817314148
5,0,1,0.5101329684257507
6,1,1,0.9802154302597046
7,1,1,0.9893072247505188
8,0,0,0.9020241498947144
9,1,1,0.9960005879402161
10,0,0,0.9352456331253052
11,1,0,0.8543927073478699
12,0,0,0.9734005331993103
13,1,1,0.9728918075561523
14,1,0,0.8991555571556091
15,0,0,0.9980587363243103
16,1,1,0.9952179789543152
17,0,0,0.991529107093811
18,0,1,0.9919073581695557
19,1,1,0.9775263071060181
20,0,0,0.9865409731864929
21,1,1,0.9825913310050964
22,0,0,0.9386930465698242
23,0,0,0.9955427050590515
24,0,0,0.7964524626731873
25,0,0,0.9960112571716309
26,0,0,0.997267484664917
27,0,0,0.7703965902328491
28,1,1,0.9560956358909607
29,1,0,0.8403499126434326
30,1,0,0.8629891276359558
31,1,0,0.6554656028747559
32,1,1,0.5556231737136841
33,1,1,0.8178996443748474
34,0,0,0.9907808899879456
35,0,0,0.9338415265083313
36,1,1,0.9432373642921448
37,0,0,0.9987917542457581
38,0,0,0.8771972060203552
39,0,0,0.997566819190979
40,0,0,0.9989124536514282
41,1,1,0.9954230189323425
42,1,1,0.8586850762367249
43,0,0,0.9960083961486816
44,1,1,0.9904470443725586
45,0,0,0.9957572817802429
46,0,0,0.996910035610199
47,1,1,0.9969741106033325
48,1,1,0.8670437335968018
49,0,0,0.9809094071388245
50,1,1,0.8298913240432739
51,0,0,0.9943524599075317
52,0,0,0.8901318907737732
53,0,0,0.9986892342567444
54,0,0,0.9917056560516357
55,0,0,0.9984248876571655
56,1,1,0.9937559366226196
57,1,1,0.8600805401802063
58,1,1,0.9346884489059448
59,1,1,0.9080449342727661
60,0,0,0.766461968421936
61,1,1,0.9971746206283569
