,label,pred,score
0,1,1,0.983659029006958
1,0,1,0.5029670596122742
2,1,1,0.9480063915252686
3,1,1,0.9923337697982788
4,0,0,0.9841626882553101
5,0,0,0.9519575238227844
6,1,1,0.9901235699653625
7,0,0,0.9903993010520935
8,1,1,0.825128436088562
9,0,0,0.5383722186088562
10,0,0,0.9352707266807556
11,1,0,0.9931429624557495
12,1,1,0.8829092383384705
13,0,0,0.9722025394439697
14,0,0,0.9657811522483826
15,1,1,0.9674211144447327
16,0,1,0.8595018982887268
17,1,0,0.963401198387146
18,1,1,0.9945783615112305
19,0,0,0.9935989379882812
