,label,pred,score
0,1,1,0.9985597729682922
1,1,1,0.9989455342292786
2,0,0,0.834640622138977
3,1,1,0.9990457892417908
4,1,1,0.9495441317558289
5,1,1,0.9992517828941345
6,1,1,0.99981290102005
7,1,1,0.9996116757392883
8,0,0,0.9997827410697937
9,0,0,0.9987305998802185
10,0,0,0.9336022734642029
11,1,1,0.9903997778892517
12,1,1,0.999517560005188
13,0,0,0.973433256149292
14,1,1,0.9998735189437866
15,0,0,0.9998464584350586
16,0,0,0.977317214012146
17,1,1,0.9999252557754517
18,0,0,0.9955524802207947
19,0,0,0.9913268685340881
20,1,1,0.9560098648071289
21,0,0,0.9898335933685303
22,0,1,0.9981486797332764
23,0,0,0.9705229997634888
24,1,1,0.966644287109375
25,1,1,0.9997598528862
26,1,1,0.6363388299942017
27,0,0,0.9996577501296997
28,0,1,0.998608410358429
29,0,1,0.9866788983345032
30,0,1,0.9998637437820435
31,0,0,0.8918330073356628
32,0,0,0.996382474899292
33,1,1,0.9632585048675537
34,1,1,0.9868980646133423
35,0,1,0.5687165856361389
36,1,1,0.9981777667999268
37,0,0,0.8508368134498596
38,1,1,0.988186240196228
39,0,1,0.9754576683044434
40,1,1,0.9993599057197571
41,1,1,0.9790046215057373
42,1,1,0.9992503523826599
43,0,1,0.9539179801940918
44,0,1,0.9782209992408752
45,1,1,0.9991734623908997
46,0,1,0.9918978214263916
47,1,1,0.9996786117553711
48,0,0,0.9998388290405273
49,0,0,0.6821781396865845
50,0,0,0.7735793590545654
51,1,1,0.999573290348053
52,0,1,0.9950920343399048
53,1,1,0.9992177486419678
54,1,1,0.9688845276832581
55,0,1,0.9614120721817017
56,1,0,0.9911181330680847
57,0,0,0.9994762539863586
58,1,1,0.9461346864700317
59,1,1,0.9998688697814941
60,1,1,0.685582160949707
61,1,1,0.9988594055175781
62,0,1,0.9998971223831177
63,1,1,0.9988095760345459
64,0,0,0.7658172845840454
65,0,0,0.7350385189056396
66,1,1,0.9993984699249268
67,0,0,0.9897340536117554
68,1,1,0.9930196404457092
69,0,0,0.9994744658470154
70,0,0,0.6832098960876465
71,0,1,0.8965569138526917
72,1,1,0.9958173632621765
73,1,1,0.9760885834693909
74,0,1,0.8726723194122314
75,1,0,0.9851678609848022
76,0,0,0.9951653480529785
77,1,1,0.9996488094329834
