,label,pred,score
0,1,1,0.946777880191803
1,1,1,0.9985291957855225
2,1,1,0.9977511763572693
3,0,0,0.9890145659446716
4,1,1,0.9284336566925049
5,1,1,0.9947267174720764
6,1,1,0.9959359169006348
7,1,1,0.9765781164169312
8,0,0,0.9989991784095764
9,1,1,0.965518593788147
10,0,0,0.6889755725860596
11,1,1,0.9982655644416809
12,0,0,0.998856782913208
13,1,1,0.9824445843696594
14,0,0,0.9968761205673218
15,0,0,0.9967575669288635
16,0,0,0.9983558058738708
17,0,0,0.6305583715438843
18,0,1,0.9954522252082825
19,1,1,0.9986082911491394
20,0,0,0.9861234426498413
21,1,1,0.9656664133071899
22,0,0,0.9972234964370728
23,1,0,0.978805661201477
24,0,0,0.9978529214859009
25,1,1,0.9434975981712341
26,0,0,0.9272659420967102
27,1,1,0.9988582134246826
28,0,0,0.9993882179260254
29,0,0,0.9985795021057129
30,0,1,0.8518091440200806
31,1,0,0.9813830256462097
32,1,0,0.8114044666290283
33,1,1,0.9958180785179138
34,0,0,0.997104823589325
35,1,1,0.9980084300041199
36,1,1,0.9934608936309814
37,0,1,0.956601619720459
38,0,0,0.9880300164222717
39,0,0,0.9993270635604858
40,1,1,0.7663193345069885
41,0,1,0.9258257150650024
42,0,1,0.8205462098121643
43,0,0,0.9982690811157227
44,0,0,0.9355724453926086
45,0,0,0.9990334510803223
46,0,0,0.9784147143363953
47,1,1,0.9985388517379761
48,0,0,0.9832216501235962
49,1,1,0.9901228547096252
50,1,1,0.9946221113204956
51,1,1,0.902098536491394
52,1,1,0.998239278793335
53,0,1,0.9950757622718811
54,0,0,0.9893952012062073
55,1,1,0.9987199306488037
56,0,0,0.9990359544754028
57,1,1,0.9950932264328003
58,1,1,0.9978936314582825
59,1,1,0.9409903287887573
60,1,1,0.9870239496231079
61,0,0,0.9131981134414673
