,label,pred,score
0,0,1,0.9980003237724304
1,0,0,0.9993896484375
2,0,0,0.9992663264274597
3,1,1,0.9952157735824585
4,1,0,0.9918364882469177
5,1,1,0.9898859262466431
6,1,1,0.9979007244110107
7,1,0,0.9822117686271667
8,0,0,0.9991350769996643
9,1,1,0.9955614805221558
10,1,1,0.991703987121582
11,1,1,0.9811710119247437
12,0,0,0.9988577365875244
13,1,1,0.9990791082382202
14,0,0,0.997907280921936
15,0,0,0.9783622622489929
16,0,0,0.9981727600097656
17,0,0,0.9953346848487854
18,1,1,0.9974736571311951
19,1,1,0.9970852732658386
20,1,1,0.8346176147460938
21,0,0,0.9991903901100159
22,0,1,0.9992817044258118
23,1,1,0.9913619160652161
24,0,0,0.9979239702224731
25,1,0,0.8852009773254395
26,0,0,0.9902685880661011
27,0,0,0.9955429434776306
28,1,1,0.99790358543396
29,0,0,0.9946483969688416
30,0,1,0.9978209733963013
31,1,1,0.998115062713623
