,label,pred,score
0,1,1,0.6577386260032654
1,0,0,0.9750403165817261
2,1,0,0.6756239533424377
3,1,1,0.9925481677055359
4,0,0,0.9855079054832458
5,0,0,0.9665775895118713
6,1,0,0.560799241065979
7,0,0,0.9986446499824524
8,1,0,0.6014396548271179
9,0,1,0.9959263801574707
10,0,0,0.9984210729598999
11,1,0,0.9981037378311157
12,1,0,0.9264745116233826
13,0,1,0.6769545078277588
14,0,0,0.9978258013725281
15,1,1,0.9611707329750061
16,0,1,0.8705640435218811
17,1,1,0.9571025967597961
18,1,1,0.9980327486991882
19,0,0,0.9988918900489807
