,label,pred,score
0,0,0,0.9697043895721436
1,1,1,0.9339549541473389
2,1,1,0.7839305400848389
3,0,0,0.7362841367721558
4,0,0,0.7510205507278442
5,1,1,0.9040905833244324
6,1,0,0.9832481145858765
7,0,0,0.9981105327606201
8,1,1,0.9565666913986206
9,0,1,0.7877220511436462
10,0,0,0.9978613257408142
11,0,0,0.88063645362854
12,1,1,0.8801166415214539
13,1,1,0.6904234886169434
14,0,1,0.6245635747909546
15,1,0,0.9950957298278809
16,1,1,0.9918966889381409
17,0,0,0.9958451390266418
18,0,0,0.9307719469070435
19,1,0,0.964979887008667
