,label,pred,score
0,0,0,0.7337047457695007
1,0,0,0.615788459777832
2,1,0,0.5237559676170349
3,0,1,0.9253812432289124
4,0,1,0.7438270449638367
5,0,1,0.9431998133659363
6,0,0,0.8298575282096863
7,1,1,0.9386491775512695
8,1,1,0.8697630167007446
9,0,0,0.6656277775764465
10,1,0,0.5197778940200806
11,1,1,0.9432520866394043
12,1,1,0.5748631954193115
13,0,0,0.8996705412864685
14,1,1,0.5816757082939148
15,0,0,0.901700496673584
16,1,1,0.8883149027824402
17,1,1,0.5427665114402771
18,1,1,0.8817616105079651
19,0,0,0.7577007412910461
20,1,1,0.5266394019126892
21,1,1,0.5464546084403992
22,0,0,0.9013970494270325
23,1,1,0.7791242599487305
24,1,1,0.5469356179237366
25,1,0,0.5579911470413208
26,0,1,0.7500948905944824
27,1,1,0.8832286596298218
28,0,0,0.5309315919876099
29,0,0,0.8274914026260376
30,0,1,0.8548822999000549
31,0,0,0.76959228515625
