,label,pred,score
0,0,1,0.9949404001235962
1,1,1,0.9981541037559509
2,0,0,0.9606007933616638
3,1,1,0.991630494594574
4,0,0,0.994942843914032
5,1,0,0.5954679250717163
6,1,1,0.9903725385665894
7,0,0,0.9971592426300049
8,0,0,0.9967953562736511
9,1,1,0.9969692826271057
10,1,0,0.8658394813537598
11,0,0,0.995135486125946
12,0,0,0.9988980293273926
13,1,1,0.8449395298957825
14,1,1,0.5700165033340454
15,0,0,0.9978025555610657
16,1,1,0.998552143573761
17,0,0,0.9983819723129272
18,1,1,0.9986887574195862
19,1,1,0.9987943172454834
20,0,0,0.9958468079566956
21,0,0,0.674372673034668
22,0,0,0.9978898167610168
23,0,0,0.9981961846351624
24,1,1,0.9965152740478516
25,0,0,0.9969800114631653
26,0,0,0.9870226979255676
27,1,1,0.9125858545303345
28,0,0,0.9901877045631409
29,0,0,0.9726858139038086
30,0,0,0.9957329630851746
31,0,0,0.9960824251174927
32,1,1,0.7025383114814758
33,0,0,0.997931957244873
34,1,1,0.996845543384552
35,1,0,0.9942956566810608
36,0,0,0.9927611351013184
37,1,0,0.9174884557723999
38,1,1,0.9925691485404968
39,1,1,0.8982628583908081
40,1,0,0.9981235861778259
41,0,0,0.9627285599708557
42,0,0,0.9984061121940613
43,1,1,0.9983161687850952
44,1,1,0.9969456791877747
45,1,0,0.997021496295929
46,0,0,0.9948207139968872
47,0,0,0.9981290698051453
48,1,1,0.998063862323761
49,0,0,0.9980360865592957
50,1,0,0.916214108467102
51,1,1,0.9966021776199341
52,0,0,0.9973143935203552
53,0,0,0.9917607307434082
54,0,0,0.5641122460365295
55,1,1,0.998581051826477
56,1,0,0.9904628396034241
57,1,0,0.9986916184425354
58,0,0,0.9975021481513977
59,1,1,0.9956251978874207
60,1,1,0.9961108565330505
61,0,1,0.7479801774024963
