,label,pred,score
0,0,1,0.8004413843154907
1,1,1,0.9665842652320862
2,0,0,0.9873077273368835
3,1,1,0.9875730872154236
4,0,0,0.9157018065452576
5,1,0,0.6579488515853882
6,1,1,0.9459143877029419
7,0,0,0.9203931093215942
8,0,1,0.9828502535820007
9,1,0,0.9876093864440918
10,1,1,0.8859597444534302
11,0,0,0.920418918132782
12,0,0,0.9959482550621033
13,1,1,0.9946257472038269
14,1,0,0.8562720417976379
15,0,0,0.9944397211074829
16,1,1,0.9904966354370117
17,0,0,0.9875367283821106
18,1,1,0.9436600804328918
19,1,1,0.992378830909729
20,0,0,0.9707785248756409
21,0,0,0.9912624359130859
22,0,0,0.9794147610664368
23,0,0,0.983342170715332
24,1,1,0.9427648186683655
25,0,0,0.9853228330612183
26,0,0,0.9638379216194153
27,1,1,0.9711384177207947
28,0,0,0.9521428346633911
29,0,0,0.994559109210968
30,0,0,0.9967378973960876
31,0,0,0.9923511147499084
32,1,1,0.9624555110931396
33,0,1,0.9351078867912292
34,1,1,0.9898585677146912
35,1,1,0.9411064386367798
36,0,0,0.9752711057662964
37,1,1,0.9481925964355469
38,1,1,0.9917964935302734
39,1,1,0.9962343573570251
40,1,0,0.9777988791465759
41,0,0,0.8394863605499268
42,0,0,0.9968392848968506
43,1,1,0.9928563833236694
44,1,1,0.9863800406455994
45,1,0,0.5862594246864319
46,0,0,0.9758583307266235
47,0,0,0.9793959856033325
48,1,1,0.9922005534172058
49,0,0,0.9969366788864136
50,1,0,0.6751827597618103
51,1,1,0.729978084564209
52,0,0,0.9932664632797241
53,0,0,0.9947410821914673
54,0,0,0.6913751363754272
55,1,1,0.9901294112205505
56,1,0,0.8960192799568176
57,1,0,0.994834303855896
58,0,0,0.9945758581161499
59,1,1,0.9907279014587402
60,1,1,0.9882165789604187
61,0,0,0.9943559765815735
