,label,pred,score
0,1,1,0.9874633550643921
1,1,1,0.9991959929466248
2,0,0,0.9991758465766907
3,1,1,0.9962598085403442
4,1,1,0.9993120431900024
5,1,1,0.999243974685669
6,1,1,0.9376345872879028
7,1,1,0.9647330045700073
8,0,0,0.9994606375694275
9,0,0,0.9995067119598389
10,0,0,0.9994805455207825
11,1,1,0.9913308620452881
12,1,1,0.9992294311523438
13,0,0,0.9983096122741699
14,1,1,0.9960986375808716
15,0,0,0.9994983673095703
16,0,0,0.9995597004890442
17,1,1,0.9995005130767822
18,0,0,0.9968650937080383
19,0,0,0.9972888231277466
20,1,0,0.9757224917411804
21,0,0,0.9991151690483093
22,0,1,0.9936226010322571
23,0,0,0.997704803943634
24,1,1,0.9957929849624634
25,1,1,0.9995067119598389
26,1,0,0.5244081020355225
27,0,0,0.9993823766708374
28,0,1,0.9969276785850525
29,0,0,0.9797247648239136
30,0,1,0.9992019534111023
31,0,0,0.9829428195953369
32,0,0,0.9995667338371277
33,1,1,0.9084595441818237
34,1,1,0.9139179587364197
35,0,0,0.9766950011253357
36,1,1,0.9962564706802368
37,0,0,0.9990423321723938
38,1,1,0.9978982210159302
39,0,1,0.9773219227790833
40,1,1,0.9991126656532288
41,1,1,0.9721964597702026
42,1,1,0.9974555373191833
43,0,0,0.9990001320838928
44,0,0,0.9974494576454163
45,1,1,0.9962552785873413
46,0,0,0.9978415966033936
47,1,1,0.9991434812545776
48,0,0,0.9996691942214966
49,0,0,0.9821270108222961
50,0,1,0.9984850287437439
51,1,1,0.9990413784980774
52,0,1,0.9942097663879395
53,1,1,0.9996234178543091
54,1,1,0.9985283613204956
55,0,0,0.9996237754821777
56,1,0,0.904316782951355
57,0,0,0.9995155334472656
58,1,1,0.915631890296936
59,1,1,0.9961754083633423
60,1,1,0.8430164456367493
61,1,1,0.9995180368423462
62,0,1,0.918053388595581
63,1,0,0.9766964912414551
64,0,1,0.8250319361686707
65,0,0,0.999620795249939
66,1,1,0.9964266419410706
67,0,0,0.9986621141433716
68,1,1,0.7292478680610657
69,0,0,0.9988370537757874
70,0,0,0.9615322351455688
71,0,0,0.9985495209693909
72,1,1,0.9488019943237305
73,1,1,0.9964331388473511
74,0,1,0.7564153075218201
75,1,0,0.9974570870399475
76,0,0,0.9991129040718079
77,1,1,0.9949860572814941
