,label,pred,score
0,0,1,0.7923663258552551
1,1,1,0.9461002349853516
2,1,0,0.7592583894729614
3,1,1,0.9266930222511292
4,1,0,0.8745593428611755
5,0,1,0.8152236938476562
6,1,1,0.7716925740242004
7,0,0,0.9991151690483093
8,0,0,0.9864999055862427
9,0,1,0.8845962882041931
10,0,0,0.9904929995536804
11,0,1,0.9294962882995605
12,0,0,0.9965678453445435
13,0,0,0.9877718687057495
14,1,1,0.9961612224578857
15,0,0,0.9946905970573425
16,0,1,0.9989412426948547
17,0,0,0.9948583841323853
18,1,1,0.9874348044395447
19,1,1,0.9898316860198975
20,1,1,0.9801201224327087
21,1,1,0.957569420337677
22,0,0,0.9993579983711243
23,1,1,0.9775123000144958
24,0,0,0.9981594681739807
25,0,0,0.9989964365959167
26,1,1,0.9209205508232117
27,1,1,0.9013378620147705
28,1,1,0.998714804649353
29,1,1,0.998571515083313
30,1,0,0.9793744087219238
31,0,0,0.997904896736145
