,label,pred,score
0,1,0,0.6676744818687439
1,0,0,0.9511565566062927
2,1,1,0.8791149258613586
3,0,0,0.9533363580703735
4,0,0,0.8053329586982727
5,0,0,0.5552780032157898
6,1,1,0.9702430367469788
7,0,0,0.9675621390342712
8,1,0,0.6484105587005615
9,0,0,0.5884987115859985
10,0,0,0.8625801801681519
11,0,1,0.6356810331344604
12,1,1,0.9642662405967712
13,0,0,0.9544451832771301
14,1,1,0.9615309834480286
15,0,1,0.7608613967895508
16,0,0,0.973920464515686
17,0,0,0.9469798803329468
18,0,0,0.8898707032203674
19,0,0,0.8631128668785095
20,1,1,0.8095196485519409
21,1,1,0.9479964375495911
22,1,0,0.7248267531394958
23,1,1,0.8935961723327637
24,1,1,0.9648249745368958
25,1,1,0.8169792294502258
26,0,0,0.9594343304634094
27,0,0,0.9615508317947388
28,1,1,0.9410243034362793
29,1,1,0.5403413772583008
30,1,1,0.599835991859436
31,0,0,0.9302057027816772
32,0,0,0.9509421586990356
33,1,1,0.922053337097168
34,1,1,0.9609131813049316
35,0,0,0.8856638669967651
36,1,1,0.9628006815910339
37,1,1,0.8578111529350281
38,0,0,0.9681913256645203
39,0,1,0.8308417797088623
40,1,1,0.7063491940498352
41,1,1,0.5537394881248474
42,0,0,0.9792951345443726
43,1,1,0.9400206804275513
44,0,0,0.9437429308891296
45,0,0,0.888870894908905
46,0,0,0.9097208976745605
47,0,0,0.7799312472343445
48,1,1,0.9754788279533386
49,0,0,0.8719251751899719
50,1,1,0.846214771270752
51,1,1,0.9679464101791382
52,0,0,0.9536477327346802
53,1,0,0.8403046727180481
54,1,1,0.9111495614051819
55,1,1,0.9784756898880005
56,1,1,0.9498109817504883
57,1,0,0.9123274087905884
58,0,0,0.9273973107337952
59,1,1,0.9794029593467712
60,0,0,0.8453354835510254
61,0,1,0.6087904572486877
