,label,pred,score
0,1,1,0.568068265914917
1,1,1,0.6533786058425903
2,0,0,0.6405256986618042
3,1,1,0.8117735385894775
4,1,1,0.8333309292793274
5,1,1,0.945669949054718
6,1,0,0.500775933265686
7,0,0,0.9047760963439941
8,1,1,0.7953981757164001
9,1,1,0.6222572326660156
10,1,1,0.9513365626335144
11,0,1,0.743109941482544
12,1,1,0.8501879572868347
13,0,1,0.6683902740478516
14,1,1,0.7219232320785522
15,1,0,0.6914401054382324
16,0,0,0.8952181935310364
17,0,0,0.9606563448905945
18,1,0,0.7010824680328369
19,0,0,0.8793379664421082
20,0,1,0.547191321849823
21,0,0,0.9780293703079224
22,0,0,0.6848521828651428
23,0,0,0.7996273040771484
24,1,1,0.7123305201530457
25,0,0,0.6433832049369812
26,0,0,0.863122820854187
27,1,1,0.601405918598175
28,1,0,0.5238081216812134
29,0,1,0.9423924088478088
30,0,0,0.9622852206230164
31,0,1,0.629736602306366
