,label,pred,score
0,1,1,0.8789077997207642
1,1,1,0.9991357922554016
2,1,1,0.9991699457168579
3,0,0,0.9762869477272034
4,1,1,0.993624210357666
5,1,1,0.9984305500984192
6,1,1,0.9995748400688171
7,1,1,0.999098539352417
8,0,0,0.9965108036994934
9,1,1,0.9964200258255005
10,0,0,0.9052006006240845
11,1,1,0.9994088411331177
12,0,0,0.998988687992096
13,1,1,0.9251774549484253
14,0,0,0.9990679621696472
15,0,0,0.9995032548904419
16,0,0,0.9991284012794495
17,0,0,0.993708610534668
18,0,1,0.7683617472648621
19,1,1,0.9993359446525574
20,0,0,0.9978513717651367
21,1,0,0.9970715045928955
22,0,0,0.997870683670044
23,1,1,0.9886456727981567
24,0,0,0.9995319843292236
25,1,1,0.9973824620246887
26,0,0,0.988490104675293
27,1,1,0.9995193481445312
28,0,0,0.9995450377464294
29,0,0,0.9993016719818115
30,0,1,0.7504442930221558
31,1,1,0.8476392030715942
32,1,1,0.9938847422599792
33,1,1,0.9984330534934998
34,0,0,0.9987805485725403
35,1,1,0.9987562894821167
36,1,1,0.998658299446106
37,0,0,0.9917317032814026
38,0,0,0.9985694885253906
39,0,0,0.9983565211296082
40,1,1,0.9610124230384827
41,0,0,0.9984427094459534
42,0,0,0.9985871315002441
43,0,0,0.9982926249504089
44,0,1,0.9896013140678406
45,0,0,0.9994723200798035
46,0,0,0.9950422048568726
47,1,1,0.9995129108428955
48,0,0,0.9926565289497375
49,1,1,0.9994706511497498
50,1,1,0.7800403833389282
51,1,1,0.9273903369903564
52,1,1,0.9974729418754578
53,0,1,0.9912047982215881
54,0,0,0.9899460673332214
55,1,1,0.9995701909065247
56,0,0,0.9993318915367126
57,1,1,0.9991307854652405
58,1,1,0.9989499449729919
59,1,1,0.9846716523170471
60,1,1,0.9982914328575134
61,0,0,0.8736850023269653
