,label,pred,score
0,1,1,0.9130629897117615
1,1,1,0.588132917881012
2,1,1,0.9169668555259705
3,1,0,0.6799477338790894
4,0,0,0.9486238956451416
5,0,1,0.9110941886901855
6,1,1,0.8453915119171143
7,0,0,0.9539851546287537
8,0,1,0.7447036504745483
9,0,0,0.9718015789985657
10,0,0,0.8814594149589539
11,1,1,0.8642274141311646
12,0,0,0.7415149211883545
13,0,1,0.7731143832206726
14,1,0,0.8369311690330505
15,1,1,0.7857801914215088
16,0,0,0.7918265461921692
17,1,1,0.5703266859054565
18,0,0,0.8931295871734619
19,0,0,0.9656813144683838
20,0,1,0.6191387176513672
21,1,0,0.6573715806007385
22,1,0,0.9368129372596741
23,0,0,0.9108685255050659
24,1,0,0.5863783359527588
25,1,1,0.8803917765617371
26,1,1,0.8291670680046082
27,1,1,0.91099613904953
28,1,0,0.5028387308120728
29,0,0,0.7834723591804504
30,0,0,0.9242584705352783
31,0,0,0.950212299823761
32,0,0,0.9525876641273499
33,1,1,0.9638662338256836
34,0,0,0.9264703392982483
35,0,0,0.9464958310127258
36,1,1,0.7545928359031677
37,0,0,0.7497361898422241
38,0,0,0.8598816990852356
39,0,0,0.9705381989479065
40,0,0,0.6042390465736389
41,1,1,0.6824663877487183
42,0,1,0.734856367111206
43,1,1,0.8135027885437012
44,0,0,0.91707843542099
45,1,1,0.7745164632797241
46,0,0,0.9384913444519043
47,1,0,0.8581868410110474
48,0,0,0.9597949385643005
49,1,1,0.8631255030632019
50,1,1,0.9185941219329834
51,0,0,0.8966649174690247
52,1,1,0.9053865075111389
53,1,1,0.9480420351028442
54,0,0,0.9634056687355042
55,1,1,0.9069212675094604
56,0,0,0.8725365400314331
57,0,0,0.8339690566062927
58,0,0,0.7297995686531067
59,0,0,0.972371518611908
60,0,0,0.9626075625419617
61,0,1,0.5364108681678772
62,0,1,0.7841193675994873
63,0,0,0.9150224924087524
64,1,1,0.9475101828575134
65,1,1,0.918601393699646
66,0,0,0.8961818218231201
67,1,0,0.6720228791236877
68,1,1,0.7834014892578125
69,1,1,0.6810093522071838
70,1,1,0.9171791076660156
71,1,1,0.7899404168128967
72,1,1,0.9026003479957581
73,1,1,0.9015405774116516
74,0,0,0.9551518559455872
75,1,0,0.6110371947288513
76,1,1,0.7152923345565796
77,1,0,0.6765483021736145
