,label,pred,score
0,1,1,0.9926239252090454
1,1,0,0.9705222249031067
2,1,1,0.9830811619758606
3,1,1,0.9562718868255615
4,0,0,0.9978203773498535
5,0,1,0.968969464302063
6,1,1,0.997795820236206
7,0,0,0.9965740442276001
8,0,1,0.9890178442001343
9,0,0,0.9984298348426819
10,0,0,0.975385844707489
11,1,1,0.9945690631866455
12,0,1,0.9962469935417175
13,0,1,0.991828203201294
14,1,0,0.946193516254425
15,1,1,0.995371401309967
16,0,0,0.993313729763031
17,1,1,0.9779540300369263
18,0,0,0.9484308362007141
19,0,0,0.998059093952179
20,0,1,0.9309942126274109
21,1,1,0.9850066304206848
22,1,1,0.789319634437561
23,0,0,0.9843748211860657
24,1,1,0.9805934429168701
25,1,1,0.9937560558319092
26,1,1,0.99483323097229
27,1,1,0.9973899722099304
28,1,1,0.9759303331375122
29,0,1,0.9945149421691895
30,0,0,0.9968695044517517
31,0,0,0.9971605539321899
32,0,0,0.9971683621406555
33,1,1,0.9984111785888672
34,0,0,0.9961609840393066
35,0,0,0.988031268119812
36,1,1,0.9890407919883728
37,0,0,0.9934126734733582
38,0,0,0.9963566064834595
39,0,0,0.9839646816253662
40,0,1,0.5030485987663269
41,1,1,0.9945854544639587
42,0,1,0.998096764087677
43,1,1,0.9902730584144592
44,0,0,0.9186716675758362
45,1,1,0.9965644478797913
46,0,0,0.9952995777130127
47,1,0,0.9435988664627075
48,0,0,0.9973627924919128
49,1,1,0.9974977374076843
50,1,1,0.9869642853736877
51,0,0,0.9677520394325256
52,1,1,0.997706413269043
53,1,1,0.9977682828903198
54,0,0,0.9976701140403748
55,1,1,0.996035635471344
56,0,0,0.9950729012489319
57,0,0,0.9922202229499817
58,0,0,0.9965954422950745
59,0,0,0.9980156421661377
60,0,0,0.9983904361724854
61,0,1,0.9474043250083923
62,0,1,0.7734140157699585
63,0,0,0.9816612005233765
64,1,1,0.9983641505241394
65,1,1,0.9850505590438843
66,0,0,0.9956809282302856
67,1,1,0.5459762811660767
68,1,1,0.9395443201065063
69,1,1,0.996239423751831
70,1,1,0.9978476762771606
71,1,1,0.9977705478668213
72,1,1,0.9633800983428955
73,1,1,0.9984076619148254
74,0,0,0.9974185228347778
75,1,1,0.9256685376167297
76,1,1,0.9965866804122925
77,1,0,0.5625408291816711
