,label,pred,score
0,1,1,0.8571295738220215
1,1,1,0.7995033264160156
2,1,1,0.8442531228065491
3,0,1,0.9659440517425537
4,0,0,0.9979448914527893
5,0,1,0.843738853931427
6,0,0,0.9955869913101196
7,1,1,0.6501976251602173
8,0,0,0.9975653886795044
9,1,1,0.9906154870986938
10,1,1,0.9876391291618347
11,1,1,0.9802242517471313
12,1,1,0.996429979801178
13,1,1,0.9878175854682922
14,0,0,0.9968440532684326
15,1,1,0.9584504961967468
16,0,0,0.9695273041725159
17,0,0,0.995668888092041
18,1,1,0.9420649409294128
19,0,0,0.996957540512085
20,0,0,0.9958374500274658
21,1,1,0.7184471487998962
22,0,1,0.5899732708930969
23,0,0,0.9747663140296936
24,1,1,0.9888629913330078
25,1,0,0.570034921169281
26,0,1,0.87803715467453
27,1,1,0.9955013394355774
28,1,1,0.9962246417999268
29,0,0,0.7843733429908752
30,0,0,0.9674770832061768
31,1,1,0.996396005153656
32,1,1,0.9639369249343872
33,1,1,0.9920929074287415
34,0,0,0.9948843121528625
35,1,0,0.9284144639968872
36,1,1,0.9486485719680786
37,0,0,0.9961667656898499
38,0,0,0.991334855556488
39,0,1,0.9707995653152466
40,1,1,0.9963579773902893
41,0,1,0.7835964560508728
42,0,0,0.997128427028656
43,1,0,0.9302284121513367
44,0,0,0.9969581365585327
45,0,0,0.9866201877593994
46,1,1,0.9844263195991516
47,1,1,0.9249301552772522
48,1,1,0.9763970375061035
49,1,1,0.9442391991615295
50,0,0,0.508101761341095
51,1,1,0.9857677817344666
52,1,1,0.8651033043861389
53,0,1,0.9817447066307068
54,0,0,0.9975619316101074
55,1,1,0.9876378774642944
56,0,0,0.9877610206604004
57,0,1,0.9823712706565857
58,1,1,0.9769046306610107
59,1,1,0.9927109479904175
60,0,0,0.9354172945022583
61,1,1,0.9929386973381042
62,0,0,0.9958400726318359
63,1,1,0.9959316849708557
64,0,0,0.9954842329025269
65,0,0,0.995836615562439
66,0,0,0.9980911612510681
67,1,0,0.9927571415901184
68,1,1,0.7724910974502563
69,0,1,0.9716016054153442
70,0,0,0.996590256690979
71,0,0,0.9943114519119263
72,1,0,0.8914036750793457
73,1,1,0.9821457266807556
74,0,0,0.9980009198188782
75,0,0,0.9962706565856934
76,1,1,0.9824337959289551
77,0,0,0.9967495203018188
