,label,pred,score
0,0,1,0.6024699807167053
1,1,1,0.7752742767333984
2,0,1,0.6774235963821411
3,0,1,0.6446812748908997
4,0,1,0.9949957132339478
5,0,1,0.8043063282966614
6,1,1,0.8209166526794434
7,1,0,0.7631845474243164
8,1,1,0.7763803005218506
9,1,1,0.8838496208190918
10,0,0,0.5611175894737244
11,1,1,0.9944145679473877
12,0,1,0.6196423768997192
13,0,0,0.9457828998565674
14,1,0,0.9862533211708069
15,1,1,0.6762295365333557
16,0,0,0.958661675453186
17,1,0,0.9580318331718445
18,0,0,0.8682162165641785
19,1,1,0.8934845924377441
