,label,pred,score
0,1,1,0.5001248121261597
1,0,1,0.5001248121261597
2,1,1,0.5001248121261597
3,1,1,0.5001248121261597
4,0,1,0.5001248121261597
5,0,1,0.5001248121261597
6,0,1,0.5001248121261597
7,1,1,0.5001248121261597
8,1,1,0.5001248121261597
9,0,1,0.5001248121261597
10,0,1,0.5001248121261597
11,1,1,0.5001248121261597
12,0,1,0.5001248121261597
13,1,1,0.5001248121261597
14,1,1,0.5001248121261597
15,1,1,0.5001248121261597
16,1,1,0.5001248121261597
17,0,1,0.5001248121261597
18,0,1,0.5001248121261597
19,0,1,0.5001248121261597
