,label,pred,score
0,1,1,0.5000521540641785
1,0,1,0.5000521540641785
2,0,1,0.5000521540641785
3,0,1,0.5000521540641785
4,1,1,0.5000521540641785
5,0,1,0.5000521540641785
6,1,1,0.5000521540641785
7,0,1,0.5000521540641785
8,1,1,0.5000521540641785
9,0,1,0.5000521540641785
10,1,1,0.5000521540641785
11,1,1,0.5000521540641785
12,1,1,0.5000521540641785
13,0,1,0.5000521540641785
14,1,1,0.5000521540641785
15,0,1,0.5000521540641785
16,1,1,0.5000521540641785
17,0,1,0.5000521540641785
18,1,1,0.5000521540641785
19,0,1,0.5000521540641785
