,label,pred,score
0,0,1,0.5001869797706604
1,1,1,0.5001869797706604
2,1,1,0.5001869797706604
3,0,1,0.5001869797706604
4,0,1,0.5001869797706604
5,0,1,0.5001869797706604
6,0,1,0.5001869797706604
7,1,1,0.5001869797706604
8,0,1,0.5001869797706604
9,0,1,0.5001869797706604
10,0,1,0.5001869797706604
11,0,1,0.5001869797706604
12,1,1,0.5001869797706604
13,0,1,0.5001869797706604
14,1,1,0.5001869797706604
15,1,1,0.5001869797706604
16,1,1,0.5001869797706604
17,1,1,0.5001869797706604
18,1,1,0.5001869797706604
19,1,1,0.5001869797706604
