,label,pred,score
0,1,0,0.5417003631591797
1,1,0,0.5390117168426514
2,1,1,0.8308322429656982
3,0,1,0.7439899444580078
4,0,0,0.5405880808830261
5,1,0,0.5688567757606506
6,1,0,0.5291897058486938
7,1,0,0.5724222660064697
8,0,1,0.7907485961914062
9,0,0,0.5671390891075134
10,0,1,0.7167696952819824
11,1,1,0.7907485961914062
12,0,1,0.8041957020759583
13,0,0,0.5704492330551147
14,0,0,0.5678734183311462
15,1,1,0.8321191668510437
16,0,0,0.559482216835022
17,0,0,0.5627034902572632
18,0,0,0.5077306628227234
19,0,1,0.7654436826705933
20,1,0,0.5568211078643799
21,1,0,0.5730792284011841
22,0,1,0.7239983677864075
23,0,0,0.5678470730781555
24,1,0,0.5417003631591797
25,1,1,0.7167696952819824
26,1,1,0.7167696952819824
27,0,0,0.5686508417129517
28,1,0,0.5881693363189697
29,1,0,0.5780332088470459
30,0,0,0.5568211078643799
31,1,0,0.5413236618041992
