,label,pred,score
0,1,0,0.5052851438522339
1,0,0,0.5052851438522339
2,1,1,0.5276671648025513
3,0,0,0.5052851438522339
4,1,1,0.6225780844688416
5,0,0,0.5052851438522339
6,0,0,0.5052851438522339
7,0,0,0.5052851438522339
8,0,0,0.5052851438522339
9,0,0,0.5052851438522339
10,0,0,0.5052851438522339
11,0,0,0.5052851438522339
12,0,0,0.5052851438522339
13,0,0,0.5052851438522339
14,0,0,0.5052851438522339
15,1,1,0.5605331063270569
16,0,0,0.5052851438522339
17,1,1,0.5605331063270569
18,1,0,0.5052851438522339
19,1,0,0.5052851438522339
20,0,0,0.5052851438522339
21,0,0,0.5052851438522339
22,0,0,0.5052851438522339
23,1,0,0.5052851438522339
24,0,1,0.588365375995636
25,0,0,0.5052851438522339
26,1,1,0.5605331063270569
27,1,1,0.588365375995636
28,0,0,0.5052851438522339
29,0,0,0.5052851438522339
30,0,0,0.5052851438522339
31,1,1,0.588365375995636
32,1,1,0.5153979063034058
33,1,1,0.55296790599823
34,0,0,0.5052851438522339
35,1,1,0.5100114941596985
36,0,0,0.5052851438522339
37,1,0,0.5052851438522339
38,1,0,0.5052851438522339
39,1,0,0.5052851438522339
40,1,0,0.5052851438522339
41,1,0,0.5052851438522339
42,1,1,0.55296790599823
43,0,1,0.582486629486084
44,0,0,0.5052851438522339
45,1,0,0.5326356887817383
46,0,0,0.5052851438522339
47,1,0,0.5052851438522339
48,0,0,0.5052851438522339
49,0,0,0.5052851438522339
50,1,1,0.542161762714386
51,0,0,0.5052851438522339
52,1,0,0.5052851438522339
53,1,1,0.5172207355499268
54,1,0,0.5052851438522339
55,1,1,0.5650120973587036
56,1,1,0.588365375995636
57,1,0,0.5052851438522339
58,0,0,0.5052851438522339
59,0,1,0.5155507922172546
60,0,1,0.5157129764556885
61,0,0,0.5052851438522339
62,0,0,0.5052851438522339
63,1,1,0.55296790599823
64,1,0,0.5326356887817383
65,1,1,0.5605331063270569
66,1,1,0.5153979063034058
67,0,1,0.588365375995636
68,1,1,0.5568134784698486
69,1,1,0.5248608589172363
70,0,0,0.5052851438522339
71,0,0,0.5052851438522339
72,1,0,0.5052851438522339
73,1,0,0.5052851438522339
74,0,0,0.5052851438522339
75,1,0,0.5052851438522339
76,0,0,0.5326356887817383
77,1,0,0.5052851438522339
