,label,pred,score
0,1,1,0.5000566244125366
1,0,1,0.5000566244125366
2,1,1,0.5000566244125366
3,0,1,0.5000566244125366
4,0,1,0.5000566244125366
5,1,1,0.5000566244125366
6,1,1,0.5000566244125366
7,1,1,0.5000566244125366
8,0,1,0.5000566244125366
9,1,1,0.5000566244125366
10,0,1,0.5000566244125366
11,0,1,0.5000566244125366
12,0,1,0.5000566244125366
13,0,1,0.5000566244125366
14,1,1,0.5000566244125366
15,1,1,0.5000566244125366
16,1,1,0.5000566244125366
17,1,1,0.5000566244125366
18,0,1,0.5000566244125366
19,0,1,0.5000566244125366
