,label,pred,score
0,0,0,0.5000378489494324
1,1,0,0.5000378489494324
2,1,0,0.5000378489494324
3,1,0,0.5000378489494324
4,0,0,0.5000378489494324
5,0,0,0.5000378489494324
6,1,0,0.5000378489494324
7,0,0,0.5000378489494324
8,0,0,0.5000378489494324
9,0,0,0.5000378489494324
10,1,0,0.5000378489494324
11,1,0,0.5000378489494324
12,0,0,0.5000378489494324
13,1,0,0.5000378489494324
14,1,0,0.5000378489494324
15,1,0,0.5000378489494324
16,0,0,0.5000378489494324
17,0,0,0.5000378489494324
18,1,0,0.5000378489494324
19,0,0,0.5000378489494324
