,label,pred,score
0,0,0,0.5457685589790344
1,1,0,0.6119702458381653
2,1,0,0.5856510400772095
3,0,0,0.5457685589790344
4,0,0,0.5457685589790344
5,0,0,0.5457685589790344
6,1,0,0.5042935013771057
7,0,0,0.5457685589790344
8,0,0,0.6112249493598938
9,0,0,0.5457685589790344
10,1,0,0.5457685589790344
11,1,0,0.5863320231437683
12,1,0,0.6395803093910217
13,1,0,0.5457685589790344
14,1,0,0.5457685589790344
15,1,0,0.564677894115448
16,1,0,0.5457685589790344
17,1,0,0.6112249493598938
18,0,0,0.5457685589790344
19,1,0,0.5457685589790344
20,1,0,0.564677894115448
21,1,0,0.5457685589790344
22,0,0,0.5457685589790344
23,1,0,0.6119702458381653
24,1,0,0.5457685589790344
25,1,0,0.5868301391601562
26,0,0,0.5457685589790344
27,1,0,0.5457685589790344
28,1,0,0.5457684993743896
29,1,0,0.564677894115448
30,1,0,0.5457685589790344
31,0,0,0.5457685589790344
32,0,0,0.5457685589790344
33,1,0,0.5042935013771057
34,0,0,0.6147647500038147
35,0,0,0.5457685589790344
36,1,0,0.6112249493598938
37,0,0,0.5457685589790344
38,0,0,0.5783593058586121
39,1,0,0.6446331143379211
40,0,0,0.5457685589790344
41,1,0,0.5457685589790344
42,0,0,0.5457685589790344
43,0,0,0.5457685589790344
44,0,0,0.5457685589790344
45,0,0,0.5457685589790344
46,0,0,0.5457685589790344
47,0,0,0.5457685589790344
48,1,0,0.5457685589790344
49,1,0,0.5836532711982727
50,1,0,0.5836532711982727
51,1,0,0.6119702458381653
52,1,0,0.5457685589790344
53,1,0,0.5457685589790344
54,0,0,0.5457685589790344
55,0,0,0.6112249493598938
56,0,0,0.5457685589790344
57,0,0,0.5457685589790344
58,0,0,0.5042935013771057
59,1,0,0.5457685589790344
60,0,0,0.6099482178688049
61,0,0,0.5457685589790344
62,1,0,0.5816057324409485
63,0,0,0.5457685589790344
64,0,0,0.5457684993743896
65,0,0,0.5457685589790344
66,0,0,0.5457685589790344
67,1,0,0.6379594802856445
68,0,0,0.5457685589790344
69,1,0,0.6112249493598938
70,0,0,0.5457685589790344
71,0,0,0.5457685589790344
72,1,0,0.5457685589790344
73,0,0,0.5457685589790344
74,1,0,0.5457685589790344
75,1,0,0.6088470220565796
76,1,0,0.564677894115448
77,0,0,0.5457685589790344
