,label,pred,score
0,0,1,0.5000185370445251
1,1,1,0.5000185370445251
2,0,1,0.5000185370445251
3,1,1,0.5000185370445251
4,1,1,0.5000185370445251
5,0,1,0.5000185370445251
6,1,1,0.5000185370445251
7,1,1,0.5000185370445251
8,0,1,0.5000185370445251
9,0,1,0.5000185370445251
10,0,1,0.5000185370445251
11,1,1,0.5000185370445251
12,1,1,0.5000185370445251
13,1,1,0.5000185370445251
14,0,1,0.5000185370445251
15,1,1,0.5000185370445251
16,1,1,0.5000185370445251
17,0,1,0.5000185370445251
18,0,1,0.5000185370445251
19,0,1,0.5000185370445251
