,label,pred,score
0,0,1,0.500059962272644
1,1,1,0.500059962272644
2,1,1,0.500059962272644
3,1,1,0.500059962272644
4,0,1,0.500059962272644
5,0,1,0.500059962272644
6,1,1,0.500059962272644
7,1,1,0.500059962272644
8,0,1,0.500059962272644
9,0,1,0.500059962272644
10,0,1,0.500059962272644
11,0,1,0.500059962272644
12,1,1,0.500059962272644
13,1,1,0.500059962272644
14,1,1,0.500059962272644
15,0,1,0.500059962272644
16,0,1,0.500059962272644
17,1,1,0.500059962272644
18,1,1,0.500059962272644
19,0,1,0.500059962272644
