,label,pred,score
0,0,0,0.5391759872436523
1,1,0,0.500869631767273
2,0,0,0.5391759872436523
3,0,0,0.5391759872436523
4,0,0,0.5391759872436523
5,0,0,0.5391759872436523
6,0,0,0.5391759872436523
7,0,0,0.5391759872436523
8,1,1,0.6141427755355835
9,1,1,0.6709567308425903
10,0,1,0.5962226986885071
11,0,0,0.5391759872436523
12,1,0,0.5391759872436523
13,1,1,0.6822661757469177
14,0,0,0.5391759872436523
15,1,0,0.5391759872436523
16,1,1,0.5351903438568115
17,1,0,0.5391760468482971
18,0,0,0.5391759872436523
19,0,1,0.6785430312156677
20,1,1,0.6141427755355835
21,1,0,0.5391759872436523
22,0,0,0.5391759872436523
23,0,0,0.5391759872436523
24,1,1,0.6785430312156677
25,1,1,0.6654625535011292
26,0,1,0.5962226986885071
27,1,0,0.500869631767273
28,1,0,0.500869631767273
29,1,0,0.5391759872436523
30,1,1,0.6534969210624695
31,1,1,0.5962226986885071
32,1,1,0.5994518399238586
33,0,1,0.5978793501853943
34,0,0,0.5391759872436523
35,0,0,0.5391759872436523
36,1,0,0.5391759872436523
37,0,0,0.5391759872436523
38,0,1,0.6202853918075562
39,0,0,0.5391759872436523
40,1,0,0.5391759872436523
41,0,0,0.5391759872436523
42,1,1,0.5596498847007751
43,0,0,0.5391759872436523
44,0,0,0.5391759872436523
45,0,0,0.5391759872436523
46,0,0,0.5391759872436523
47,1,0,0.5391759872436523
48,0,0,0.5391759872436523
49,1,1,0.5459677577018738
50,1,0,0.5391759872436523
51,1,1,0.5962226986885071
52,1,1,0.6141427755355835
53,1,0,0.5391759872436523
54,0,0,0.5391759872436523
55,0,0,0.5391759872436523
56,1,1,0.5437050461769104
57,0,0,0.5391759872436523
58,1,0,0.5391759872436523
59,1,0,0.5391759872436523
60,0,0,0.5391759872436523
61,0,0,0.5391759872436523
62,1,0,0.5391759872436523
63,0,0,0.5391760468482971
64,0,0,0.5391759872436523
65,1,0,0.5391759872436523
66,1,1,0.6785430312156677
67,0,0,0.5391759872436523
68,1,0,0.5391759872436523
69,0,0,0.5391759872436523
70,1,0,0.5391759872436523
71,1,1,0.5962226986885071
72,1,0,0.5008695721626282
73,1,1,0.5596498847007751
74,0,0,0.5391759872436523
75,0,0,0.5391759872436523
76,0,1,0.5539510846138
77,1,0,0.5391759872436523
