,label,pred,score
0,0,0,0.5704595446586609
1,0,0,0.5704595446586609
2,0,0,0.5704595446586609
3,1,0,0.5704595446586609
4,0,0,0.5704595446586609
5,0,0,0.5704595446586609
6,1,0,0.5704595446586609
7,1,0,0.5704595446586609
8,0,0,0.5704595446586609
9,0,0,0.5704595446586609
10,0,1,0.5054691433906555
11,0,0,0.5454847812652588
12,1,0,0.5704595446586609
13,0,0,0.5704595446586609
14,1,0,0.514778733253479
15,1,1,0.5054691433906555
16,0,0,0.5704595446586609
17,0,0,0.5704595446586609
18,1,0,0.5807545185089111
19,0,0,0.5704595446586609
20,0,0,0.5704595446586609
21,0,0,0.5704595446586609
22,1,0,0.5727592706680298
23,0,0,0.5704595446586609
24,0,0,0.5704595446586609
25,1,0,0.5582784414291382
26,1,0,0.538930356502533
27,1,0,0.5460087060928345
28,0,0,0.5704595446586609
29,0,0,0.5704595446586609
30,0,0,0.5704595446586609
31,0,0,0.5704595446586609
32,0,0,0.5811834931373596
33,0,0,0.5704595446586609
34,1,0,0.5704595446586609
35,1,0,0.5807545185089111
36,1,0,0.5704595446586609
37,1,0,0.5038533210754395
38,0,0,0.5704595446586609
39,1,0,0.5704595446586609
40,0,0,0.5704595446586609
41,1,0,0.5704595446586609
42,0,0,0.5628401041030884
43,1,0,0.514778733253479
44,1,0,0.5704595446586609
45,1,0,0.5807545185089111
46,1,1,0.5054691433906555
47,0,0,0.5704595446586609
48,0,0,0.514778733253479
49,1,0,0.5694408416748047
50,0,0,0.5704595446586609
51,1,0,0.5038533210754395
52,0,0,0.5704595446586609
53,1,0,0.5485257506370544
54,1,0,0.5807545185089111
55,0,0,0.5704595446586609
56,1,0,0.5704595446586609
57,1,0,0.5704595446586609
58,0,0,0.5704595446586609
59,0,0,0.5704595446586609
60,0,0,0.5704595446586609
61,1,0,0.5704595446586609
62,0,0,0.5704595446586609
63,1,0,0.5704595446586609
64,1,0,0.5704595446586609
65,1,1,0.527214527130127
66,0,0,0.5704595446586609
67,1,1,0.5313941240310669
68,1,0,0.5582784414291382
69,1,0,0.5704595446586609
70,1,0,0.514778733253479
71,1,0,0.5038533210754395
72,0,0,0.5704595446586609
73,0,0,0.514778733253479
74,0,0,0.5704595446586609
75,1,0,0.5704595446586609
76,1,0,0.5661594271659851
77,1,0,0.5704595446586609
