,label,pred,score
0,1,0,0.8020952343940735
1,0,1,0.5988519191741943
2,1,0,0.7803142070770264
3,1,0,0.8092517852783203
4,1,1,0.5322123169898987
5,0,0,0.8072991371154785
6,1,0,0.7740898132324219
7,0,0,0.511849582195282
8,0,0,0.5069140195846558
9,1,0,0.6072726249694824
10,0,1,0.5182487368583679
11,0,0,0.7687517404556274
12,0,0,0.801191508769989
13,1,0,0.58548504114151
14,1,0,0.6572622060775757
15,1,1,0.6078624725341797
16,0,0,0.7058991193771362
17,1,1,0.5747599601745605
18,0,1,0.6082322597503662
19,1,1,0.580223023891449
20,0,0,0.7490478754043579
21,0,1,0.5503511428833008
22,1,1,0.5207914113998413
23,1,0,0.8109427094459534
24,0,0,0.6350197196006775
25,1,0,0.5020960569381714
26,0,0,0.5495679378509521
27,1,0,0.523834228515625
28,0,0,0.6608996987342834
29,0,0,0.7678000330924988
30,1,0,0.798716127872467
31,0,0,0.5472672581672668
