,label,pred,score
0,1,0,0.5000123381614685
1,0,0,0.5000123381614685
2,1,0,0.5000123381614685
3,1,0,0.5000123381614685
4,1,0,0.5000123381614685
5,0,0,0.5000123381614685
6,0,0,0.5000123381614685
7,0,0,0.5000123381614685
8,0,0,0.5000123381614685
9,0,0,0.5000123381614685
10,1,0,0.5000123381614685
11,0,0,0.5000123381614685
12,1,0,0.5000123381614685
13,0,0,0.5000123381614685
14,1,0,0.5000123381614685
15,0,0,0.5000123381614685
16,1,0,0.5000123381614685
17,0,0,0.5000123381614685
18,1,0,0.5000123381614685
19,1,0,0.5000123381614685
