,label,pred,score
0,0,0,0.509599506855011
1,0,1,0.5043726563453674
2,0,1,0.5043726563453674
3,0,1,0.5043726563453674
4,0,0,0.5013813972473145
5,0,1,0.5043726563453674
6,0,1,0.5043726563453674
7,0,1,0.5043726563453674
8,1,0,0.515515148639679
9,1,1,0.5043726563453674
10,0,1,0.5043726563453674
11,0,1,0.5043726563453674
12,1,1,0.5043726563453674
13,1,0,0.5137375593185425
14,1,0,0.5195974707603455
15,1,0,0.5088603496551514
16,0,0,0.5058087706565857
17,1,0,0.515515148639679
18,0,1,0.5043726563453674
19,1,0,0.5143084526062012
20,1,1,0.5043726563453674
21,1,1,0.5043726563453674
22,0,1,0.5043726563453674
23,0,0,0.5070133209228516
24,0,1,0.5043726563453674
25,1,1,0.5043726563453674
26,0,1,0.5043726563453674
27,0,1,0.5043726563453674
28,1,0,0.5453472137451172
29,1,1,0.5043726563453674
30,1,1,0.5043726563453674
31,0,1,0.5043726563453674
32,1,1,0.5043726563453674
33,0,1,0.5043726563453674
34,0,0,0.5128522515296936
35,0,0,0.5058087706565857
36,1,1,0.5043726563453674
37,0,1,0.5043726563453674
38,0,1,0.5043726563453674
39,1,0,0.509595513343811
40,0,0,0.5167107582092285
41,1,1,0.5043726563453674
42,1,0,0.5453472137451172
43,1,1,0.5043726563453674
44,0,1,0.5043726563453674
45,1,1,0.5043726563453674
46,0,0,0.5167107582092285
47,0,1,0.5043726563453674
48,0,1,0.5046294927597046
49,0,1,0.5043726563453674
50,1,1,0.5043726563453674
51,1,1,0.5043726563453674
52,1,0,0.5058087706565857
53,1,0,0.5143084526062012
54,1,1,0.5043726563453674
55,0,1,0.5043726563453674
56,1,1,0.5043726563453674
57,1,1,0.5043726563453674
58,0,1,0.5043726563453674
59,1,1,0.5043726563453674
60,1,1,0.5043726563453674
61,1,1,0.5043726563453674
