,label,pred,score
0,1,0,0.5001686215400696
1,0,0,0.5001686215400696
2,1,0,0.5001686215400696
3,0,0,0.5001686215400696
4,1,0,0.5001686215400696
5,1,0,0.5001686215400696
6,0,0,0.5001686215400696
7,0,0,0.5001686215400696
8,1,0,0.5001686215400696
9,0,0,0.5001686215400696
10,0,0,0.5001685619354248
11,1,0,0.5001685619354248
12,0,0,0.5001685619354248
13,0,0,0.5001685619354248
14,1,0,0.5001685619354248
15,1,0,0.5001685619354248
16,0,0,0.5001685619354248
17,1,0,0.5001685619354248
18,1,0,0.5001685619354248
19,0,0,0.5001685619354248
