,label,pred,score
0,1,0,0.5337331295013428
1,1,1,0.5371373295783997
2,1,0,0.5337331295013428
3,0,0,0.5337331295013428
4,0,1,0.5301825404167175
5,0,0,0.5337331295013428
6,0,0,0.5337331295013428
7,1,0,0.5337331295013428
8,1,1,0.5371373295783997
9,1,0,0.5337331295013428
10,1,1,0.5812978148460388
11,0,1,0.5505458116531372
12,1,1,0.5375156998634338
13,0,0,0.5337331295013428
14,0,1,0.5601273775100708
15,0,1,0.5388259887695312
16,1,0,0.5337331295013428
17,1,0,0.5337331295013428
18,0,0,0.5337331295013428
19,0,0,0.5337331295013428
20,0,0,0.5337331295013428
21,1,0,0.5337331295013428
22,1,0,0.5337331295013428
23,1,0,0.5337331295013428
24,0,0,0.5337331295013428
25,0,1,0.5375156998634338
26,0,1,0.5371373295783997
27,1,0,0.5337331295013428
28,1,1,0.5574207305908203
29,1,0,0.5337331295013428
30,0,0,0.5337331295013428
31,0,0,0.5337331295013428
