,label,pred,score
0,1,0,0.5362502336502075
1,0,1,0.5324550867080688
2,1,0,0.5362502336502075
3,1,1,0.5119024515151978
4,1,0,0.5362502336502075
5,0,0,0.5362502336502075
6,0,0,0.5362502336502075
7,1,0,0.5362502336502075
8,0,1,0.5119024515151978
9,1,0,0.5362502336502075
10,0,0,0.5362502336502075
11,0,0,0.5362502336502075
12,0,0,0.5362502336502075
13,1,0,0.5362502336502075
14,0,1,0.5188950300216675
15,1,1,0.5419814586639404
16,1,0,0.5362502336502075
17,0,0,0.5362502336502075
18,1,0,0.5362502336502075
19,0,0,0.5362502336502075
20,0,1,0.5133203864097595
21,0,0,0.5362502336502075
22,0,1,0.5206477642059326
23,1,0,0.5362502336502075
24,1,0,0.5362502336502075
25,1,1,0.5188950300216675
26,1,1,0.5306148529052734
27,0,0,0.5362502336502075
28,0,1,0.5274562835693359
29,1,1,0.5188950300216675
30,0,0,0.5362502336502075
31,1,0,0.5362502336502075
