,label,pred,score
0,1,0,0.5000189542770386
1,0,0,0.5000189542770386
2,0,0,0.5000189542770386
3,1,0,0.5000189542770386
4,0,0,0.5000189542770386
5,1,0,0.5000189542770386
6,0,0,0.5000189542770386
7,1,0,0.5000189542770386
8,0,0,0.5000189542770386
9,1,0,0.5000189542770386
10,0,0,0.5000189542770386
11,0,0,0.5000189542770386
12,0,0,0.5000189542770386
13,1,0,0.5000189542770386
14,1,0,0.5000189542770386
15,1,0,0.5000189542770386
16,0,0,0.5000189542770386
17,1,0,0.5000189542770386
18,1,0,0.5000189542770386
19,0,0,0.5000189542770386
