,label,pred,score
0,1,0,0.5420169830322266
1,0,0,0.5420169830322266
2,0,0,0.5420169830322266
3,0,0,0.512361466884613
4,1,0,0.512361466884613
5,1,0,0.5121809244155884
6,0,0,0.5107243657112122
7,1,0,0.5420169830322266
8,0,0,0.5420169830322266
9,0,0,0.5420169830322266
10,1,0,0.5121809244155884
11,0,0,0.5420169830322266
12,0,0,0.5121809244155884
13,1,0,0.5420169830322266
14,1,0,0.5420169830322266
15,0,0,0.5420169830322266
16,0,0,0.5015698075294495
17,0,0,0.5152907371520996
18,1,0,0.50809645652771
19,1,0,0.5420169830322266
20,1,0,0.5420169830322266
21,1,0,0.5420169830322266
22,0,0,0.5420169830322266
23,0,0,0.5420169830322266
24,1,0,0.5420169830322266
25,0,0,0.5420169830322266
26,1,0,0.5420169830322266
27,1,0,0.5420169830322266
28,0,0,0.5114181637763977
29,0,0,0.5420169830322266
30,1,0,0.5420169830322266
31,1,0,0.5019140243530273
