,label,pred,score
0,0,0,0.5161439180374146
1,0,0,0.5161439180374146
2,0,0,0.5161439180374146
3,0,0,0.5161439180374146
4,1,1,0.6132359504699707
5,0,0,0.5161439180374146
6,0,0,0.5161439180374146
7,1,0,0.5161439180374146
8,0,0,0.5161439180374146
9,1,1,0.833192765712738
10,0,0,0.5161439180374146
11,0,0,0.5161439180374146
12,0,0,0.5161439180374146
13,1,0,0.5161439180374146
14,0,0,0.5161439180374146
15,1,1,0.5772794485092163
16,1,0,0.5161439180374146
17,1,1,0.6132359504699707
18,1,1,0.55547034740448
19,0,1,0.5729963779449463
20,0,1,0.5450869798660278
21,1,1,0.6132359504699707
22,1,0,0.5161439180374146
23,1,0,0.5161439180374146
24,1,0,0.5161439180374146
25,0,0,0.5161439180374146
26,1,0,0.5161439180374146
27,0,1,0.8573789596557617
28,0,0,0.5161439180374146
29,0,0,0.5161439180374146
30,1,1,0.6637098789215088
31,1,0,0.5161439180374146
32,1,1,0.7325862050056458
33,0,0,0.5161439180374146
34,1,1,0.55547034740448
35,1,0,0.5161439180374146
36,0,0,0.5161439180374146
37,0,0,0.5161439180374146
38,0,0,0.5161439180374146
39,1,0,0.5161439180374146
40,0,0,0.5161439180374146
41,0,0,0.5161439180374146
42,1,1,0.6490272283554077
43,1,0,0.5302819609642029
44,0,0,0.5161439180374146
45,0,0,0.5161439180374146
46,0,0,0.5161439180374146
47,0,0,0.5161439180374146
48,1,1,0.5384150147438049
49,0,0,0.5161439180374146
50,1,0,0.5161439180374146
51,0,1,0.6637099385261536
52,1,1,0.8573789596557617
53,1,1,0.6637099385261536
54,0,0,0.5161439180374146
55,0,0,0.5161439180374146
56,0,1,0.6637099385261536
57,1,0,0.5161439180374146
58,0,0,0.5161439180374146
59,1,1,0.6132359504699707
60,0,1,0.6915262937545776
61,1,1,0.8163796067237854
62,1,1,0.5767698884010315
63,1,1,0.6490272283554077
64,1,0,0.5161440372467041
65,0,0,0.5161440372467041
66,1,1,0.6637099385261536
67,1,0,0.5161439180374146
68,0,0,0.5161439180374146
69,0,0,0.5161439180374146
70,0,0,0.5161439180374146
71,1,1,0.6490272283554077
72,1,1,0.8573789596557617
73,1,0,0.5161439180374146
74,0,0,0.5161439180374146
75,1,0,0.5161439180374146
76,1,1,0.6632159948348999
77,1,0,0.5161439180374146
