,label,pred,score
0,1,0,0.5001288056373596
1,1,0,0.5001288056373596
2,0,0,0.5001288056373596
3,0,0,0.5001288056373596
4,0,0,0.5001288056373596
5,1,0,0.5001288056373596
6,0,0,0.5001288056373596
7,1,0,0.5001288056373596
8,0,0,0.5001288056373596
9,0,0,0.5001288056373596
10,1,0,0.5001288056373596
11,1,0,0.5001288056373596
12,1,0,0.5001288056373596
13,0,0,0.5001288056373596
14,0,0,0.5001288056373596
15,0,0,0.5001288056373596
16,1,0,0.5001288056373596
17,0,0,0.5001288056373596
18,1,0,0.5001288056373596
19,1,0,0.5001288056373596
