,label,pred,score
0,1,0,0.5156673789024353
1,1,0,0.6346814036369324
2,0,0,0.5156673789024353
3,0,0,0.5156673789024353
4,1,0,0.5156673789024353
5,0,0,0.6112115383148193
6,1,0,0.648327648639679
7,1,0,0.5156673789024353
8,0,0,0.5156673789024353
9,0,0,0.5156673789024353
10,1,0,0.5156673789024353
11,1,0,0.5156673789024353
12,1,0,0.5156673789024353
13,0,0,0.5156673789024353
14,0,0,0.5156673789024353
15,0,0,0.5156673789024353
16,1,0,0.5156673789024353
17,0,0,0.5156673789024353
18,1,0,0.5156673789024353
19,0,0,0.5156673789024353
20,0,0,0.6470866203308105
21,1,0,0.5156673789024353
22,1,0,0.5156673789024353
23,1,0,0.5156673789024353
24,0,0,0.5156673789024353
25,1,0,0.5156673789024353
26,1,0,0.5156673789024353
27,1,0,0.5156673789024353
28,0,0,0.5156673789024353
29,0,0,0.5156673789024353
30,0,0,0.6482182145118713
31,1,0,0.621013879776001
32,0,0,0.6346814036369324
33,0,0,0.5156673789024353
34,0,0,0.5156673789024353
35,0,0,0.5156673789024353
36,0,0,0.5156673789024353
37,0,0,0.5156673789024353
38,1,0,0.5156669616699219
39,1,0,0.5156673789024353
40,0,0,0.6736047267913818
41,0,0,0.5156673789024353
42,1,0,0.6644469499588013
43,0,0,0.5156673789024353
44,1,0,0.621013879776001
45,1,0,0.5156673789024353
46,0,0,0.5156673789024353
47,1,0,0.6601017713546753
48,1,0,0.63386470079422
49,0,0,0.65730220079422
50,0,0,0.5156673789024353
51,1,0,0.6209164261817932
52,1,0,0.6644469499588013
53,1,0,0.5156673789024353
54,0,0,0.6237130761146545
55,0,0,0.6736047267913818
56,0,0,0.6346814036369324
57,1,0,0.5156673789024353
58,0,0,0.5156673789024353
59,1,0,0.5156673789024353
60,1,0,0.6238529682159424
61,1,0,0.6209164261817932
