,label,pred,score
0,1,0,0.5001607537269592
1,0,0,0.5001607537269592
2,1,0,0.5001607537269592
3,0,0,0.5001607537269592
4,1,0,0.5001607537269592
5,1,0,0.5001607537269592
6,0,0,0.5001607537269592
7,0,0,0.5001607537269592
8,1,0,0.5001607537269592
9,0,0,0.5001607537269592
10,1,0,0.5001607537269592
11,0,0,0.5001607537269592
12,1,0,0.5001607537269592
13,0,0,0.5001607537269592
14,0,0,0.5001607537269592
15,0,0,0.5001607537269592
16,1,0,0.5001607537269592
17,0,0,0.5001607537269592
18,1,0,0.5001607537269592
19,1,0,0.5001607537269592
