,label,pred,score
0,0,1,0.6186756491661072
1,1,1,0.6850769519805908
2,1,0,0.631140947341919
3,0,1,0.6755314469337463
4,0,0,0.8004282116889954
5,1,0,0.7047036290168762
6,0,0,0.7046926021575928
7,1,1,0.5183755159378052
8,0,0,0.7234494686126709
9,0,0,0.8290049433708191
10,1,0,0.7086141109466553
11,1,1,0.5978212952613831
12,0,1,0.6469300985336304
13,0,0,0.820109486579895
14,1,1,0.6364566683769226
15,1,1,0.7173106074333191
16,0,1,0.6093394756317139
17,0,1,0.8281267881393433
18,1,1,0.6559783816337585
19,1,1,0.8416460752487183
20,1,0,0.5911687016487122
21,0,0,0.6673842668533325
22,0,1,0.7912240624427795
23,0,1,0.5892572999000549
24,1,0,0.6579627990722656
25,1,0,0.585709273815155
26,1,1,0.5651351809501648
27,0,0,0.6370176672935486
28,0,0,0.545656681060791
29,0,0,0.7047046422958374
30,1,1,0.893176257610321
31,0,0,0.6611289978027344
32,0,0,0.565077006816864
33,0,0,0.5322822332382202
34,1,0,0.7752323746681213
35,1,0,0.556167721748352
36,1,1,0.5105476975440979
37,1,0,0.5910165905952454
38,0,1,0.5562177300453186
39,1,0,0.7041459679603577
40,1,0,0.5987265706062317
41,1,1,0.5905265808105469
42,0,1,0.5140529274940491
43,1,0,0.5987273454666138
44,0,1,0.5634261965751648
45,0,1,0.5051468014717102
46,1,1,0.7770597338676453
47,1,1,0.5066335797309875
48,0,0,0.8352598547935486
49,1,0,0.6721143126487732
50,0,0,0.6473806500434875
51,0,0,0.5456536412239075
52,0,0,0.7767860889434814
53,1,1,0.564737856388092
54,1,1,0.5837198495864868
55,0,0,0.5515652894973755
56,1,0,0.7299912571907043
57,0,1,0.8526264429092407
58,1,0,0.6145481467247009
59,0,1,0.6293906569480896
60,1,0,0.838665783405304
61,0,1,0.8529272675514221
