,label,pred,score
0,0,0,0.6343377828598022
1,1,0,0.6418761610984802
2,1,0,0.5824686884880066
3,1,0,0.5824686884880066
4,0,0,0.5824686884880066
5,1,0,0.5824686884880066
6,1,0,0.6448640823364258
7,1,0,0.5824686884880066
8,1,0,0.5824686884880066
9,1,0,0.5824686884880066
10,0,0,0.6968596577644348
11,0,0,0.5824686884880066
12,1,0,0.6922389268875122
13,0,0,0.5824686884880066
14,0,0,0.5824686884880066
15,0,0,0.5824686884880066
16,0,0,0.5824686884880066
17,1,0,0.5824686884880066
18,1,0,0.6821255683898926
19,1,0,0.574834406375885
20,1,0,0.6480025053024292
21,0,0,0.672371506690979
22,0,0,0.5824686884880066
23,1,0,0.5824686288833618
24,0,0,0.5824686884880066
25,1,0,0.5824686884880066
26,0,0,0.5824686884880066
27,1,0,0.6448640823364258
28,0,0,0.5824686884880066
29,0,0,0.5824686884880066
30,0,0,0.5824686884880066
31,0,0,0.5824686884880066
32,0,0,0.5824686884880066
33,1,0,0.5824686884880066
34,0,0,0.574834406375885
35,1,0,0.6529247164726257
36,0,0,0.5824686884880066
37,0,0,0.5824686884880066
38,1,0,0.7306314706802368
39,1,0,0.6626836657524109
40,0,0,0.5824686884880066
41,1,0,0.648002564907074
42,1,0,0.5824686884880066
43,1,0,0.5824686884880066
44,1,0,0.6345878839492798
45,1,0,0.5488107204437256
46,1,0,0.5824686884880066
47,1,1,0.6225824952125549
48,0,0,0.5824686884880066
49,0,0,0.5824686884880066
50,1,0,0.5824686884880066
51,0,0,0.5824686884880066
52,0,0,0.5824686884880066
53,0,0,0.5824686884880066
54,0,0,0.5824686884880066
55,1,0,0.648002564907074
56,0,0,0.5824686884880066
57,0,0,0.5824686884880066
58,0,0,0.5824686884880066
59,1,0,0.574834406375885
60,1,1,0.6225824952125549
61,0,0,0.5824686884880066
62,0,0,0.5824686288833618
63,0,0,0.5824686884880066
64,1,0,0.6217040419578552
65,0,0,0.5824686884880066
66,1,0,0.648002564907074
67,1,0,0.574834406375885
68,1,0,0.5824686884880066
69,0,1,0.6225824952125549
70,0,0,0.5824686884880066
71,0,0,0.5824686884880066
72,0,0,0.574834406375885
73,1,0,0.6821255683898926
74,1,0,0.5824686884880066
75,1,0,0.5824686884880066
76,1,0,0.6821255683898926
77,0,0,0.5824686884880066
