,label,pred,score
0,0,0,0.5774195790290833
1,0,0,0.6578850746154785
2,1,0,0.5461149215698242
3,1,0,0.5664337277412415
4,0,0,0.5352373719215393
5,1,0,0.5742363929748535
6,0,1,0.5606099963188171
7,0,1,0.5276452898979187
8,0,0,0.5344905257225037
9,0,0,0.5554142594337463
10,0,1,0.523169219493866
11,0,0,0.5358338356018066
12,1,0,0.5267037153244019
13,1,0,0.5652645230293274
14,1,0,0.5774195790290833
15,1,0,0.5698754191398621
16,1,1,0.5215346217155457
17,0,0,0.5346772074699402
18,1,1,0.5222308039665222
19,0,0,0.5660014748573303
20,1,1,0.5222308039665222
21,0,0,0.561257541179657
22,0,1,0.5215346217155457
23,0,1,0.5652676224708557
24,1,0,0.5298253297805786
25,1,1,0.5721970796585083
26,1,1,0.5438398718833923
27,1,1,0.5995833873748779
28,0,0,0.5352373719215393
29,0,1,0.5222308039665222
30,1,0,0.5438250303268433
31,1,1,0.5995833873748779
