,label,pred,score
0,0,0,0.5571176409721375
1,0,1,0.5479975938796997
2,1,0,0.5553327202796936
3,0,0,0.5566803812980652
4,1,0,0.5570937991142273
5,1,0,0.5539686679840088
6,0,0,0.5572260022163391
7,0,1,0.505831778049469
8,0,0,0.5554744005203247
9,1,0,0.5565367937088013
10,1,0,0.5004462599754333
11,1,0,0.5565289258956909
12,0,0,0.5004462599754333
13,1,0,0.5571090579032898
14,1,0,0.5369402170181274
15,0,0,0.5416513681411743
16,0,0,0.5566611289978027
17,1,0,0.5369402170181274
18,1,0,0.5004462599754333
19,1,0,0.5554744005203247
20,1,1,0.5572429299354553
21,1,0,0.5562716126441956
22,1,1,0.5598148107528687
23,0,1,0.5458638668060303
24,1,1,0.5479975938796997
25,0,1,0.5242263674736023
26,0,0,0.5498172044754028
27,0,1,0.527295708656311
28,0,0,0.5566805601119995
29,0,0,0.5571625232696533
30,0,0,0.5564896464347839
31,1,0,0.5565717816352844
