,label,pred,score
0,1,1,0.5449376106262207
1,0,1,0.500078022480011
2,1,1,0.5318460464477539
3,0,1,0.6293507814407349
4,0,0,0.514887273311615
5,1,0,0.510109543800354
6,1,1,0.7915340065956116
7,1,0,0.5241699814796448
8,0,0,0.5209349393844604
9,0,0,0.5889852046966553
10,1,1,0.5361262559890747
11,1,0,0.5555932521820068
12,0,1,0.7462084293365479
13,0,1,0.6203040480613708
14,1,1,0.5423445105552673
15,1,1,0.6988279223442078
16,0,0,0.5275821089744568
17,0,1,0.6790012717247009
18,0,0,0.5208346843719482
19,1,1,0.7896197438240051
