,label,pred,score
0,1,1,0.5202875137329102
1,0,1,0.5112367272377014
2,0,1,0.5043144822120667
3,1,1,0.5202875137329102
4,1,1,0.5164362192153931
5,0,1,0.5202875137329102
6,1,1,0.5202875137329102
7,1,1,0.5202875137329102
8,0,1,0.5001469850540161
9,1,1,0.5202875137329102
10,1,0,0.5128602981567383
11,0,1,0.5202875137329102
12,0,1,0.5202875137329102
13,1,1,0.5113353133201599
14,1,1,0.5202875137329102
15,1,1,0.5202875137329102
16,0,1,0.5202875137329102
17,1,1,0.5111265182495117
18,0,1,0.5202875137329102
19,0,1,0.5202875137329102
20,1,1,0.5202875137329102
21,0,1,0.5202875137329102
22,0,1,0.5202875137329102
23,1,1,0.5202875137329102
24,1,1,0.5202875137329102
25,0,1,0.5202875137329102
26,0,1,0.5202875137329102
27,0,1,0.5202875137329102
28,0,1,0.5113353133201599
29,0,1,0.5202875137329102
30,1,1,0.5202875137329102
31,0,1,0.5001469850540161
32,0,1,0.5113353133201599
33,0,1,0.5202875137329102
34,1,1,0.5202875137329102
35,0,1,0.5202875137329102
36,0,1,0.5180610418319702
37,0,1,0.5202875137329102
38,0,1,0.5202875137329102
39,0,1,0.5202875137329102
40,0,1,0.503006100654602
41,1,1,0.5163173675537109
42,1,1,0.5202875137329102
43,1,1,0.5101447105407715
44,1,1,0.5202875137329102
45,1,1,0.5116124153137207
46,1,1,0.5481346845626831
47,0,1,0.5141241550445557
48,1,1,0.5202875137329102
49,0,1,0.5202875137329102
50,0,1,0.5202875137329102
51,1,1,0.5202873945236206
52,1,1,0.5202875137329102
53,0,1,0.5202875137329102
54,0,1,0.5202875137329102
55,1,1,0.5202875137329102
56,1,1,0.5202875137329102
57,1,1,0.5164362192153931
58,0,1,0.5202875137329102
59,1,0,0.5128602981567383
60,1,1,0.5481346845626831
61,1,1,0.5202875137329102
