,label,pred,score
0,1,1,0.6368028521537781
1,0,0,0.5243809223175049
2,0,0,0.5243809223175049
3,1,0,0.5243809223175049
4,0,0,0.5243809223175049
5,1,0,0.5243809223175049
6,0,0,0.5243809223175049
7,0,0,0.5243809223175049
8,0,0,0.5243809223175049
9,1,1,0.6420897841453552
10,0,0,0.5873364210128784
11,0,0,0.5243809223175049
12,0,1,0.7298647165298462
13,1,0,0.5243809223175049
14,0,0,0.5243809223175049
15,1,0,0.5243809223175049
16,0,0,0.5243809223175049
17,0,1,0.6420897841453552
18,0,0,0.5243809223175049
19,1,1,0.555305004119873
20,0,0,0.5243809223175049
21,1,1,0.6420897841453552
22,0,0,0.5243809223175049
23,1,1,0.5966073870658875
24,0,0,0.5243809223175049
25,0,0,0.5243809223175049
26,1,0,0.5243809223175049
27,0,0,0.5243809223175049
28,1,1,0.6229614019393921
29,0,0,0.5243809223175049
30,0,0,0.5243809223175049
31,0,0,0.5243809223175049
32,0,1,0.7256344556808472
33,0,0,0.5243809223175049
34,1,0,0.5243809223175049
35,1,0,0.5243809223175049
36,1,1,0.6229614019393921
37,1,0,0.5243809223175049
38,0,0,0.5243809223175049
39,1,0,0.5873364210128784
40,1,0,0.5243809223175049
41,1,0,0.5243809223175049
42,0,1,0.6030482649803162
43,1,1,0.611321210861206
44,1,1,0.774665892124176
45,1,0,0.5243809223175049
46,0,0,0.5243809223175049
47,1,0,0.5243809223175049
48,0,0,0.5243809223175049
49,1,0,0.5243809223175049
50,0,0,0.5243809223175049
51,1,1,0.6229614019393921
52,0,0,0.5243809223175049
53,1,1,0.6420897841453552
54,1,1,0.7089462280273438
55,0,0,0.5243809223175049
56,0,0,0.5243809223175049
57,1,0,0.5243809223175049
58,1,1,0.5844743251800537
59,1,1,0.555305004119873
60,1,1,0.555305004119873
61,1,0,0.5873364210128784
62,0,0,0.5243809223175049
63,1,1,0.8347275853157043
64,0,0,0.5243809223175049
65,0,0,0.5243809223175049
66,1,0,0.5243809223175049
67,0,0,0.5243809223175049
68,1,1,0.5850141644477844
69,0,0,0.5243809223175049
70,1,1,0.555305004119873
71,1,1,0.611321210861206
72,1,0,0.5243809223175049
73,0,1,0.6420897841453552
74,0,0,0.5243809223175049
75,0,0,0.5243809223175049
76,1,1,0.6880317330360413
77,1,0,0.5243809223175049
