,label,pred,score
0,0,1,0.5261344909667969
1,1,1,0.5396222472190857
2,0,1,0.5261344909667969
3,1,1,0.5261344909667969
4,1,1,0.5261344909667969
5,0,1,0.5261344909667969
6,0,1,0.5155261754989624
7,0,1,0.5261344909667969
8,0,1,0.5567315816879272
9,1,1,0.5261344909667969
10,0,1,0.567643404006958
11,1,1,0.5396222472190857
12,0,1,0.5261344909667969
13,0,1,0.5261344909667969
14,0,1,0.5261344909667969
15,1,1,0.5261344909667969
16,0,1,0.5261344909667969
17,1,1,0.5261344909667969
18,0,1,0.5261344909667969
19,1,1,0.5261344909667969
20,1,1,0.5235368013381958
21,0,1,0.5235368013381958
22,1,1,0.5194064974784851
23,1,1,0.5200475454330444
24,1,1,0.5261344909667969
25,0,1,0.5137929320335388
26,1,1,0.5261344909667969
27,1,1,0.5321224927902222
28,1,1,0.5321224927902222
29,0,1,0.5261344909667969
30,0,1,0.5261344909667969
31,0,1,0.5261344909667969
32,1,1,0.5261344909667969
33,1,1,0.5261344909667969
34,1,1,0.5261344909667969
35,1,1,0.5261344909667969
36,0,1,0.5261344909667969
37,1,1,0.535519540309906
38,1,1,0.5261344909667969
39,1,1,0.5261344909667969
40,0,1,0.5261344909667969
41,0,1,0.5261344909667969
42,0,1,0.5261344909667969
43,1,1,0.5194064974784851
44,0,1,0.5230886340141296
45,0,1,0.5230886340141296
46,1,1,0.5261344909667969
47,0,1,0.5261344909667969
48,0,1,0.5261344909667969
49,0,1,0.5235368013381958
50,0,1,0.5202690362930298
51,1,1,0.5261344909667969
52,1,1,0.5129649639129639
53,1,1,0.5261344909667969
54,0,1,0.5261344909667969
55,1,1,0.5261344909667969
56,1,1,0.5261344909667969
57,1,1,0.5266718864440918
58,0,1,0.5261344909667969
59,0,1,0.5261344909667969
60,0,1,0.5261344909667969
61,1,1,0.5261344909667969
