,label,pred,score
0,1,1,0.5001614093780518
1,0,1,0.5001614093780518
2,1,1,0.5001614093780518
3,1,1,0.5001614093780518
4,0,1,0.5001614093780518
5,1,1,0.5001614093780518
6,0,1,0.5001614093780518
7,0,1,0.5001614093780518
8,1,1,0.5001614093780518
9,0,1,0.5001614093780518
10,0,1,0.5001614093780518
11,1,1,0.5001614093780518
12,0,1,0.5001614093780518
13,1,1,0.5001614093780518
14,1,1,0.5001614093780518
15,0,1,0.5001614093780518
16,1,1,0.5001614093780518
17,0,1,0.5001614093780518
18,1,1,0.5001614093780518
19,0,1,0.5001614093780518
