,label,pred,score
0,0,0,0.5000672340393066
1,1,0,0.5000672340393066
2,1,0,0.5000672340393066
3,0,0,0.5000672340393066
4,1,0,0.5000672340393066
5,0,0,0.5000672340393066
6,0,0,0.5000672340393066
7,0,0,0.5000672340393066
8,1,0,0.5000672340393066
9,1,0,0.5000672340393066
10,1,0,0.5000672340393066
11,1,0,0.5000672340393066
12,1,0,0.5000672340393066
13,0,0,0.5000672340393066
14,0,0,0.5000672340393066
15,1,0,0.5000672340393066
16,0,0,0.5000672340393066
17,1,0,0.5000672340393066
18,0,0,0.5000672340393066
19,0,0,0.5000672340393066
