,label,pred,score
0,0,0,0.6400324106216431
1,1,0,0.6400324106216431
2,1,0,0.6393046975135803
3,1,1,0.7823200225830078
4,0,1,0.7969123125076294
5,0,0,0.6400324106216431
6,1,0,0.6400324106216431
7,1,0,0.6400324106216431
8,0,1,0.7919344305992126
9,0,0,0.6400324106216431
10,0,0,0.6400324106216431
11,0,0,0.6400324106216431
12,1,0,0.6400324106216431
13,0,0,0.6401647925376892
14,0,1,0.8130630254745483
15,0,0,0.6400334239006042
16,1,1,0.7998465299606323
17,1,1,0.7904918789863586
18,0,1,0.7865752577781677
19,1,0,0.6400324106216431
20,1,1,0.7904918789863586
21,1,0,0.6400324106216431
22,0,1,0.8041649460792542
23,1,0,0.6393047571182251
24,0,0,0.6400324106216431
25,1,0,0.6400324106216431
26,0,0,0.6400324106216431
27,1,0,0.6400324106216431
28,0,1,0.7904918789863586
29,1,1,0.7969123125076294
30,1,0,0.6400324106216431
31,0,0,0.6400324106216431
