,label,pred,score
0,1,0,0.6756057739257812
1,1,0,0.6756057739257812
2,1,1,0.8240036964416504
3,0,0,0.6756057739257812
4,1,0,0.6756057739257812
5,0,0,0.6756057739257812
6,0,0,0.6756057739257812
7,1,0,0.6756057739257812
8,1,1,0.8227477073669434
9,0,0,0.6756057739257812
10,0,1,0.7943148016929626
11,0,1,0.8451236486434937
12,1,0,0.6756057739257812
13,1,0,0.6756057739257812
14,1,0,0.6756057739257812
15,0,0,0.6756057739257812
16,1,0,0.6756057739257812
17,1,1,0.8227477073669434
18,0,0,0.6756057739257812
19,0,1,0.8117789030075073
20,1,1,0.8269185423851013
21,0,0,0.6756057739257812
22,1,0,0.6756057739257812
23,0,0,0.6756057739257812
24,1,1,0.7999460101127625
25,0,1,0.8227477073669434
26,0,0,0.6756057739257812
27,0,0,0.6756057739257812
28,0,1,0.8678122162818909
29,1,0,0.6756057739257812
30,0,1,0.8240035176277161
31,1,0,0.6756057739257812
