,label,pred,score
0,0,0,0.5828990340232849
1,0,0,0.5828990340232849
2,1,0,0.6285404562950134
3,0,0,0.5828990340232849
4,0,0,0.5828990340232849
5,1,0,0.5828990340232849
6,0,0,0.5828990340232849
7,1,0,0.6041119694709778
8,1,0,0.6284183263778687
9,1,0,0.6238340735435486
10,0,0,0.5828990340232849
11,1,0,0.6385545134544373
12,0,0,0.5828990340232849
13,0,0,0.5828990340232849
14,0,0,0.6420145034790039
15,1,0,0.6285404562950134
16,1,0,0.6285404562950134
17,0,0,0.5828990936279297
18,0,0,0.5828990340232849
19,0,0,0.65470290184021
20,1,0,0.5828990936279297
21,1,0,0.6420145034790039
22,1,0,0.5828990340232849
23,1,0,0.5828990340232849
24,1,0,0.6670195460319519
25,1,0,0.6204069256782532
26,1,0,0.6420145034790039
27,0,0,0.5828990340232849
28,1,0,0.6137841939926147
29,0,0,0.5828990340232849
30,0,0,0.5828990340232849
31,1,0,0.6118937730789185
32,0,0,0.5828990340232849
33,1,0,0.6238340735435486
34,0,0,0.5828990340232849
35,0,0,0.5828990340232849
36,0,0,0.6439962387084961
37,0,0,0.5828990340232849
38,1,0,0.5828990340232849
39,1,0,0.5828990340232849
40,1,0,0.6385545134544373
41,0,0,0.5828990340232849
42,1,0,0.5828990340232849
43,1,0,0.5828990936279297
44,1,0,0.5828990340232849
45,1,0,0.5828990340232849
46,0,0,0.5828990340232849
47,0,0,0.5828990936279297
48,0,0,0.6420145034790039
49,0,0,0.5828990340232849
50,0,0,0.5828990340232849
51,1,0,0.6448171734809875
52,1,0,0.5828990340232849
53,1,0,0.6420145034790039
54,0,0,0.5828990340232849
55,0,0,0.5828990340232849
56,0,0,0.5828990340232849
57,1,0,0.6250066757202148
58,0,0,0.5828990340232849
59,0,0,0.5828990340232849
60,0,0,0.6204069256782532
61,1,0,0.5828990340232849
62,1,0,0.5828990340232849
63,0,0,0.5828990340232849
64,1,0,0.6385545134544373
65,1,0,0.648547351360321
66,0,0,0.5828990340232849
67,1,0,0.5828990340232849
68,1,0,0.5828990340232849
69,0,0,0.5828990340232849
70,0,0,0.6294307112693787
71,1,0,0.6204069256782532
72,0,0,0.5828990340232849
73,1,0,0.5828990936279297
74,1,0,0.6385545134544373
75,0,0,0.5828990340232849
76,0,0,0.5828990340232849
77,1,0,0.5828990340232849
