,label,pred,score
0,1,1,0.5227604508399963
1,1,1,0.5534518957138062
2,0,1,0.5494364500045776
3,1,1,0.5227604508399963
4,1,1,0.5227604508399963
5,0,1,0.5509939193725586
6,0,1,0.5593414306640625
7,0,1,0.5529904961585999
8,0,1,0.5227604508399963
9,0,1,0.5227604508399963
10,1,1,0.5227604508399963
11,1,1,0.5227604508399963
12,0,1,0.5227604508399963
13,0,1,0.5227604508399963
14,1,1,0.5227604508399963
15,0,1,0.5534518957138062
16,0,1,0.5227604508399963
17,1,1,0.5509939193725586
18,1,1,0.5227604508399963
19,1,1,0.5227604508399963
20,0,1,0.5507136583328247
21,0,1,0.5227604508399963
22,1,1,0.5601819157600403
23,1,1,0.5227604508399963
24,1,1,0.5227604508399963
25,0,1,0.5227604508399963
26,0,1,0.5227604508399963
27,1,1,0.5509939193725586
28,0,1,0.5227604508399963
29,1,1,0.5227604508399963
30,1,1,0.5667083263397217
31,0,1,0.5227604508399963
