,label,pred,score
0,0,1,0.5158455967903137
1,0,1,0.5158455967903137
2,0,1,0.5158455967903137
3,0,1,0.5158455967903137
4,1,1,0.5075656771659851
5,1,1,0.5158455967903137
6,0,1,0.5158455967903137
7,0,0,0.6212579607963562
8,0,0,0.8002956509590149
9,0,1,0.5158455967903137
10,0,1,0.5158455967903137
11,1,0,0.5241089463233948
12,0,1,0.517922580242157
13,0,1,0.5158455967903137
14,0,1,0.5158455967903137
15,1,1,0.5158455967903137
16,1,0,0.723213791847229
17,1,1,0.5158455967903137
18,0,1,0.5158455967903137
19,1,0,0.6760735511779785
20,1,1,0.5158460140228271
21,0,1,0.5158455967903137
22,1,1,0.5158455967903137
23,1,0,0.723213791847229
24,0,1,0.5075656771659851
25,1,1,0.5158455967903137
26,1,1,0.5158455967903137
27,1,0,0.6760735511779785
28,1,1,0.5158455967903137
29,0,1,0.5158455967903137
30,1,0,0.5875250101089478
31,0,0,0.5728690028190613
32,1,1,0.5158455967903137
33,0,1,0.5158455967903137
34,1,1,0.5158455967903137
35,1,0,0.6789370775222778
36,0,1,0.5158455967903137
37,1,1,0.5158455967903137
38,1,1,0.5158455967903137
39,1,0,0.5611529350280762
40,1,1,0.5158455967903137
41,1,0,0.6789370179176331
42,1,1,0.5158455967903137
43,0,1,0.5158455967903137
44,1,0,0.6900344491004944
45,0,1,0.5158455967903137
46,0,0,0.6212579607963562
47,0,1,0.5158455967903137
48,0,1,0.5158455967903137
49,0,1,0.5158455967903137
50,1,1,0.5158455967903137
51,0,1,0.5158455967903137
52,1,1,0.5158455967903137
53,0,1,0.5158455967903137
54,1,1,0.5158455967903137
55,0,0,0.7375838160514832
56,1,1,0.5158455967903137
57,0,1,0.5158455967903137
58,1,1,0.5158455967903137
59,0,1,0.5075656771659851
60,1,1,0.5158455967903137
61,0,0,0.7675330638885498
