,label,pred,score
0,0,0,0.7811103463172913
1,1,1,0.7774883508682251
2,1,1,0.9073116779327393
3,1,0,0.9504039883613586
4,1,0,0.5645910501480103
5,0,0,0.986544668674469
6,1,1,0.8907115459442139
7,0,0,0.6068882942199707
8,0,0,0.6742269992828369
9,1,1,0.9668043851852417
10,1,0,0.9842568039894104
11,1,1,0.632319986820221
12,0,1,0.968518853187561
13,0,0,0.8350434899330139
14,1,1,0.9076591730117798
15,0,0,0.9902775883674622
16,0,0,0.8152036070823669
17,1,0,0.9186429977416992
18,0,0,0.5343272089958191
19,0,0,0.9513580203056335
