,label,pred,score
0,0,0,0.9966661334037781
1,0,0,0.9916250109672546
2,0,0,0.9978354573249817
3,0,0,0.9976651668548584
4,1,0,0.9614014029502869
5,0,0,0.9974514842033386
6,1,0,0.5756739377975464
7,1,0,0.9512096047401428
8,1,0,0.5848944783210754
9,0,0,0.9921272993087769
10,1,1,0.5471130013465881
11,1,1,0.9747957587242126
12,0,1,0.9159107804298401
13,1,0,0.8181628584861755
14,0,0,0.9971199035644531
15,0,0,0.9953246116638184
16,1,1,0.8623741865158081
17,1,1,0.9874594211578369
18,1,1,0.9885460734367371
19,1,1,0.9863722920417786
20,1,1,0.8817741274833679
21,0,0,0.9733664393424988
22,0,0,0.5558593273162842
23,1,1,0.9929221868515015
24,0,0,0.9966529011726379
25,0,0,0.9954842329025269
26,0,0,0.9970467686653137
27,0,0,0.9731137156486511
28,0,0,0.9961259961128235
29,1,1,0.9903959631919861
30,1,1,0.9894291758537292
31,0,0,0.8910508155822754
32,0,0,0.9963817596435547
33,1,1,0.996051013469696
34,0,0,0.9343445301055908
35,1,1,0.9928035140037537
36,1,1,0.9612514972686768
37,0,0,0.9960017800331116
38,1,1,0.6370337605476379
39,0,0,0.9937950372695923
40,1,1,0.613621711730957
41,1,1,0.9878080487251282
42,1,1,0.6930325031280518
43,1,1,0.9958588480949402
44,0,0,0.995835542678833
45,0,0,0.9984970092773438
46,1,1,0.5792828798294067
47,1,1,0.9569094777107239
48,0,0,0.9835042953491211
49,1,1,0.9866103529930115
50,0,1,0.9754343032836914
51,0,0,0.9931889772415161
52,0,0,0.9979416728019714
53,0,0,0.9736930131912231
54,1,1,0.8548795580863953
55,1,0,0.9863813519477844
56,1,1,0.9926937818527222
57,1,1,0.9948633313179016
58,0,0,0.9920783638954163
59,0,0,0.9764062762260437
60,1,1,0.6750538349151611
61,0,0,0.9973534345626831
