,label,pred,score
0,0,1,0.9918295741081238
1,1,1,0.9567300081253052
2,0,0,0.8240330815315247
3,0,0,0.999686598777771
4,1,1,0.9984514713287354
5,1,1,0.9996210336685181
6,0,0,0.9994620680809021
7,1,1,0.9769853353500366
8,1,1,0.9974931478500366
9,0,0,0.9996004700660706
10,1,1,0.9597430229187012
11,1,1,0.9974091649055481
12,0,0,0.9986830353736877
13,1,1,0.9984250068664551
14,1,1,0.9973328113555908
15,0,0,0.9990261793136597
16,1,1,0.8086565136909485
17,1,1,0.8575687408447266
18,0,1,0.9869568347930908
19,1,1,0.9936574101448059
20,1,0,0.9136254191398621
21,0,0,0.9995393753051758
22,1,1,0.9995824694633484
23,0,0,0.9982268214225769
24,1,0,0.9968087077140808
25,0,0,0.9994871616363525
26,1,1,0.9993804693222046
27,1,1,0.9995647072792053
28,0,0,0.9996607303619385
29,1,1,0.9993950128555298
30,0,0,0.9750763177871704
31,0,0,0.999679684638977
32,1,0,0.975491464138031
33,1,1,0.9963247179985046
34,1,1,0.6997914910316467
35,0,0,0.6881942749023438
36,0,0,0.9996381998062134
37,0,0,0.9983474016189575
38,0,0,0.970001757144928
39,0,0,0.9793525338172913
40,0,0,0.9992027878761292
41,1,1,0.999725878238678
42,0,1,0.8954604268074036
43,0,0,0.9992096424102783
44,0,0,0.9996110796928406
45,0,0,0.9993694424629211
46,1,1,0.9989898800849915
47,1,1,0.9995962977409363
48,1,0,0.9653756022453308
49,1,1,0.9321539402008057
50,1,1,0.999545156955719
51,1,1,0.6220934987068176
52,0,1,0.984133243560791
53,0,0,0.9785747528076172
54,1,1,0.729663074016571
55,1,1,0.9982805252075195
56,0,1,0.9988099336624146
57,1,1,0.9922506213188171
58,1,1,0.9483639001846313
59,0,0,0.9964382648468018
60,1,1,0.9986416697502136
61,0,0,0.9995131492614746
62,0,0,0.9641927480697632
63,1,1,0.7607647776603699
64,0,0,0.9686192870140076
65,0,1,0.9981830716133118
66,1,1,0.9658785462379456
67,0,0,0.9997485280036926
68,1,1,0.999704897403717
69,0,0,0.991121768951416
70,1,1,0.9997075200080872
71,0,0,0.9997033476829529
72,1,1,0.97527676820755
73,0,0,0.9995089769363403
74,0,0,0.9997710585594177
75,0,0,0.9995197057723999
76,1,1,0.9995593428611755
77,0,0,0.999355137348175
