,label,pred,score
0,1,1,0.9961413741111755
1,0,0,0.9985197186470032
2,0,1,0.9888611435890198
3,0,0,0.9963340759277344
4,1,1,0.9954673051834106
5,1,1,0.9533222913742065
6,0,0,0.9991357922554016
7,0,0,0.9985694885253906
8,1,1,0.9938874840736389
9,0,0,0.8078152537345886
10,1,1,0.849913477897644
11,0,1,0.9943144917488098
12,1,1,0.9969812035560608
13,1,1,0.9185686707496643
14,0,0,0.9992017149925232
15,1,0,0.9811038970947266
16,1,1,0.9138477444648743
17,0,0,0.9916987419128418
18,1,1,0.9891682863235474
19,0,1,0.9984021782875061
20,1,0,0.6435965299606323
21,0,0,0.993983805179596
22,1,1,0.994671642780304
23,0,0,0.9955352544784546
24,0,0,0.9972208738327026
25,1,1,0.9969857335090637
26,1,1,0.9626408219337463
27,1,1,0.9972039461135864
28,0,0,0.9965027570724487
29,0,0,0.9982185959815979
30,0,1,0.9667625427246094
31,1,1,0.998211145401001
