,label,pred,score
0,0,0,0.896741509437561
1,0,0,0.9916330575942993
2,1,1,0.9831609129905701
3,0,0,0.9709058403968811
4,0,0,0.892509937286377
5,0,1,0.7512862086296082
6,1,0,0.8813543319702148
7,0,1,0.9692107439041138
8,0,1,0.59385085105896
9,0,0,0.5829648971557617
10,1,0,0.9391327500343323
11,0,0,0.5555654168128967
12,0,1,0.9035838842391968
13,1,1,0.9950373768806458
14,1,1,0.7928416728973389
15,1,1,0.8575225472450256
16,0,0,0.9692270755767822
17,1,0,0.9891349077224731
18,1,1,0.9842305779457092
19,1,1,0.8221554160118103
20,0,0,0.9733598828315735
21,0,0,0.9969969987869263
22,1,1,0.8064066171646118
23,0,0,0.5872319936752319
24,1,0,0.6343622207641602
25,1,0,0.9855416417121887
26,1,1,0.9920017719268799
27,1,1,0.985042154788971
28,1,1,0.9969340562820435
29,0,0,0.7210813760757446
30,1,0,0.5311265587806702
31,1,1,0.933314859867096
32,0,0,0.8656734824180603
33,0,0,0.5408728718757629
34,0,0,0.9055110216140747
35,1,1,0.9953933954238892
36,1,1,0.9949142932891846
37,1,1,0.8904956579208374
38,0,0,0.8656148910522461
39,0,0,0.9359908103942871
40,0,0,0.6223357915878296
41,1,1,0.9946586489677429
42,1,1,0.9778828620910645
43,1,1,0.9438144564628601
44,0,0,0.9535946249961853
45,1,1,0.9820767641067505
46,0,0,0.9864506721496582
47,0,0,0.8373199701309204
48,0,0,0.9731714129447937
49,0,0,0.9228102564811707
50,0,0,0.9964483976364136
51,1,1,0.9973522424697876
52,0,1,0.5263355374336243
53,0,0,0.976498007774353
54,1,1,0.9636419415473938
55,1,1,0.9766744375228882
56,1,1,0.9958438277244568
57,1,1,0.9952056407928467
58,0,0,0.8018037676811218
59,1,0,0.9949480295181274
60,0,0,0.9144445061683655
61,1,1,0.8494584560394287
