,label,pred,score
0,0,0,0.9978365302085876
1,1,1,0.9928896427154541
2,1,1,0.5990683436393738
3,0,0,0.9974225759506226
4,0,0,0.9965670108795166
5,1,0,0.9022291302680969
6,1,1,0.9959093332290649
7,1,0,0.926548421382904
8,1,0,0.9985552430152893
9,1,0,0.7125990390777588
10,1,1,0.9636932015419006
11,1,1,0.9654607772827148
12,0,0,0.9943051934242249
13,1,0,0.8439533710479736
14,0,0,0.9978594183921814
15,1,1,0.9964783787727356
16,0,0,0.9908214807510376
17,0,0,0.996982753276825
18,1,1,0.9987653493881226
19,0,0,0.9221517443656921
20,1,1,0.975368857383728
21,0,0,0.998195469379425
22,1,1,0.9421653747558594
23,1,1,0.9947314262390137
24,0,0,0.9754368662834167
25,0,0,0.9692084789276123
26,0,0,0.9968157410621643
27,1,1,0.998056173324585
28,1,1,0.9932897686958313
29,1,1,0.9977082014083862
30,1,1,0.9981264472007751
31,1,1,0.9916746020317078
32,1,1,0.9983835220336914
33,0,0,0.9988251328468323
34,0,0,0.9870399832725525
35,1,1,0.988736093044281
36,0,1,0.8893914222717285
37,0,0,0.9980717301368713
38,1,1,0.9973093271255493
39,0,0,0.7471398711204529
40,1,1,0.9982821941375732
41,0,1,0.8881588578224182
42,0,0,0.9974148273468018
43,0,0,0.9894571900367737
44,0,0,0.9985936284065247
45,0,0,0.7857601642608643
46,1,1,0.9985455274581909
47,0,0,0.997863233089447
48,1,1,0.7050327658653259
49,0,0,0.979810357093811
50,1,1,0.9167954921722412
51,0,1,0.7232341766357422
52,1,1,0.9961724877357483
53,0,0,0.9922847747802734
54,0,0,0.9978626370429993
55,0,0,0.9834075570106506
56,1,1,0.98735111951828
57,1,1,0.9972883462905884
58,0,0,0.9986363053321838
59,0,1,0.8693751692771912
60,1,1,0.9988314509391785
61,0,0,0.9974049925804138
