,label,pred,score
0,0,0,0.948944091796875
1,1,1,0.9822447896003723
2,1,1,0.517175018787384
3,1,1,0.866914689540863
4,0,0,0.9549661874771118
5,1,1,0.9000998139381409
6,1,1,0.9065576195716858
7,0,0,0.6440021395683289
8,0,0,0.9451736211776733
9,1,1,0.9727315306663513
10,1,1,0.8582987189292908
11,1,1,0.9722118973731995
12,1,1,0.9738022089004517
13,0,0,0.982998251914978
14,1,1,0.9768139719963074
15,0,0,0.9448079466819763
16,0,0,0.8795322179794312
17,1,1,0.9435794353485107
18,0,0,0.6904886364936829
19,1,0,0.7996194958686829
20,0,0,0.8893539309501648
21,0,0,0.973402202129364
22,0,0,0.9059539437294006
23,0,0,0.8643551468849182
24,1,1,0.9822626113891602
25,0,0,0.9571953415870667
26,1,1,0.9759721159934998
27,0,0,0.9692797064781189
28,0,0,0.9793989658355713
29,1,1,0.9686331152915955
30,1,1,0.9532908797264099
31,0,0,0.9356915950775146
32,0,1,0.5717699527740479
33,1,1,0.6131163239479065
34,0,0,0.9623255133628845
35,0,1,0.671167254447937
36,1,1,0.9109476208686829
37,1,1,0.9802257418632507
38,0,0,0.8483229875564575
39,1,1,0.9509405493736267
40,0,0,0.959257960319519
41,1,1,0.8354739546775818
42,1,1,0.9611990451812744
43,1,1,0.9908648133277893
44,0,0,0.9816995859146118
45,1,0,0.6465966105461121
46,0,0,0.7545565962791443
47,0,0,0.5569254755973816
48,0,0,0.9563312530517578
49,1,1,0.9855805039405823
50,0,0,0.953766942024231
51,0,1,0.651610791683197
52,0,0,0.838326632976532
53,0,0,0.9187409281730652
54,1,1,0.983730137348175
55,1,0,0.7052720785140991
56,0,0,0.7923874855041504
57,1,0,0.8363596796989441
58,1,1,0.9660270810127258
59,0,0,0.9752662181854248
60,1,0,0.7931350469589233
61,1,1,0.9900654554367065
