,label,pred,score
0,1,1,0.9704276919364929
1,1,1,0.9861836433410645
2,0,0,0.9145442843437195
3,0,0,0.9593650102615356
4,1,1,0.9880434274673462
5,1,1,0.9629055857658386
6,0,0,0.867542028427124
7,1,0,0.8932124376296997
8,0,0,0.9829663038253784
9,0,0,0.7481387853622437
10,1,1,0.9824854135513306
11,0,0,0.9232676029205322
12,0,0,0.988163948059082
13,1,1,0.965596616268158
14,1,1,0.904062807559967
15,1,0,0.9612186551094055
16,1,1,0.9838125705718994
17,0,0,0.9626440405845642
18,0,0,0.9216810464859009
19,1,0,0.9313667416572571
20,0,0,0.9945675134658813
21,0,0,0.9776975512504578
22,0,0,0.9908368587493896
23,1,1,0.6883646249771118
24,0,0,0.9865705370903015
25,1,1,0.8142582178115845
26,0,0,0.9828022122383118
27,0,0,0.9899085760116577
28,0,0,0.6430945992469788
29,1,0,0.9841040372848511
30,1,1,0.9895046949386597
31,0,0,0.9902179837226868
32,0,0,0.9815426468849182
33,1,0,0.9862993359565735
34,0,0,0.9951920509338379
35,1,1,0.9732176661491394
36,1,1,0.9822162389755249
37,0,0,0.9748832583427429
38,1,1,0.9881445169448853
39,1,1,0.9845203757286072
40,1,1,0.6914682984352112
41,0,0,0.9805741906166077
42,0,0,0.9945574998855591
43,0,0,0.9554306864738464
44,0,0,0.5400569438934326
45,1,0,0.8164230585098267
46,0,0,0.9942313432693481
47,1,1,0.9157227277755737
48,0,0,0.9837673902511597
49,0,0,0.9959591031074524
50,1,1,0.9881696701049805
51,1,1,0.5394896268844604
52,1,1,0.9640699625015259
53,1,0,0.8657746911048889
54,1,1,0.6412393450737
55,0,0,0.985885739326477
56,1,1,0.9824770092964172
57,0,0,0.9954690933227539
58,1,1,0.9839999079704285
59,0,0,0.5534042119979858
60,0,0,0.557499349117279
61,1,1,0.9900491237640381
