,label,pred,score
0,0,0,0.9942082166671753
1,0,0,0.9926257729530334
2,0,0,0.9980962872505188
3,0,0,0.9977743029594421
4,1,0,0.978087306022644
5,0,0,0.9981223940849304
6,1,1,0.9562540650367737
7,1,1,0.9780201315879822
8,1,1,0.9051404595375061
9,0,0,0.9981405735015869
10,1,0,0.6243352293968201
11,1,1,0.990304172039032
12,0,0,0.983035683631897
13,1,0,0.7447906136512756
14,0,0,0.9981209635734558
15,0,0,0.9973168969154358
16,1,1,0.9151619672775269
17,1,1,0.9874568581581116
18,1,1,0.9958114624023438
19,1,1,0.9959675073623657
20,1,1,0.9838516116142273
21,0,0,0.99649977684021
22,0,1,0.7042014002799988
23,1,1,0.9960656762123108
24,0,0,0.6237474083900452
25,0,0,0.9884005784988403
26,0,0,0.994113028049469
27,0,0,0.9963762164115906
28,0,0,0.9957503080368042
29,1,1,0.9907926917076111
30,1,1,0.9941675662994385
31,0,1,0.9923271536827087
32,0,0,0.9895569682121277
33,1,1,0.99607914686203
34,0,0,0.738633394241333
35,1,1,0.9966679215431213
36,1,1,0.9857775568962097
37,0,0,0.9940904974937439
38,1,1,0.9951013922691345
39,0,0,0.9967645406723022
40,1,1,0.5256167650222778
41,1,1,0.995051920413971
42,1,0,0.9979497790336609
43,1,1,0.9951131939888
44,0,0,0.997545063495636
45,0,0,0.9982638955116272
46,1,0,0.9671974778175354
47,1,1,0.995473325252533
48,0,0,0.979189395904541
49,1,1,0.9937824606895447
50,0,0,0.8541414737701416
51,0,0,0.9962320923805237
52,0,0,0.9968445301055908
53,0,0,0.839971661567688
54,1,1,0.9872625470161438
55,1,1,0.950438380241394
56,1,1,0.9960702657699585
57,1,1,0.9866358637809753
58,0,0,0.9943082928657532
59,0,0,0.9974595904350281
60,1,0,0.9832490682601929
61,0,0,0.9981650710105896
