,label,pred,score
0,0,1,0.6131086349487305
1,1,0,0.5355550646781921
2,1,1,0.8554744720458984
3,0,0,0.6398861408233643
4,0,0,0.6734923124313354
5,1,0,0.8307182788848877
6,1,1,0.7597299218177795
7,1,0,0.9317654371261597
8,1,0,0.9362998604774475
9,1,1,0.614008903503418
10,1,0,0.76640784740448
11,1,0,0.5060778856277466
12,0,1,0.6919834613800049
13,1,0,0.6662132143974304
14,0,1,0.7208086252212524
15,1,0,0.7951570749282837
16,0,1,0.7693654894828796
17,0,1,0.6043621301651001
18,1,1,0.6028212308883667
19,0,0,0.8376055359840393
20,1,1,0.9029699563980103
21,0,1,0.9541921019554138
22,1,1,0.9551258683204651
23,1,1,0.6203776001930237
24,0,1,0.56304931640625
25,0,1,0.8746692538261414
26,0,1,0.7478256225585938
27,1,1,0.8036527633666992
28,1,1,0.5447546243667603
29,1,1,0.8807277083396912
30,1,1,0.9469401836395264
31,1,0,0.633330762386322
32,1,1,0.8923106789588928
33,0,0,0.9166114330291748
34,0,0,0.9196810722351074
35,1,1,0.7569902539253235
36,0,0,0.5658882856369019
37,0,0,0.8124717473983765
38,1,1,0.6259069442749023
39,0,0,0.6921640634536743
40,1,1,0.8113027215003967
41,0,0,0.8267912864685059
42,0,1,0.6601071953773499
43,0,1,0.7300153374671936
44,0,0,0.6216891407966614
45,0,1,0.7915952801704407
46,1,1,0.5945748686790466
47,0,0,0.874908447265625
48,1,0,0.8671345114707947
49,0,0,0.6056265234947205
50,1,0,0.7665645480155945
51,0,1,0.6486091017723083
52,1,1,0.7075338959693909
53,0,0,0.6330435276031494
54,0,0,0.77280193567276
55,0,1,0.7706397771835327
56,1,1,0.960628867149353
57,1,1,0.866634726524353
58,0,0,0.8950322866439819
59,0,0,0.9198520183563232
60,1,0,0.5147842168807983
61,0,0,0.6538425087928772
