,label,pred,score
0,0,0,0.9969022274017334
1,1,1,0.9854453206062317
2,1,0,0.9913943409919739
3,0,0,0.9841228723526001
4,0,0,0.9846641421318054
5,1,0,0.7570502161979675
6,1,0,0.6635037064552307
7,1,1,0.9260677695274353
8,1,0,0.7327196002006531
9,1,1,0.9922405481338501
10,1,1,0.7384348511695862
11,1,0,0.9039327502250671
12,0,0,0.9942628741264343
13,1,1,0.9722288250923157
14,0,0,0.9018415212631226
15,1,1,0.989330530166626
16,0,0,0.9622358679771423
17,0,0,0.9713079929351807
18,1,1,0.9972236156463623
19,0,0,0.9921179413795471
20,1,0,0.7098736763000488
21,0,0,0.9441403746604919
22,1,1,0.9918773174285889
23,1,1,0.9848789572715759
24,0,0,0.9929584264755249
25,0,0,0.9921227097511292
26,0,0,0.9833046197891235
27,1,1,0.9968917965888977
28,1,1,0.9953309893608093
29,1,1,0.9920103549957275
30,1,1,0.9848833680152893
31,1,1,0.9926241636276245
32,1,1,0.9499385356903076
33,0,0,0.9958412051200867
34,0,0,0.9656552076339722
35,1,1,0.9474115967750549
36,0,0,0.949823796749115
37,0,0,0.9950087070465088
38,1,1,0.707507848739624
39,0,0,0.9952267408370972
40,1,1,0.9847597479820251
41,0,1,0.6148677468299866
42,0,0,0.9954206347465515
43,0,0,0.9825536608695984
44,0,0,0.9939425587654114
45,0,0,0.9956436157226562
46,1,1,0.9975997805595398
47,0,1,0.9277766942977905
48,1,1,0.7148804664611816
49,0,0,0.971834123134613
50,1,0,0.9907559752464294
51,0,1,0.8220487236976624
52,1,1,0.9924226403236389
53,0,1,0.9929320812225342
54,0,0,0.9945419430732727
55,0,0,0.9660995006561279
56,1,1,0.9941670894622803
57,1,1,0.9771292805671692
58,0,0,0.9976415634155273
59,0,0,0.9876385927200317
60,1,1,0.9973805546760559
61,0,0,0.9931995272636414
