,label,pred,score
0,1,1,0.9993246793746948
1,1,1,0.9980278611183167
2,0,0,0.9995667338371277
3,0,0,0.9962990880012512
4,1,1,0.9871554374694824
5,1,1,0.9984444975852966
6,0,0,0.9807274341583252
7,1,0,0.7076459527015686
8,0,0,0.999768078327179
9,0,0,0.6570362448692322
10,1,1,0.9990924596786499
11,0,0,0.9996805191040039
12,0,0,0.9995946288108826
13,1,1,0.9992620348930359
14,1,1,0.9957089424133301
15,1,0,0.999602735042572
16,1,0,0.9994485974311829
17,0,1,0.9782164096832275
18,0,0,0.9997654557228088
19,1,1,0.9985373020172119
20,0,0,0.9997116923332214
21,0,0,0.9995555281639099
22,0,0,0.9997574687004089
23,1,1,0.9963662624359131
24,0,0,0.9997228980064392
25,1,0,0.8806847929954529
26,0,0,0.99854576587677
27,0,0,0.9859553575515747
28,0,0,0.999695897102356
29,1,1,0.9992890357971191
30,1,1,0.9993206262588501
31,0,0,0.9996743202209473
32,0,0,0.9276121258735657
33,1,1,0.9927493333816528
34,0,0,0.9976226687431335
35,1,1,0.9990445971488953
36,1,1,0.999077320098877
37,0,0,0.9948559999465942
38,1,1,0.9987035989761353
39,1,1,0.999138355255127
40,1,1,0.9980279803276062
41,0,0,0.9952225089073181
42,0,0,0.9998075366020203
43,0,0,0.9997817873954773
44,0,0,0.9960440397262573
45,1,0,0.9990625977516174
46,0,0,0.9994643330574036
47,1,1,0.9831583499908447
48,0,0,0.9950792789459229
49,0,0,0.999713122844696
50,1,1,0.9991505146026611
51,1,1,0.8858475685119629
52,1,1,0.9974091649055481
53,1,1,0.9980411529541016
54,1,0,0.9991188645362854
55,0,0,0.9995954632759094
56,1,1,0.9990803003311157
57,0,0,0.999735414981842
58,1,1,0.9981295466423035
59,0,0,0.995918333530426
60,0,0,0.9126536846160889
61,1,1,0.9991959929466248
