,label,pred,score
0,1,1,0.9884694218635559
1,1,1,0.9756404161453247
2,0,0,0.9879024624824524
3,1,1,0.9798150062561035
4,0,0,0.9018769264221191
5,1,1,0.9805984497070312
6,1,0,0.600872814655304
7,1,1,0.9779883623123169
8,1,1,0.6896132230758667
9,1,1,0.9340363144874573
10,0,0,0.9557504057884216
11,1,1,0.8901110887527466
12,1,1,0.9772962927818298
13,0,0,0.9484845399856567
14,1,1,0.9105961918830872
15,0,0,0.9853927493095398
16,1,1,0.9763160347938538
17,0,0,0.9901224970817566
18,1,1,0.8643742799758911
19,0,0,0.9531430602073669
20,0,0,0.6479254364967346
21,1,1,0.9780624508857727
22,1,1,0.6861312389373779
23,1,1,0.9017395377159119
24,0,0,0.9517632126808167
25,1,1,0.9883346557617188
26,0,0,0.9565043449401855
27,1,1,0.8933382630348206
28,1,1,0.9910090565681458
29,0,1,0.8370442390441895
30,1,1,0.9792502522468567
31,0,0,0.9755442142486572
32,0,1,0.9822447896003723
33,0,1,0.6251381635665894
34,0,1,0.6538007855415344
35,0,0,0.5883124470710754
36,1,1,0.9854879975318909
37,0,0,0.8763164281845093
38,0,0,0.5125477910041809
39,0,0,0.9864848256111145
40,1,0,0.7549407482147217
41,0,0,0.8936014771461487
42,0,0,0.9748027920722961
43,0,1,0.7246530652046204
44,0,1,0.9833872318267822
45,0,0,0.9308940172195435
46,0,0,0.946707546710968
47,0,0,0.9889777302742004
48,1,1,0.9591027498245239
49,0,1,0.7544282674789429
50,1,1,0.9913156032562256
51,0,0,0.9228196740150452
52,0,0,0.8322493433952332
53,0,0,0.8890565633773804
54,0,1,0.8456801176071167
55,1,0,0.8916283249855042
56,0,1,0.6687960028648376
57,0,0,0.9756448268890381
58,1,1,0.9920095205307007
59,1,0,0.8789172768592834
60,1,1,0.8417655825614929
61,1,1,0.9862180352210999
62,0,0,0.9879371523857117
63,1,1,0.8285852074623108
64,0,0,0.504330575466156
65,1,1,0.9914193153381348
66,1,1,0.9765331149101257
67,1,1,0.9878901839256287
68,0,0,0.8287549018859863
69,1,1,0.9889134764671326
70,1,0,0.7784249186515808
71,0,1,0.9377440214157104
72,1,1,0.9531510472297668
73,1,1,0.9400050640106201
74,1,1,0.9912802577018738
75,0,1,0.9606713056564331
76,1,1,0.9511361718177795
77,0,0,0.9843882322311401
