,label,pred,score
0,0,0,0.9831872582435608
1,1,1,0.9904588460922241
2,1,1,0.9631451368331909
3,1,1,0.9844563603401184
4,1,0,0.9081401824951172
5,0,1,0.9805723428726196
6,1,1,0.9953030347824097
7,0,0,0.9786204099655151
8,0,1,0.9651989936828613
9,1,1,0.9940747618675232
10,1,0,0.9934213757514954
11,1,1,0.9936051964759827
12,0,1,0.9913104772567749
13,0,0,0.9930625557899475
14,1,1,0.9590740203857422
15,0,1,0.8304582834243774
16,0,0,0.9927718043327332
17,1,0,0.9914113283157349
18,0,0,0.9942985773086548
19,0,0,0.9931713342666626
