,label,pred,score
0,0,0,0.9971421360969543
1,0,0,0.9938179850578308
2,0,0,0.9992928504943848
3,0,1,0.9559245705604553
4,1,1,0.998171329498291
5,1,1,0.6062010526657104
6,1,0,0.9354392886161804
7,1,1,0.9995355606079102
8,0,0,0.586962878704071
9,1,1,0.9914769530296326
10,1,1,0.9998188614845276
11,0,1,0.9603970050811768
12,0,1,0.9983838796615601
13,0,0,0.9991039633750916
14,1,1,0.9993057250976562
15,0,0,0.9995623230934143
16,0,0,0.9989795088768005
17,1,0,0.9344354271888733
18,1,0,0.93445885181427
19,0,0,0.9993715882301331
20,1,0,0.9994609951972961
21,1,1,0.9994099140167236
22,1,1,0.9991458654403687
23,1,1,0.999404788017273
24,0,1,0.9903467297554016
25,0,0,0.999661922454834
26,1,1,0.9993821382522583
27,1,1,0.9990634322166443
28,1,1,0.9877574443817139
29,0,0,0.9989251494407654
30,1,1,0.9998637437820435
31,1,1,0.9996259212493896
32,1,1,0.9941394329071045
33,1,1,0.9976300001144409
34,0,0,0.982020914554596
35,1,0,0.9960660338401794
36,1,1,0.9708734750747681
37,0,0,0.9215312600135803
38,0,0,0.796951949596405
39,1,1,0.9722977876663208
40,1,0,0.8256497383117676
41,0,1,0.991089940071106
42,1,1,0.9849029779434204
43,1,1,0.9977918863296509
44,1,1,0.980050265789032
45,0,0,0.9995681643486023
46,0,1,0.9877439141273499
47,0,0,0.9994402527809143
48,1,1,0.9997261166572571
49,1,0,0.9967605471611023
50,0,1,0.8036316633224487
51,0,0,0.9923675656318665
52,0,1,0.9992913007736206
53,0,1,0.9996398687362671
54,1,1,0.9995049238204956
55,0,0,0.995624840259552
56,0,0,0.9958989024162292
57,0,0,0.9995633959770203
58,1,1,0.9997391104698181
59,1,1,0.9972487092018127
60,1,0,0.5426104664802551
61,0,1,0.9992061257362366
62,0,0,0.9374127984046936
63,1,0,0.9981308579444885
64,1,0,0.9975595474243164
65,1,1,0.9997426867485046
66,0,0,0.8016494512557983
67,1,1,0.9996809959411621
68,1,1,0.999563992023468
69,0,1,0.9627189040184021
70,0,0,0.885136604309082
71,0,1,0.8063536286354065
72,0,0,0.9686702489852905
73,0,1,0.9975149631500244
74,0,0,0.9997139573097229
75,1,1,0.9998302459716797
76,0,0,0.9844790101051331
77,0,0,0.999066174030304
