,label,pred,score
0,1,1,0.8054432272911072
1,0,1,0.7384742498397827
2,0,0,0.9526724815368652
3,0,0,0.9813936948776245
4,0,1,0.9745270609855652
5,0,0,0.9118605256080627
6,0,0,0.9258052110671997
7,1,1,0.9666144847869873
8,0,0,0.9806426167488098
9,0,0,0.8679298758506775
10,1,0,0.6612755060195923
11,0,1,0.7263939380645752
12,1,1,0.9535102248191833
13,1,1,0.8482998609542847
14,0,0,0.9754126071929932
15,0,0,0.8465009927749634
16,0,1,0.9750013947486877
17,0,0,0.8652852177619934
18,1,1,0.8751606941223145
19,1,1,0.9117457270622253
20,0,0,0.9565346240997314
21,1,1,0.970314085483551
22,1,1,0.9559354782104492
23,1,1,0.9045780301094055
24,0,0,0.9852409958839417
25,1,1,0.5695787072181702
26,1,1,0.8960041999816895
27,1,1,0.8261558413505554
28,1,1,0.884553074836731
29,0,0,0.883609414100647
30,1,1,0.6437007188796997
31,1,1,0.796569287776947
