,label,pred,score
0,1,1,0.9750518202781677
1,0,0,0.9620687961578369
2,1,0,0.9416484236717224
3,0,0,0.9944339394569397
4,1,1,0.8430315852165222
5,0,0,0.9897947907447815
6,0,0,0.9922844767570496
7,1,1,0.933404803276062
8,1,1,0.9735077023506165
9,0,0,0.9910311698913574
10,1,1,0.9506043195724487
11,0,0,0.9664754867553711
12,1,1,0.7712640762329102
13,0,0,0.9913171529769897
14,1,1,0.9917671084403992
15,1,0,0.9815959334373474
16,0,0,0.983909547328949
17,0,0,0.9958613514900208
18,1,1,0.9859657287597656
19,0,0,0.9955756664276123
20,0,0,0.9571208357810974
21,1,1,0.9366189241409302
22,0,0,0.9849419593811035
23,1,0,0.5128812789916992
24,1,1,0.9867397546768188
25,1,1,0.9837194085121155
26,0,0,0.8618740439414978
27,1,1,0.8417261242866516
28,1,0,0.9603955745697021
29,0,1,0.8557343482971191
30,0,0,0.984626829624176
31,1,1,0.9764397144317627
32,0,0,0.8916241526603699
33,1,1,0.9562048316001892
34,0,0,0.777519702911377
35,0,0,0.982586681842804
36,1,1,0.9890604019165039
37,0,1,0.966049075126648
38,1,1,0.9460744857788086
39,0,0,0.9736770987510681
40,1,1,0.9684874415397644
41,1,1,0.8492706418037415
42,0,0,0.981754720211029
43,0,0,0.9879164695739746
44,1,1,0.9925436973571777
45,0,0,0.9942725896835327
46,0,1,0.7823352217674255
47,1,1,0.91776442527771
48,0,0,0.9942041039466858
49,0,1,0.9718942642211914
50,1,1,0.9562627077102661
51,1,1,0.9571460485458374
52,0,0,0.996977686882019
53,1,1,0.7713826894760132
54,1,1,0.8049950003623962
55,0,0,0.9880220890045166
56,1,0,0.9622363448143005
57,0,0,0.990114688873291
58,0,0,0.9292974472045898
59,1,1,0.8861445188522339
60,1,1,0.7649090886116028
61,0,0,0.9615866541862488
