,label,pred,score
0,1,1,0.9995808005332947
1,1,1,0.9992682337760925
2,0,0,0.9991461038589478
3,1,1,0.9662089943885803
4,0,1,0.9984765648841858
5,0,0,0.9997665286064148
6,0,0,0.9997808337211609
7,1,1,0.9997870326042175
8,0,0,0.6958238482475281
9,1,1,0.9966844916343689
10,0,0,0.9997490048408508
11,1,1,0.9990171194076538
12,0,0,0.9997121691703796
13,1,1,0.9994163513183594
14,1,1,0.999377429485321
15,0,1,0.9984880685806274
16,0,0,0.9997133612632751
17,1,1,0.9993724226951599
18,1,1,0.9986147880554199
19,1,1,0.9996359348297119
20,0,0,0.9998181462287903
21,1,1,0.9989879727363586
22,1,0,0.9970788955688477
23,0,1,0.998913049697876
24,0,1,0.9953005313873291
25,1,1,0.9778146147727966
26,1,0,0.99578458070755
27,0,0,0.9998483657836914
28,1,1,0.9989597797393799
29,0,0,0.9987296462059021
30,0,0,0.9997972846031189
31,1,1,0.9991727471351624
32,1,1,0.9998119473457336
33,0,0,0.9996713399887085
34,0,0,0.9998437166213989
35,0,0,0.8066033124923706
36,0,0,0.9995442032814026
37,0,0,0.9996064305305481
38,0,0,0.999776303768158
39,0,0,0.9996973276138306
40,1,1,0.9986636638641357
41,1,1,0.9924737215042114
42,1,1,0.9996240139007568
43,1,1,0.8818191289901733
44,1,1,0.9996354579925537
45,1,1,0.9997898936271667
46,1,1,0.9996579885482788
47,1,1,0.9957712292671204
48,0,0,0.9996182918548584
49,0,0,0.9997743964195251
50,1,1,0.9975786805152893
51,0,0,0.9997163414955139
52,0,0,0.9998176693916321
53,0,0,0.9997798800468445
54,0,0,0.9991415739059448
55,1,1,0.9997428059577942
56,0,0,0.9998154044151306
57,0,1,0.9534924030303955
58,0,1,0.9956580400466919
59,1,1,0.9984692931175232
60,0,0,0.999500036239624
61,0,0,0.9998461008071899
62,0,1,0.9911730885505676
63,1,1,0.994284451007843
64,0,0,0.9996942281723022
65,0,1,0.999546468257904
66,1,1,0.999272882938385
67,0,1,0.8394064903259277
68,1,1,0.9998160004615784
69,1,1,0.999423623085022
70,1,1,0.9996811151504517
71,1,1,0.9903092980384827
72,0,1,0.9997627139091492
73,1,1,0.999798595905304
74,1,0,0.9995612502098083
75,0,0,0.9997654557228088
76,1,1,0.9115760326385498
77,1,1,0.9996651411056519
