,label,pred,score
0,0,0,0.9785977005958557
1,1,1,0.9953521490097046
2,0,0,0.9992978572845459
3,0,0,0.8232765197753906
4,0,0,0.9995620846748352
5,1,1,0.9968129992485046
6,0,0,0.9976333379745483
7,1,1,0.999330997467041
8,0,0,0.9994068145751953
9,1,1,0.9616939425468445
10,0,0,0.9957116842269897
11,0,0,0.9393541216850281
12,0,0,0.9424871802330017
13,1,1,0.8466328978538513
14,1,1,0.9953855872154236
15,0,0,0.9980069994926453
16,0,1,0.9941007494926453
17,1,0,0.5134867429733276
18,1,1,0.9822684526443481
19,1,1,0.9992280006408691
20,1,1,0.9980794191360474
21,0,0,0.6105170249938965
22,1,1,0.9775171279907227
23,0,0,0.9655622839927673
24,0,0,0.9997895359992981
25,0,0,0.992270827293396
26,1,1,0.9646795988082886
27,1,1,0.9986653327941895
28,1,1,0.9893240332603455
29,1,1,0.9997738003730774
30,1,1,0.9718230962753296
31,0,1,0.9056189656257629
32,1,1,0.9953032732009888
33,1,1,0.9991262555122375
34,0,0,0.9767237901687622
35,1,1,0.9988056421279907
36,0,1,0.9863255620002747
37,0,0,0.9998026490211487
38,0,1,0.9868612885475159
39,1,1,0.9936541318893433
40,1,1,0.9992382526397705
41,0,1,0.983183741569519
42,0,1,0.9765167832374573
43,1,1,0.9711564779281616
44,1,0,0.8594189882278442
45,0,0,0.9996194839477539
46,0,0,0.9887598752975464
47,1,1,0.9931042790412903
48,1,0,0.9975334405899048
49,1,0,0.987019419670105
50,0,0,0.9992190599441528
51,1,1,0.998162567615509
52,0,0,0.9997660517692566
53,0,0,0.9995506405830383
54,1,1,0.9993268251419067
55,1,1,0.5060365796089172
56,1,1,0.9756553769111633
57,1,0,0.998842179775238
58,1,1,0.999594509601593
59,0,0,0.9951460957527161
60,0,1,0.887109637260437
61,0,0,0.9868596196174622
62,0,0,0.8599117994308472
63,1,1,0.8458119630813599
64,1,1,0.9989323019981384
65,0,0,0.851488471031189
66,1,0,0.9990712404251099
67,0,1,0.9609407186508179
68,0,0,0.9979585409164429
69,0,0,0.9994862079620361
70,0,0,0.998333752155304
71,1,1,0.9213974475860596
72,1,1,0.9885345101356506
73,0,0,0.9477407932281494
74,0,1,0.9966932535171509
75,0,0,0.9996902942657471
76,1,1,0.8280883431434631
77,1,0,0.7745710611343384
