,label,pred,score
0,1,0,0.5687891840934753
1,0,0,0.5687891840934753
2,0,1,0.7157394886016846
3,0,1,0.7113048434257507
4,0,0,0.5687891244888306
5,1,1,0.7757443785667419
6,1,0,0.5687891244888306
7,0,0,0.5687891244888306
8,1,0,0.5687891840934753
9,1,1,0.7167577147483826
10,0,0,0.5687891840934753
11,1,1,0.7397515773773193
12,1,0,0.5687891840934753
13,0,0,0.5687891244888306
14,1,0,0.5687891840934753
15,0,0,0.5687891244888306
16,1,0,0.5687891244888306
17,1,0,0.5687891244888306
18,1,0,0.5687891244888306
19,1,0,0.5687891244888306
20,0,0,0.5687891244888306
21,0,1,0.7358001470565796
22,1,1,0.7157394886016846
23,1,0,0.5687891244888306
24,0,0,0.5687891244888306
25,1,0,0.5687891244888306
26,0,1,0.7539957165718079
27,0,1,0.7427880167961121
28,1,1,0.7157394886016846
29,0,1,0.7397515773773193
30,0,0,0.5687891244888306
31,0,0,0.5687891244888306
