,label,pred,score
0,1,0,0.5723112225532532
1,1,1,0.7596100568771362
2,1,0,0.5723112225532532
3,1,0,0.5723112225532532
4,1,0,0.5723112225532532
5,1,0,0.5723112225532532
6,0,0,0.5723112225532532
7,0,1,0.7759371399879456
8,0,1,0.7816417217254639
9,0,0,0.5723112225532532
10,0,0,0.5723112225532532
11,0,1,0.7722573280334473
12,1,1,0.6661306023597717
13,1,1,0.7759371399879456
14,1,0,0.5723112225532532
15,0,0,0.5723112225532532
16,0,1,0.6929791569709778
17,0,1,0.7596100568771362
18,1,0,0.5723110437393188
19,1,0,0.5723110437393188
20,0,0,0.5723112225532532
21,0,1,0.6852712035179138
22,1,1,0.6829074025154114
23,0,0,0.5723112225532532
24,1,0,0.5723112225532532
25,0,0,0.5723112225532532
26,0,0,0.5723112225532532
27,1,0,0.5723112225532532
28,1,1,0.7596100568771362
29,1,0,0.5723112225532532
30,0,0,0.5723112225532532
31,0,0,0.5723112225532532
