,label,pred,score
0,0,0,0.5102844834327698
1,1,1,0.5194554328918457
2,0,0,0.5102844834327698
3,0,0,0.5102844834327698
4,1,1,0.5240724086761475
5,1,0,0.5102844834327698
6,1,1,0.50982266664505
7,0,0,0.5080351829528809
8,0,0,0.5102844834327698
9,1,0,0.5102844834327698
10,1,1,0.50982266664505
11,0,1,0.5371624827384949
12,0,0,0.5102844834327698
13,0,0,0.5102844834327698
14,1,1,0.51121985912323
15,0,0,0.5102844834327698
16,0,0,0.5102844834327698
17,1,0,0.5102844834327698
18,0,0,0.5102844834327698
19,1,0,0.5102844834327698
20,1,0,0.5102844834327698
21,1,1,0.5182816386222839
22,1,0,0.5080351829528809
23,0,0,0.5102844834327698
24,0,0,0.5102844834327698
25,1,1,0.50982266664505
26,0,1,0.5152575969696045
27,1,1,0.5240451097488403
28,1,1,0.5261292457580566
29,1,0,0.5102844834327698
30,1,0,0.5102844834327698
31,1,0,0.5102844834327698
32,0,0,0.5102844834327698
33,0,0,0.5102844834327698
34,1,1,0.50982266664505
35,1,0,0.5509217381477356
36,1,0,0.5102844834327698
37,0,1,0.5261292457580566
38,0,0,0.5102844834327698
39,1,1,0.5155792832374573
40,0,0,0.5102844834327698
41,0,0,0.5102844834327698
42,0,0,0.5102844834327698
43,1,1,0.5194554328918457
44,0,0,0.5102844834327698
45,1,0,0.5102844834327698
46,1,1,0.5571991205215454
47,0,0,0.5102844834327698
48,0,0,0.5102844834327698
49,1,1,0.5108240842819214
50,0,0,0.5102844834327698
51,0,0,0.5102844834327698
52,0,0,0.5102844834327698
53,0,0,0.5102844834327698
54,0,0,0.5102844834327698
55,0,1,0.5203517079353333
56,0,0,0.5102844834327698
57,0,0,0.5102844834327698
58,0,0,0.5102844834327698
59,1,0,0.5080351829528809
60,1,0,0.5102844834327698
61,1,0,0.5102844834327698
62,1,0,0.5102844834327698
63,1,1,0.5151275992393494
64,1,1,0.5261292457580566
65,1,1,0.5194554328918457
66,1,0,0.5102844834327698
67,1,0,0.5102844834327698
68,0,1,0.5261292457580566
69,1,1,0.5151275992393494
70,0,0,0.5102844834327698
71,0,0,0.5102844834327698
72,0,0,0.5102844834327698
73,0,0,0.5102844834327698
74,1,0,0.5102844834327698
75,1,0,0.5102844834327698
76,1,1,0.5261292457580566
77,0,0,0.5102844834327698
