,label,pred,score
0,0,1,0.5321306586265564
1,1,1,0.5321306586265564
2,1,1,0.5064448714256287
3,0,0,0.5276087522506714
4,0,1,0.5046135187149048
5,1,1,0.5321306586265564
6,0,1,0.5321306586265564
7,1,0,0.5447851419448853
8,1,1,0.5321306586265564
9,0,1,0.5321306586265564
10,0,1,0.5321306586265564
11,0,1,0.5321306586265564
12,1,1,0.501400351524353
13,1,1,0.5025367140769958
14,1,0,0.5350645780563354
15,0,1,0.5321306586265564
16,0,1,0.5321306586265564
17,1,1,0.5321306586265564
18,1,1,0.5321306586265564
19,0,0,0.5276087522506714
20,0,1,0.5321306586265564
21,1,1,0.5321306586265564
22,1,1,0.5321306586265564
23,1,1,0.5321306586265564
24,0,1,0.5321306586265564
25,0,1,0.5321306586265564
26,0,1,0.5186974406242371
27,0,1,0.5321306586265564
28,0,1,0.5321306586265564
29,1,1,0.5321306586265564
30,1,1,0.5321306586265564
31,0,1,0.5321306586265564
32,1,1,0.5321306586265564
33,0,1,0.5321306586265564
34,1,1,0.5321306586265564
35,1,1,0.5321306586265564
36,0,0,0.5107720494270325
37,1,0,0.5447850823402405
38,0,1,0.5064448714256287
39,0,1,0.5321306586265564
40,1,1,0.5321306586265564
41,0,0,0.556447446346283
42,0,1,0.5064448714256287
43,0,1,0.5321306586265564
44,0,1,0.5321306586265564
45,1,1,0.5321306586265564
46,1,1,0.5321306586265564
47,1,0,0.5223879814147949
48,1,0,0.6067647933959961
49,1,0,0.6067647933959961
50,1,1,0.532130241394043
51,0,0,0.5310618877410889
52,1,1,0.5321306586265564
53,0,1,0.5321306586265564
54,0,1,0.5321306586265564
55,0,1,0.5321306586265564
56,1,1,0.5321306586265564
57,1,1,0.5321306586265564
58,0,1,0.5321306586265564
59,1,0,0.5153745412826538
60,0,1,0.5321306586265564
61,1,0,0.5153745412826538
