,label,pred,score
0,1,0,0.5446967482566833
1,0,0,0.5446967482566833
2,0,0,0.5446967482566833
3,1,1,0.5639976859092712
4,0,0,0.5446967482566833
5,1,0,0.5446966886520386
6,1,0,0.5446967482566833
7,1,0,0.5446967482566833
8,0,0,0.5446967482566833
9,0,1,0.6911472082138062
10,0,0,0.5446967482566833
11,1,0,0.5446967482566833
12,0,0,0.5244318246841431
13,1,0,0.5244318246841431
14,0,0,0.5446967482566833
15,1,0,0.5446967482566833
16,1,1,0.7670519351959229
17,0,0,0.5446967482566833
18,0,0,0.5446967482566833
19,1,0,0.5446967482566833
20,1,1,0.5787908434867859
21,0,0,0.5446967482566833
22,0,0,0.5446967482566833
23,1,0,0.5446967482566833
24,1,1,0.63385409116745
25,0,0,0.5446967482566833
26,0,0,0.5446967482566833
27,1,0,0.5446967482566833
28,0,0,0.5446967482566833
29,0,0,0.5446967482566833
30,0,0,0.5446967482566833
31,0,0,0.5446967482566833
32,1,1,0.6266782879829407
33,0,0,0.5446967482566833
34,0,0,0.5446967482566833
35,0,0,0.5446967482566833
36,0,0,0.5446967482566833
37,0,1,0.6883977055549622
38,0,0,0.5446967482566833
39,0,0,0.5446967482566833
40,1,1,0.6232949495315552
41,1,0,0.5244318246841431
42,1,1,0.6232949495315552
43,0,0,0.5446967482566833
44,0,0,0.5446967482566833
45,1,0,0.5446967482566833
46,0,0,0.5446967482566833
47,1,1,0.8160255551338196
48,0,0,0.5244318246841431
49,0,1,0.8416239619255066
50,1,1,0.6152047514915466
51,1,0,0.5446967482566833
52,1,1,0.6737980246543884
53,0,0,0.5446967482566833
54,1,1,0.8416239619255066
55,1,1,0.8416239619255066
56,1,0,0.5446967482566833
57,1,0,0.5446967482566833
58,0,0,0.5446967482566833
59,1,0,0.5446967482566833
60,0,0,0.5446967482566833
61,1,1,0.6011024117469788
62,1,1,0.8076279163360596
63,1,0,0.5446967482566833
64,0,1,0.6317439079284668
65,0,0,0.5446967482566833
66,1,0,0.5244318246841431
67,1,1,0.6152047514915466
68,1,0,0.5446967482566833
69,0,0,0.5446967482566833
70,1,1,0.6232949495315552
71,1,1,0.6232949495315552
72,0,0,0.5446966886520386
73,1,0,0.5446967482566833
74,1,1,0.63385409116745
75,1,1,0.6152047514915466
76,0,0,0.5446967482566833
77,0,0,0.5446967482566833
