,label,pred,score
0,0,1,0.5000864267349243
1,0,1,0.5000864267349243
2,1,1,0.5000864267349243
3,1,1,0.5000864267349243
4,1,1,0.5000864267349243
5,0,1,0.5000864267349243
6,0,1,0.5000864267349243
7,1,1,0.5000864267349243
8,1,1,0.5000864267349243
9,1,1,0.5000864267349243
10,1,1,0.5000864267349243
11,0,1,0.5000864267349243
12,0,1,0.5000864267349243
13,1,1,0.5000864267349243
14,1,1,0.5000864267349243
15,0,1,0.5000864267349243
16,1,1,0.5000864267349243
17,0,1,0.5000864267349243
18,0,1,0.5000864267349243
19,0,1,0.5000864267349243
