,label,pred,score
0,1,0,0.5607840418815613
1,1,0,0.5495298504829407
2,0,0,0.5524091720581055
3,0,1,0.7185434103012085
4,0,1,0.8465006351470947
5,1,0,0.5514088869094849
6,1,1,0.749874472618103
7,0,0,0.5513641238212585
8,1,0,0.5516055822372437
9,0,1,0.6049190759658813
10,1,1,0.7548303008079529
11,0,0,0.5895237326622009
12,1,0,0.5512083768844604
13,1,1,0.7462971806526184
14,1,0,0.5522848963737488
15,0,0,0.5790159106254578
16,0,0,0.5519131422042847
17,0,1,0.7548303008079529
18,1,1,0.7498744130134583
19,1,1,0.8314017057418823
20,0,0,0.5522127151489258
21,1,0,0.5515956282615662
22,0,0,0.5518972873687744
23,1,1,0.7548302412033081
24,1,0,0.5516985058784485
25,0,1,0.6015689373016357
26,1,1,0.7833530306816101
27,0,0,0.5521440505981445
28,0,0,0.5518034100532532
29,0,1,0.783355712890625
30,1,0,0.5514997839927673
31,0,0,0.5495297908782959
