,label,pred,score
0,1,1,0.5230362415313721
1,1,1,0.7805799245834351
2,1,1,0.5230362415313721
3,0,0,0.5163257718086243
4,1,0,0.5414862036705017
5,0,1,0.7667852640151978
6,1,1,0.5230362415313721
7,1,1,0.5230362415313721
8,0,1,0.5230362415313721
9,1,1,0.650117039680481
10,0,1,0.5230362415313721
11,0,1,0.5447423458099365
12,1,1,0.5230362415313721
13,1,1,0.5230362415313721
14,1,1,0.7805799245834351
15,1,1,0.5230362415313721
16,0,1,0.5230362415313721
17,0,1,0.5230362415313721
18,0,1,0.5230362415313721
19,0,0,0.581815779209137
20,0,1,0.5230362415313721
21,1,1,0.5230362415313721
22,1,1,0.5314235091209412
23,0,1,0.5314235091209412
24,0,0,0.5986732840538025
25,0,1,0.5973794460296631
26,0,1,0.5314235091209412
27,0,1,0.5230362415313721
28,1,1,0.5230362415313721
29,1,1,0.5230362415313721
30,0,1,0.5230362415313721
31,0,1,0.5230362415313721
32,1,1,0.6230022311210632
33,0,1,0.5230362415313721
34,1,1,0.5230362415313721
35,0,1,0.5230362415313721
36,0,1,0.5230362415313721
37,0,1,0.5230362415313721
38,1,1,0.5230362415313721
39,1,1,0.5230362415313721
40,0,1,0.5230362415313721
41,0,1,0.5230362415313721
42,1,1,0.5230362415313721
43,0,1,0.5230362415313721
44,0,0,0.581815779209137
45,1,1,0.5230398774147034
46,0,1,0.5230362415313721
47,0,1,0.5230362415313721
48,1,1,0.6065019369125366
49,1,0,0.7518627643585205
50,1,1,0.5230362415313721
51,1,1,0.5230362415313721
52,1,0,0.522497296333313
53,1,0,0.522497296333313
54,0,1,0.5230362415313721
55,1,0,0.7518627643585205
56,1,1,0.5230362415313721
57,0,1,0.5230362415313721
58,0,1,0.5230362415313721
59,0,1,0.5230362415313721
60,1,1,0.5230362415313721
61,1,1,0.5230362415313721
