,label,pred,score
0,1,0,0.6556751132011414
1,0,1,0.793796718120575
2,1,0,0.6556785106658936
3,1,0,0.6556785106658936
4,0,0,0.6556785106658936
5,1,0,0.6556785106658936
6,0,0,0.6556785106658936
7,0,1,0.7852792143821716
8,0,0,0.6556785106658936
9,1,1,0.772638738155365
10,1,0,0.6556785106658936
11,1,0,0.6556785106658936
12,1,1,0.793796718120575
13,0,1,0.811639130115509
14,1,0,0.6556751132011414
15,1,0,0.6556785106658936
16,1,0,0.6556785106658936
17,1,1,0.7976303100585938
18,1,0,0.6556785106658936
19,0,0,0.6556785106658936
20,1,0,0.6556785106658936
21,0,0,0.6556785106658936
22,1,1,0.8099157214164734
23,0,0,0.6556785106658936
24,0,1,0.8080081939697266
25,0,0,0.6556785106658936
26,0,1,0.794900119304657
27,0,0,0.6556785106658936
28,0,1,0.8099157214164734
29,0,0,0.6556785106658936
30,0,0,0.655678391456604
31,1,1,0.8099157214164734
