,label,pred,score
0,0,0,0.5419352054595947
1,1,0,0.5098907351493835
2,1,0,0.5098907351493835
3,0,0,0.5098907351493835
4,0,0,0.5098907351493835
5,0,0,0.544792652130127
6,0,0,0.5098907351493835
7,0,0,0.5098907351493835
8,0,0,0.544792652130127
9,1,0,0.5098907351493835
10,1,0,0.5585777163505554
11,0,0,0.5606994032859802
12,0,0,0.5098907351493835
13,0,0,0.5098907351493835
14,1,0,0.5098907351493835
15,1,0,0.5098907351493835
16,0,0,0.5098907351493835
17,1,0,0.544792652130127
18,0,0,0.5098907351493835
19,0,0,0.5367000102996826
20,1,0,0.5816951394081116
21,1,0,0.5098907351493835
22,1,0,0.5408909916877747
23,1,0,0.5098907351493835
24,1,0,0.5098907351493835
25,1,0,0.5816951394081116
26,0,0,0.5098907351493835
27,1,0,0.5098907351493835
28,1,0,0.6088664531707764
29,1,0,0.5098907351493835
30,0,0,0.5098907351493835
31,1,0,0.5098907351493835
32,1,0,0.5098907351493835
33,0,0,0.608917772769928
34,0,0,0.5098907351493835
35,0,0,0.5098907351493835
36,0,0,0.5098907351493835
37,0,0,0.5098907351493835
38,0,0,0.5098907351493835
39,0,0,0.5098907351493835
40,1,0,0.6088664531707764
41,1,0,0.5685011148452759
42,1,0,0.559685468673706
43,0,0,0.5098907351493835
44,0,0,0.5098907351493835
45,0,0,0.5098907351493835
46,0,0,0.5098907351493835
47,1,0,0.5098907351493835
48,1,0,0.5098907351493835
49,1,0,0.5098907351493835
50,0,0,0.5098907351493835
51,0,0,0.5289682745933533
52,1,0,0.5098907351493835
53,0,0,0.578228771686554
54,1,0,0.5098907351493835
55,1,0,0.559685468673706
56,1,0,0.5098907351493835
57,1,0,0.5098907351493835
58,1,0,0.5963990688323975
59,1,0,0.5098907351493835
60,0,0,0.5419352054595947
61,0,0,0.5098907351493835
