,label,pred,score
0,1,0,0.5539335608482361
1,0,0,0.5539335012435913
2,0,0,0.5539335012435913
3,0,0,0.9739689826965332
4,1,0,0.5539335608482361
5,1,0,0.5539335608482361
6,0,0,0.798556387424469
7,0,0,0.5539335608482361
8,0,0,0.5539335012435913
9,1,0,0.827068030834198
10,0,0,0.8270679116249084
11,0,0,0.5539335608482361
12,1,0,0.5539335012435913
13,1,0,0.5539335608482361
14,1,0,0.5539335012435913
15,0,1,0.9694606065750122
16,0,0,0.8343618512153625
17,0,0,0.5539335012435913
18,1,0,0.8270679116249084
19,0,0,0.5539335012435913
20,1,0,0.9277825355529785
21,1,0,0.5539335012435913
22,1,0,0.9427382946014404
23,1,0,0.5539335012435913
24,1,0,0.5539335012435913
25,0,0,0.5539335012435913
26,0,0,0.9341996312141418
27,0,0,0.5539335012435913
28,1,0,0.5539335012435913
29,1,0,0.5539335012435913
30,1,0,0.9342259168624878
31,0,0,0.5539335012435913
