,label,pred,score
0,1,1,0.5178269147872925
1,0,1,0.5178269147872925
2,1,1,0.5178269147872925
3,1,1,0.5178269147872925
4,1,1,0.5178269147872925
5,0,1,0.5178269147872925
6,0,1,0.5178269147872925
7,1,1,0.5178269147872925
8,1,1,0.5178269147872925
9,0,1,0.5178269147872925
10,0,1,0.5178269147872925
11,0,1,0.5178269147872925
12,0,1,0.5178269147872925
13,0,1,0.5178269147872925
14,1,1,0.5178269147872925
15,0,1,0.5178269147872925
16,1,1,0.5178269147872925
17,1,1,0.5178269147872925
18,0,1,0.5178269147872925
19,1,1,0.5178269147872925
