,label,pred,score
0,1,1,0.5194926857948303
1,1,1,0.5194926857948303
2,1,0,0.7427693009376526
3,0,0,0.7739778757095337
4,1,1,0.5194926857948303
5,1,0,0.8370190262794495
6,1,0,0.7427693009376526
7,0,1,0.5194926857948303
8,0,1,0.5194926857948303
9,0,1,0.5194926857948303
10,0,1,0.5194926857948303
11,0,1,0.5194926857948303
12,0,1,0.5194926857948303
13,1,1,0.5194926857948303
14,0,1,0.5194926857948303
15,1,1,0.5194926857948303
16,0,0,0.7985363006591797
17,1,1,0.5194926857948303
18,0,1,0.5194926857948303
19,1,1,0.5194926857948303
20,0,1,0.5194926857948303
21,0,1,0.5194926857948303
22,1,1,0.5194926857948303
23,1,1,0.5194926857948303
24,0,0,0.6139963865280151
25,1,1,0.5194926857948303
26,0,0,0.8846002817153931
27,1,1,0.5194926857948303
28,0,1,0.5194926857948303
29,1,0,0.7685778737068176
30,1,1,0.5194927453994751
31,1,1,0.5194926857948303
32,0,1,0.5194926857948303
33,1,0,0.730808675289154
34,1,0,0.7724084854125977
35,0,1,0.5194926857948303
36,1,1,0.5194926857948303
37,1,1,0.5194926857948303
38,0,1,0.5194926857948303
39,0,1,0.5194926857948303
40,0,1,0.5194926857948303
41,1,1,0.5194926857948303
42,0,0,0.7985362410545349
43,0,0,0.7107211947441101
44,0,1,0.5194926857948303
45,1,1,0.5194926857948303
46,1,0,0.6771118640899658
47,0,0,0.6771118640899658
48,1,0,0.6738385558128357
49,0,1,0.5194926857948303
50,0,1,0.5194926857948303
51,1,0,0.7360944747924805
52,1,0,0.7685778737068176
53,0,1,0.5194926857948303
54,0,0,0.6771119236946106
55,1,0,0.7724084854125977
56,1,1,0.5194926857948303
57,1,1,0.5194926857948303
58,1,1,0.5194926857948303
59,0,1,0.5194926857948303
60,0,1,0.5194926857948303
61,0,0,0.8285572528839111
