,label,pred,score
0,1,1,0.5043660998344421
1,1,0,0.8428558707237244
2,1,1,0.5017099976539612
3,0,1,0.5043660998344421
4,1,1,0.530066728591919
5,0,0,0.5089948177337646
6,0,1,0.5043660998344421
7,1,0,0.5277424454689026
8,0,0,0.6976170539855957
9,1,1,0.5043660998344421
10,0,1,0.5043660998344421
11,0,1,0.5043660998344421
12,0,1,0.5043660998344421
13,1,1,0.5043660998344421
14,1,1,0.5043660998344421
15,0,0,0.7882228493690491
16,0,1,0.5043660998344421
17,0,1,0.5043660998344421
18,0,1,0.5043660998344421
19,1,1,0.5043660998344421
20,0,0,0.5089948177337646
21,1,1,0.5043660998344421
22,1,1,0.5043660998344421
23,1,0,0.8428558707237244
24,0,1,0.5043660998344421
25,1,1,0.5043660998344421
26,0,1,0.5043660998344421
27,1,1,0.5043660998344421
28,0,1,0.5043660998344421
29,1,1,0.5043660998344421
30,0,1,0.5031055808067322
31,0,1,0.5043660998344421
32,0,0,0.5016592741012573
33,1,1,0.5043660998344421
34,0,1,0.5043660998344421
35,0,1,0.5043660998344421
36,1,1,0.530066728591919
37,0,0,0.5016592741012573
38,1,1,0.5043660998344421
39,0,1,0.5043660998344421
40,0,1,0.502746045589447
41,1,1,0.5043660998344421
42,0,1,0.5043660998344421
43,1,1,0.5043660998344421
44,1,0,0.603346049785614
45,1,1,0.5043660998344421
46,0,1,0.5043660998344421
47,1,1,0.5043660998344421
48,1,1,0.5043660998344421
49,0,1,0.5043660998344421
50,1,1,0.5043660998344421
51,1,1,0.5043660998344421
52,0,1,0.5043660998344421
53,0,1,0.5043660998344421
54,1,0,0.8157739639282227
55,0,0,0.8156316876411438
56,0,1,0.5043660998344421
57,0,1,0.5043660998344421
58,1,0,0.7248238325119019
59,1,1,0.5043615698814392
60,1,0,0.5089948177337646
61,1,0,0.7248238325119019
