,label,pred,score
0,1,0,0.5508766770362854
1,0,0,0.5508766770362854
2,1,0,0.5508766770362854
3,0,0,0.5417574644088745
4,0,0,0.5508766770362854
5,1,0,0.5508766770362854
6,1,1,0.5547544360160828
7,1,0,0.5508766770362854
8,1,0,0.5508766770362854
9,0,0,0.5508766770362854
10,1,0,0.5417574644088745
11,0,0,0.5508766770362854
12,1,0,0.5508766770362854
13,1,0,0.5508766770362854
14,1,0,0.5413070321083069
15,1,0,0.5508766770362854
16,0,0,0.5407584309577942
17,1,0,0.5508766770362854
18,1,0,0.5508766770362854
19,0,0,0.5508766770362854
20,1,0,0.5508766770362854
21,0,0,0.5508766770362854
22,1,0,0.5417574644088745
23,0,0,0.5131470561027527
24,0,1,0.5032173991203308
25,0,0,0.5508766770362854
26,0,0,0.5508766770362854
27,0,0,0.5508766770362854
28,1,1,0.5287777781486511
29,0,0,0.5413070321083069
30,0,0,0.534680962562561
31,0,0,0.5508766770362854
