,label,pred,score
0,1,0,0.5000138282775879
1,1,0,0.5000138282775879
2,0,0,0.5000138282775879
3,1,0,0.5000138282775879
4,0,0,0.5000138282775879
5,1,0,0.5000138282775879
6,1,0,0.5000138282775879
7,0,0,0.5000138282775879
8,0,0,0.5000138282775879
9,0,0,0.5000138282775879
10,0,0,0.5000138282775879
11,1,0,0.5000138282775879
12,0,0,0.5000138282775879
13,0,0,0.5000138282775879
14,0,0,0.5000138282775879
15,1,0,0.5000138282775879
16,0,0,0.5000138282775879
17,1,0,0.5000138282775879
18,1,0,0.5000138282775879
19,1,0,0.5000138282775879
