,label,pred,score
0,0,0,0.5443062782287598
1,0,0,0.5293484330177307
2,0,0,0.5293484330177307
3,0,0,0.5293484330177307
4,1,0,0.5293484330177307
5,0,0,0.5293484330177307
6,0,0,0.5293484330177307
7,0,0,0.5293484330177307
8,0,0,0.5293484330177307
9,0,0,0.5293484330177307
10,1,0,0.5347006320953369
11,1,0,0.5326380729675293
12,0,0,0.5293484330177307
13,0,0,0.5293484330177307
14,0,0,0.5293484330177307
15,1,0,0.5293484330177307
16,0,0,0.5293484330177307
17,0,0,0.5293484330177307
18,0,0,0.5293484330177307
19,1,0,0.5355961322784424
20,0,0,0.5293484330177307
21,1,0,0.5293484330177307
22,0,0,0.5293484330177307
23,1,0,0.5112115740776062
24,1,0,0.5223883390426636
25,1,0,0.522508978843689
26,1,0,0.5293484330177307
27,1,0,0.5089893341064453
28,1,0,0.5347006320953369
29,1,0,0.5293484330177307
30,1,0,0.5331496000289917
31,0,0,0.5293484330177307
32,0,0,0.5470607876777649
33,1,0,0.5293484330177307
34,1,0,0.5112115740776062
35,1,0,0.5293484330177307
36,1,0,0.5331496000289917
37,0,0,0.5293484330177307
38,1,0,0.5293484330177307
39,1,0,0.5359343886375427
40,0,0,0.5395525693893433
41,0,0,0.5293484330177307
42,1,0,0.5293484330177307
43,1,0,0.5345852971076965
44,0,0,0.5223883390426636
45,1,0,0.5293484330177307
46,1,0,0.5347006320953369
47,0,0,0.5293484330177307
48,1,0,0.5293484330177307
49,1,0,0.5293484330177307
50,0,0,0.5293484330177307
51,0,0,0.5293484330177307
52,1,0,0.5293484330177307
53,1,0,0.5326380729675293
54,0,0,0.5293484330177307
55,0,0,0.5112115740776062
56,0,0,0.5293484330177307
57,0,0,0.5293484330177307
58,1,0,0.5331496000289917
59,1,0,0.5293484330177307
60,1,0,0.5293484330177307
61,1,0,0.5293484330177307
62,0,0,0.5293484330177307
63,0,0,0.5293484330177307
64,1,0,0.5358302593231201
65,1,0,0.5288866758346558
66,0,0,0.5293484330177307
67,1,0,0.5331496000289917
68,0,0,0.5112115740776062
69,1,0,0.5223883390426636
70,1,0,0.5293484330177307
71,0,0,0.5293484330177307
72,1,0,0.5112115740776062
73,0,0,0.5293484330177307
74,0,0,0.5293484330177307
75,1,0,0.5426950454711914
76,0,0,0.5293484330177307
77,0,0,0.5293484330177307
