,label,pred,score
0,1,0,0.6013771295547485
1,0,0,0.6013771295547485
2,0,0,0.6013771295547485
3,0,0,0.6013771295547485
4,0,0,0.6013771295547485
5,0,0,0.5399605631828308
6,0,0,0.6013771295547485
7,1,0,0.6013771295547485
8,0,0,0.5131771564483643
9,1,0,0.6013771295547485
10,0,0,0.6013771295547485
11,1,1,0.5202056765556335
12,1,0,0.6013771295547485
13,1,0,0.6013771295547485
14,1,0,0.5346159338951111
15,1,0,0.6013771295547485
16,1,0,0.6013771295547485
17,1,0,0.6013771295547485
18,1,0,0.5208255648612976
19,1,0,0.6013771295547485
20,0,0,0.5346159338951111
21,1,0,0.6013771295547485
22,1,0,0.5346159338951111
23,0,0,0.6013771295547485
24,1,0,0.6013771295547485
25,0,0,0.5085835456848145
26,0,0,0.6013771295547485
27,0,0,0.6013771295547485
28,0,0,0.5208255648612976
29,0,0,0.5302165746688843
30,0,0,0.6013771295547485
31,1,0,0.5056160688400269
