,label,pred,score
0,1,0,0.6321025490760803
1,0,0,0.6321025490760803
2,0,0,0.6321025490760803
3,1,0,0.5955081582069397
4,0,0,0.5950170755386353
5,1,0,0.5754866003990173
6,1,0,0.6321025490760803
7,1,0,0.6321025490760803
8,0,0,0.5955081582069397
9,1,0,0.5754866003990173
10,1,0,0.558434009552002
11,1,0,0.6321025490760803
12,0,0,0.6321025490760803
13,0,0,0.5754866003990173
14,1,0,0.6321025490760803
15,1,0,0.6321025490760803
16,0,0,0.6321025490760803
17,1,0,0.6321025490760803
18,0,0,0.5583180785179138
19,1,0,0.6321025490760803
20,1,0,0.6321025490760803
21,0,0,0.6321025490760803
22,0,0,0.6321025490760803
23,0,0,0.6321025490760803
24,0,0,0.6321025490760803
25,0,0,0.5349922180175781
26,1,0,0.6321025490760803
27,1,0,0.6321025490760803
28,0,0,0.5467889308929443
29,1,0,0.5236517786979675
30,0,0,0.6321025490760803
31,0,0,0.6321025490760803
