,label,pred,score
0,1,1,0.9149283170700073
1,0,1,0.8355380296707153
2,1,0,0.5632529854774475
3,1,0,0.576591968536377
4,0,0,0.563252866268158
5,1,0,0.5632503628730774
6,1,0,0.5632420778274536
7,0,0,0.5632526278495789
8,0,0,0.5630002617835999
9,1,0,0.5632562637329102
10,1,1,0.8176647424697876
11,1,0,0.5632529258728027
12,0,0,0.5604255795478821
13,1,0,0.576591968536377
14,0,1,0.8176647424697876
15,1,1,0.8176647424697876
16,1,0,0.5632532238960266
17,0,1,0.8962241411209106
18,0,1,0.8252379298210144
19,0,0,0.5632562637329102
20,0,1,0.7825857400894165
21,0,0,0.5632529258728027
22,0,0,0.5632530450820923
23,1,0,0.5632532238960266
24,1,0,0.5632521510124207
25,1,1,0.8779547810554504
26,0,0,0.5632529258728027
27,0,0,0.5632530450820923
28,0,1,0.8769916892051697
29,0,0,0.5632526874542236
30,1,0,0.5632526278495789
31,1,1,0.8355380296707153
