,label,pred,score
0,0,0,0.5011571645736694
1,0,0,0.5011571645736694
2,1,0,0.7349681854248047
3,1,1,0.5424495339393616
4,1,0,0.5011571645736694
5,1,0,0.5011571645736694
6,1,0,0.6935796737670898
7,1,0,0.5011571645736694
8,1,0,0.6154068112373352
9,0,0,0.5011571645736694
10,1,0,0.5269044041633606
11,1,1,0.5031813979148865
12,0,0,0.5270633101463318
13,0,0,0.5011571645736694
14,0,0,0.5011571645736694
15,0,0,0.5011571645736694
16,1,0,0.5011571645736694
17,1,1,0.52524733543396
18,0,0,0.5011571645736694
19,0,0,0.5270633101463318
20,1,0,0.5011571645736694
21,1,0,0.5270633101463318
22,0,0,0.5011571645736694
23,1,0,0.5011571645736694
24,1,0,0.5269044041633606
25,1,0,0.5011571645736694
26,0,0,0.5011571645736694
27,0,0,0.5011571645736694
28,1,0,0.5011571645736694
29,0,0,0.5011571645736694
30,0,0,0.5011571645736694
31,1,0,0.7652080655097961
32,0,1,0.5045704245567322
33,1,0,0.5269044041633606
34,0,0,0.5011571645736694
35,1,0,0.5269044041633606
36,1,0,0.6935796737670898
37,0,0,0.5606546401977539
38,0,0,0.5011571645736694
39,0,0,0.5011571645736694
40,0,0,0.5011571645736694
41,0,0,0.5029643177986145
42,1,0,0.5270633101463318
43,0,0,0.5011571645736694
44,0,0,0.5011571645736694
45,1,0,0.7152934074401855
46,0,0,0.5011571645736694
47,1,0,0.5011571645736694
48,1,0,0.5801676511764526
49,1,1,0.5003044009208679
50,0,0,0.5011571645736694
51,1,0,0.5011571645736694
52,1,0,0.5011571645736694
53,0,0,0.5011571645736694
54,1,0,0.5011571645736694
55,0,0,0.5011571645736694
56,1,0,0.5011571645736694
57,0,0,0.5011571645736694
58,1,0,0.7652080655097961
59,0,0,0.6935796737670898
60,0,0,0.5011571645736694
61,1,1,0.5003044009208679
62,0,0,0.5011571645736694
63,0,0,0.5011571645736694
64,1,0,0.5011571645736694
65,1,0,0.5011571645736694
66,1,0,0.5011571645736694
67,1,0,0.7652080655097961
68,0,0,0.5011571645736694
69,1,0,0.5270633101463318
70,0,0,0.5011571645736694
71,1,1,0.5007284879684448
72,0,0,0.5011571645736694
73,0,0,0.5011571645736694
74,0,0,0.5011571645736694
75,0,0,0.5011571645736694
76,0,0,0.5011571645736694
77,1,0,0.5011571645736694
