,label,pred,score
0,1,1,0.5120322704315186
1,0,1,0.5206114053726196
2,0,1,0.5120322704315186
3,1,1,0.5058791637420654
4,0,1,0.5852124094963074
5,1,1,0.5120322704315186
6,0,1,0.5120322704315186
7,0,1,0.5120322704315186
8,1,1,0.5120322704315186
9,0,1,0.5174952745437622
10,0,1,0.5120322704315186
11,0,1,0.5201664566993713
12,1,1,0.5120322704315186
13,0,1,0.5120322704315186
14,0,1,0.5120322704315186
15,1,1,0.5120322704315186
16,1,1,0.5231898427009583
17,1,1,0.5848701000213623
18,1,1,0.5120322704315186
19,0,1,0.5339580178260803
20,0,1,0.5120322704315186
21,0,1,0.5120322704315186
22,0,1,0.5206114053726196
23,1,1,0.5120322704315186
24,0,1,0.5120322704315186
25,0,1,0.5174952745437622
26,1,1,0.5120322704315186
27,0,1,0.5252668261528015
28,0,1,0.5120322704315186
29,0,1,0.5120322704315186
30,0,1,0.5120322704315186
31,1,1,0.512032687664032
32,1,0,0.505463719367981
33,0,1,0.5256129503250122
34,1,1,0.5047702193260193
35,0,1,0.5120322704315186
36,1,1,0.5120322704315186
37,0,1,0.5120323300361633
38,1,1,0.5047702193260193
39,1,1,0.5120322704315186
40,1,1,0.5341435074806213
41,1,1,0.5120322704315186
42,1,0,0.505463719367981
43,1,1,0.5120322704315186
44,0,1,0.5120322704315186
45,0,1,0.5120322704315186
46,1,1,0.5120322704315186
47,1,1,0.5174952745437622
48,1,1,0.5120322704315186
49,1,1,0.5197311043739319
50,1,1,0.5120322704315186
51,0,1,0.5120322704315186
52,1,1,0.5120322704315186
53,1,1,0.5120322704315186
54,0,1,0.5120322704315186
55,1,1,0.5120322704315186
56,0,1,0.5120322704315186
57,0,1,0.5120322704315186
58,1,1,0.5848701000213623
59,1,1,0.5120322704315186
60,0,1,0.5120323300361633
61,0,1,0.5120322704315186
