,label,pred,score
0,1,1,0.5000326037406921
1,0,1,0.5000326037406921
2,1,1,0.5000326037406921
3,1,1,0.5000326037406921
4,0,1,0.5000326037406921
5,0,1,0.5000326037406921
6,1,1,0.5000326037406921
7,1,1,0.5000326037406921
8,0,1,0.5000326037406921
9,0,1,0.5000326037406921
10,1,1,0.5000326037406921
11,0,1,0.5000326037406921
12,0,1,0.5000326037406921
13,1,1,0.5000326037406921
14,0,1,0.5000326037406921
15,1,1,0.5000326037406921
16,1,1,0.5000326037406921
17,1,1,0.5000326037406921
18,0,1,0.5000326037406921
19,0,1,0.5000326037406921
