,label,pred,score
0,1,0,0.5000502467155457
1,1,0,0.5000502467155457
2,0,0,0.5000502467155457
3,0,0,0.5000502467155457
4,1,0,0.5000502467155457
5,0,0,0.5000502467155457
6,1,0,0.5000502467155457
7,0,0,0.5000502467155457
8,1,0,0.5000502467155457
9,0,0,0.5000502467155457
10,0,0,0.5000502467155457
11,0,0,0.5000502467155457
12,1,0,0.5000502467155457
13,0,0,0.5000502467155457
14,0,0,0.5000502467155457
15,0,0,0.5000502467155457
16,1,0,0.5000502467155457
17,1,0,0.5000502467155457
18,1,0,0.5000502467155457
19,1,0,0.5000502467155457
