,label,pred,score
0,0,0,0.5000333189964294
1,0,0,0.5000333189964294
2,0,0,0.5000333189964294
3,0,0,0.5000333189964294
4,0,0,0.5000333189964294
5,1,0,0.5000333189964294
6,1,0,0.5000333189964294
7,1,0,0.5000333189964294
8,1,0,0.5000333189964294
9,0,0,0.5000333189964294
10,0,0,0.5000333189964294
11,0,0,0.5000333189964294
12,0,0,0.5000333189964294
13,0,0,0.5000333189964294
14,1,0,0.5000333189964294
15,1,0,0.5000333189964294
16,1,0,0.5000333189964294
17,1,0,0.5000333189964294
18,1,0,0.5000333189964294
19,1,0,0.5000333189964294
