,label,pred,score
0,1,1,0.5036095976829529
1,0,0,0.5746706128120422
2,1,0,0.5746706128120422
3,0,1,0.5036095976829529
4,1,1,0.528867244720459
5,0,1,0.5368613004684448
6,1,1,0.5511019229888916
7,0,1,0.5208436250686646
8,0,0,0.5746706128120422
9,1,0,0.5746706128120422
10,0,0,0.5007055401802063
11,1,0,0.5746706128120422
12,1,0,0.5746706128120422
13,1,0,0.5746706128120422
14,0,0,0.5746706128120422
15,1,1,0.5049332976341248
16,1,0,0.5746706128120422
17,0,0,0.5746706128120422
18,0,0,0.5746706128120422
19,0,0,0.5746706128120422
20,1,1,0.5036095976829529
21,0,1,0.5118783116340637
22,0,1,0.5049332976341248
23,1,0,0.5746706128120422
24,1,0,0.5746706128120422
25,0,0,0.5746706128120422
26,0,0,0.5746706128120422
27,0,0,0.5746706128120422
28,1,0,0.5746706128120422
29,0,0,0.5746706128120422
30,1,0,0.5746706128120422
31,1,0,0.5746706128120422
