,label,pred,score
0,1,0,0.65547776222229
1,0,0,0.5574581027030945
2,0,0,0.5574580430984497
3,0,0,0.5574581027030945
4,1,0,0.5800055861473083
5,1,0,0.6082335710525513
6,0,0,0.65547776222229
7,1,0,0.5574581027030945
8,1,0,0.5574580430984497
9,0,0,0.5574580430984497
10,0,0,0.5574581027030945
11,0,0,0.5574580430984497
12,0,0,0.5680981874465942
13,1,0,0.5574581027030945
14,1,0,0.5574581027030945
15,1,0,0.5574580430984497
16,1,0,0.5720871090888977
17,0,0,0.5713749527931213
18,0,0,0.65547776222229
19,0,0,0.5574581027030945
20,1,0,0.5987101197242737
21,1,0,0.5574580430984497
22,1,0,0.5561667680740356
23,0,0,0.5574581027030945
24,0,0,0.5574581027030945
25,0,0,0.5574581027030945
26,1,0,0.5561667680740356
27,1,0,0.5766554474830627
28,0,0,0.5574581027030945
29,0,0,0.5574581027030945
30,1,0,0.6082335710525513
31,1,0,0.5561667680740356
32,1,0,0.5574581027030945
33,0,0,0.5574581027030945
34,0,0,0.5574581027030945
35,0,0,0.5574581027030945
36,0,0,0.5574581027030945
37,0,0,0.5574580430984497
38,0,0,0.5574581027030945
39,0,0,0.5574580430984497
40,1,0,0.5574581027030945
41,0,0,0.5574580430984497
42,1,0,0.5574580430984497
43,1,0,0.5574580430984497
44,0,0,0.5574581027030945
45,1,0,0.5574580430984497
46,0,0,0.5574581027030945
47,0,0,0.5574581027030945
48,1,0,0.5561667680740356
49,1,0,0.573889434337616
50,1,0,0.5743768811225891
51,0,0,0.5574581027030945
52,1,0,0.5574580430984497
53,0,0,0.5574581027030945
54,0,0,0.5574580430984497
55,0,0,0.5574580430984497
56,0,0,0.5574580430984497
57,1,0,0.65547776222229
58,1,0,0.5574581027030945
59,1,0,0.5961515307426453
60,1,0,0.5574580430984497
61,0,0,0.5574580430984497
62,0,0,0.6082335710525513
63,1,0,0.5574581027030945
64,1,0,0.6250616908073425
65,0,0,0.5574581027030945
66,0,0,0.5574580430984497
67,1,0,0.5743768811225891
68,1,0,0.5574580430984497
69,1,1,0.5001922845840454
70,1,0,0.5743768811225891
71,0,0,0.5574580430984497
72,0,0,0.577285885810852
73,0,0,0.5574581027030945
74,1,0,0.65547776222229
75,1,0,0.5574580430984497
76,1,0,0.5779080986976624
77,1,0,0.5766554474830627
