,label,pred,score
0,1,0,0.8394683003425598
1,0,1,0.515118420124054
2,0,1,0.515118420124054
3,1,1,0.515118420124054
4,1,1,0.515118420124054
5,0,0,0.7983396053314209
6,1,1,0.515118420124054
7,0,0,0.7781668305397034
8,1,0,0.9139447212219238
9,1,1,0.515118420124054
10,0,1,0.515118420124054
11,0,1,0.515118420124054
12,0,1,0.515118420124054
13,0,0,0.913471519947052
14,1,1,0.5151183605194092
15,1,1,0.515118420124054
16,0,1,0.515118420124054
17,0,0,0.8952486515045166
18,0,0,0.803773820400238
19,0,1,0.515118420124054
20,1,1,0.515118420124054
21,0,0,0.7983396053314209
22,1,0,0.7731847763061523
23,1,0,0.7983396053314209
24,1,1,0.515118420124054
25,0,1,0.515118420124054
26,0,1,0.515118420124054
27,1,1,0.515118420124054
28,1,0,0.8394683003425598
29,1,0,0.9139448404312134
30,1,0,0.830373227596283
31,0,1,0.515118420124054
32,1,1,0.515118420124054
33,1,1,0.515118420124054
34,0,0,0.644085705280304
35,0,1,0.515118420124054
36,1,1,0.515118420124054
37,1,0,0.8627029657363892
38,1,1,0.515118420124054
39,0,1,0.515118420124054
40,1,0,0.8991591334342957
41,0,1,0.515118420124054
42,0,1,0.515118420124054
43,0,1,0.515118420124054
44,0,1,0.515118420124054
45,0,0,0.8685333132743835
46,0,1,0.515118420124054
47,1,0,0.8942365646362305
48,0,1,0.515118420124054
49,0,1,0.515118420124054
50,1,1,0.515118420124054
51,0,0,0.803773820400238
52,0,1,0.515118420124054
53,1,1,0.515118420124054
54,1,1,0.515118420124054
55,0,1,0.515118420124054
56,1,1,0.515118420124054
57,1,1,0.515118420124054
58,1,0,0.8942365646362305
59,0,1,0.515118420124054
60,1,1,0.515118420124054
61,1,1,0.515118420124054
