,label,pred,score
0,1,0,0.5000723004341125
1,1,0,0.5000723004341125
2,1,0,0.5000723004341125
3,0,0,0.5000723004341125
4,1,0,0.5000723004341125
5,0,0,0.5000723004341125
6,0,0,0.5000723004341125
7,0,0,0.5000723004341125
8,1,0,0.5000723004341125
9,0,0,0.5000723004341125
10,0,0,0.5000723004341125
11,1,0,0.5000723004341125
12,0,0,0.5000723004341125
13,1,0,0.5000723004341125
14,0,0,0.5000723004341125
15,0,0,0.5000723004341125
16,1,0,0.5000723004341125
17,1,0,0.5000723004341125
18,1,0,0.5000723004341125
19,0,0,0.5000723004341125
