,label,pred,score
0,0,0,0.5520315170288086
1,1,0,0.5520315170288086
2,1,0,0.528695821762085
3,1,0,0.5520315766334534
4,1,1,0.5047370791435242
5,1,0,0.5520315170288086
6,1,0,0.5520315170288086
7,0,0,0.5520315170288086
8,1,0,0.516562819480896
9,1,0,0.5520315170288086
10,0,0,0.5520315170288086
11,1,0,0.5520315170288086
12,0,0,0.5520315170288086
13,0,0,0.5520315170288086
14,0,0,0.577819287776947
15,0,0,0.5520315170288086
16,0,0,0.5520315170288086
17,1,0,0.5520315170288086
18,1,0,0.5520315170288086
19,0,0,0.5520315170288086
20,1,0,0.5440939664840698
21,0,0,0.5520315170288086
22,0,0,0.5520315170288086
23,0,0,0.518004298210144
24,1,0,0.5525161027908325
25,0,0,0.5520315170288086
26,0,0,0.5520315170288086
27,0,0,0.5520315170288086
28,0,0,0.5520315170288086
29,0,0,0.5520315170288086
30,0,0,0.5520315766334534
31,0,0,0.5454867482185364
32,0,0,0.5520315170288086
33,1,1,0.5326269865036011
34,1,0,0.516562819480896
35,1,0,0.5520315170288086
36,0,0,0.5520315170288086
37,1,1,0.5080935955047607
38,1,1,0.5326269865036011
39,0,0,0.5520315170288086
40,0,0,0.5520315170288086
41,0,0,0.5520315170288086
42,1,0,0.5520315170288086
43,1,0,0.5520315170288086
44,1,0,0.5597481727600098
45,0,0,0.5520315170288086
46,1,0,0.5520315170288086
47,0,0,0.5520315170288086
48,1,0,0.5520315170288086
49,0,0,0.5520315170288086
50,0,1,0.5326269865036011
51,1,1,0.518948495388031
52,0,0,0.5520315170288086
53,0,0,0.5520315170288086
54,0,0,0.5520315170288086
55,1,0,0.516562819480896
56,1,0,0.5448482036590576
57,0,0,0.5520315170288086
58,1,0,0.5520315170288086
59,0,1,0.5326269865036011
60,1,0,0.5520315170288086
61,1,0,0.6028205156326294
62,1,0,0.528695821762085
63,1,1,0.5326269865036011
64,1,0,0.516562819480896
65,0,0,0.5520315170288086
66,1,0,0.5297805070877075
67,1,1,0.5080935955047607
68,0,0,0.5520315170288086
69,0,0,0.5520315170288086
70,1,0,0.5520315170288086
71,0,1,0.5080935955047607
72,1,0,0.5440939664840698
73,0,0,0.5520315170288086
74,1,1,0.5402498245239258
75,1,0,0.5520315170288086
76,1,0,0.528695821762085
77,0,0,0.5520315170288086
