,label,pred,score
0,0,0,0.5227917432785034
1,0,0,0.5227917432785034
2,1,1,0.5359373092651367
3,0,0,0.5227917432785034
4,0,0,0.5227917432785034
5,1,1,0.5382954478263855
6,1,0,0.5227917432785034
7,1,1,0.5367604494094849
8,0,0,0.5227917432785034
9,0,0,0.5227917432785034
10,0,0,0.5227917432785034
11,0,0,0.5227917432785034
12,1,1,0.5122893452644348
13,1,1,0.5359373092651367
14,1,0,0.5071184635162354
15,1,1,0.5112784504890442
16,0,0,0.5227917432785034
17,1,1,0.5359373092651367
18,1,1,0.5074297189712524
19,1,1,0.5149644613265991
20,0,0,0.5227917432785034
21,0,0,0.5227917432785034
22,1,0,0.5227917432785034
23,1,0,0.5227917432785034
24,0,0,0.5227917432785034
25,1,1,0.5112784504890442
26,1,0,0.5227917432785034
27,1,0,0.5227917432785034
28,0,1,0.5278412103652954
29,1,1,0.5367604494094849
30,1,1,0.5180673003196716
31,0,0,0.5227918028831482
32,1,1,0.5149644613265991
33,1,0,0.5227917432785034
34,1,1,0.5447469353675842
35,1,1,0.5406001806259155
36,1,0,0.5227918028831482
37,0,0,0.5227917432785034
38,1,1,0.503195583820343
39,0,0,0.5227917432785034
40,1,0,0.5227917432785034
41,0,1,0.5406001806259155
42,0,0,0.5227917432785034
43,0,0,0.5227917432785034
44,0,0,0.5227917432785034
45,0,0,0.5227917432785034
46,1,0,0.5227917432785034
47,1,0,0.5227917432785034
48,0,0,0.5227917432785034
49,1,0,0.5227917432785034
50,0,1,0.5118446350097656
51,0,0,0.5227917432785034
52,0,0,0.5227917432785034
53,0,0,0.5227917432785034
54,0,0,0.5227917432785034
55,1,1,0.5230252146720886
56,1,1,0.5359373092651367
57,0,0,0.5227917432785034
58,0,0,0.5227917432785034
59,0,0,0.5227917432785034
60,1,0,0.5227917432785034
61,1,0,0.5227917432785034
62,0,1,0.5367604494094849
63,1,0,0.5227917432785034
64,1,0,0.5227917432785034
65,1,1,0.5367604494094849
66,0,0,0.5227917432785034
67,0,1,0.5144391059875488
68,0,0,0.5227917432785034
69,0,0,0.5227917432785034
70,0,0,0.5227917432785034
71,1,1,0.5406001806259155
72,0,0,0.5227917432785034
73,1,1,0.5112784504890442
74,1,0,0.5227917432785034
75,0,1,0.5367604494094849
76,1,0,0.5227917432785034
77,0,0,0.5227917432785034
