,label,pred,score
0,0,0,0.5000253319740295
1,1,0,0.5000252723693848
2,0,0,0.5000252723693848
3,0,0,0.5000252723693848
4,1,0,0.5000252723693848
5,1,0,0.5000252723693848
6,0,0,0.5000253319740295
7,1,0,0.5000252723693848
8,1,0,0.5000252723693848
9,1,0,0.5000253319740295
10,0,0,0.5000253319740295
11,0,0,0.5000253319740295
12,1,0,0.5000253319740295
13,0,0,0.5000253319740295
14,0,0,0.5000253319740295
15,1,0,0.5000253319740295
16,0,0,0.5000253319740295
17,1,0,0.5000253319740295
18,1,0,0.5000253319740295
19,0,0,0.5000253319740295
