,label,pred,score
0,0,0,0.6192425489425659
1,1,0,0.6192424893379211
2,0,0,0.6192424893379211
3,1,1,0.6328858137130737
4,1,1,0.6160877346992493
5,1,0,0.6192424893379211
6,0,0,0.6192424893379211
7,0,0,0.6192424893379211
8,1,1,0.6286332011222839
9,0,1,0.7235495448112488
10,1,0,0.6192424893379211
11,0,1,0.6160877346992493
12,1,0,0.6192424893379211
13,1,0,0.6401355862617493
14,1,1,0.6180539727210999
15,0,0,0.6192424893379211
16,0,0,0.6192424893379211
17,1,1,0.7506811618804932
18,1,0,0.5274272561073303
19,1,0,0.5274272561073303
20,1,0,0.6192424893379211
21,0,0,0.6192421913146973
22,0,0,0.6192424893379211
23,0,0,0.6192424893379211
24,1,1,0.6160877346992493
25,1,1,0.7506811618804932
26,1,1,0.7154523134231567
27,1,1,0.6500194072723389
28,1,1,0.7506811618804932
29,0,0,0.6192424893379211
30,1,0,0.6192424893379211
31,0,0,0.6192424893379211
32,0,0,0.6192424893379211
33,1,0,0.6401355862617493
34,0,0,0.6192425489425659
35,0,0,0.6192424893379211
36,0,0,0.6192425489425659
37,1,0,0.6192421913146973
38,1,0,0.6192425489425659
39,0,0,0.6192424893379211
40,0,0,0.6192424893379211
41,0,0,0.6192425489425659
42,1,0,0.6192424893379211
43,0,1,0.7182844877243042
44,0,0,0.6192425489425659
45,1,0,0.6192424893379211
46,0,0,0.6192424893379211
47,0,0,0.6192424893379211
48,0,0,0.6192425489425659
49,0,0,0.6192424893379211
50,0,0,0.6192424893379211
51,1,0,0.5274272561073303
52,0,1,0.6160877346992493
53,1,0,0.6192424893379211
54,0,0,0.6192424893379211
55,1,0,0.6192424893379211
56,1,1,0.6316152811050415
57,1,1,0.7171409130096436
58,1,1,0.806351900100708
59,1,1,0.6180539727210999
60,0,1,0.5915289521217346
61,1,1,0.6160877346992493
62,0,0,0.6192425489425659
63,0,0,0.6192424893379211
64,1,0,0.6192424893379211
65,1,0,0.6192424893379211
66,1,0,0.6192424893379211
67,0,0,0.6401355862617493
68,0,0,0.6192424893379211
69,0,0,0.6192424893379211
70,1,0,0.6192424893379211
71,0,0,0.6192424893379211
72,1,1,0.7560851573944092
73,1,0,0.5274272561073303
74,0,0,0.6192424893379211
75,1,0,0.6192424893379211
76,0,0,0.6192424893379211
77,0,0,0.6192424893379211
