,label,pred,score
0,1,1,0.72890704870224
1,1,1,0.697636067867279
2,1,0,0.5345965623855591
3,1,1,0.72890704870224
4,1,0,0.5345965623855591
5,1,1,0.6984180212020874
6,0,0,0.5345965623855591
7,0,0,0.5345965623855591
8,0,0,0.5345965623855591
9,0,0,0.5345965623855591
10,1,0,0.5345965623855591
11,0,1,0.6320081949234009
12,1,0,0.5345965623855591
13,1,0,0.5345965623855591
14,1,1,0.6984180212020874
15,0,0,0.5345965623855591
16,1,1,0.8031054139137268
17,1,1,0.8059820532798767
18,0,1,0.737000584602356
19,0,0,0.5345965623855591
20,0,0,0.5345965623855591
21,0,0,0.5345965623855591
22,1,1,0.697636067867279
23,0,0,0.5345965623855591
24,1,1,0.6922279000282288
25,0,0,0.5345965623855591
26,1,1,0.8291018009185791
27,0,0,0.5345965623855591
28,1,0,0.5345965623855591
29,1,1,0.8291018009185791
30,1,0,0.5345965623855591
31,0,0,0.5345965623855591
32,0,0,0.5345965623855591
33,0,0,0.5345965623855591
34,0,0,0.5345965623855591
35,1,1,0.8291018009185791
36,1,1,0.737000584602356
37,1,1,0.8183504939079285
38,1,0,0.5345965623855591
39,0,0,0.5345965623855591
40,1,0,0.5345965623855591
41,1,0,0.5345965623855591
42,1,0,0.5345965623855591
43,0,1,0.7625710964202881
44,0,0,0.5345965623855591
45,0,0,0.5345965623855591
46,1,1,0.697636067867279
47,1,1,0.8297801613807678
48,1,1,0.6484248042106628
49,1,0,0.5345965623855591
50,1,1,0.737000584602356
51,0,0,0.5345965623855591
52,0,0,0.5345965623855591
53,1,0,0.5345965623855591
54,0,0,0.5345965623855591
55,0,1,0.8291016817092896
56,1,1,0.6633273959159851
57,1,1,0.697636067867279
58,0,0,0.5345965623855591
59,0,0,0.5345965623855591
60,0,0,0.5345965623855591
61,0,0,0.5345965623855591
62,1,0,0.5345965623855591
63,0,0,0.5345965623855591
64,0,0,0.5345965623855591
65,1,1,0.7289069890975952
66,0,0,0.5345965623855591
67,1,1,0.6503201127052307
68,0,0,0.5345965623855591
69,0,1,0.7178288102149963
70,1,0,0.5345965623855591
71,0,0,0.5345965623855591
72,0,0,0.5345965623855591
73,0,0,0.5345965623855591
74,0,1,0.8291016817092896
75,0,0,0.5345965623855591
76,1,0,0.5345965623855591
77,1,0,0.5345965623855591
