,label,pred,score
0,0,0,0.5000887513160706
1,1,0,0.5000887513160706
2,1,0,0.5000887513160706
3,1,0,0.5000887513160706
4,1,0,0.5000887513160706
5,0,0,0.5000887513160706
6,1,0,0.5000887513160706
7,0,0,0.5000887513160706
8,1,0,0.5000887513160706
9,0,0,0.5000887513160706
10,1,0,0.5000887513160706
11,0,0,0.5000887513160706
12,0,0,0.5000887513160706
13,0,0,0.5000887513160706
14,0,0,0.5000887513160706
15,1,0,0.5000887513160706
16,1,0,0.5000887513160706
17,0,0,0.5000887513160706
18,0,0,0.5000887513160706
19,1,0,0.5000887513160706
