,label,pred,score
0,1,1,0.5272350311279297
1,0,1,0.5272350311279297
2,0,1,0.5272350311279297
3,0,1,0.5272350311279297
4,1,1,0.5272350311279297
5,0,0,0.5318520665168762
6,1,1,0.5272350311279297
7,1,1,0.5272350311279297
8,0,1,0.5272350311279297
9,0,1,0.5272350311279297
10,0,1,0.5272350311279297
11,1,1,0.5272350311279297
12,0,1,0.5272350311279297
13,1,1,0.5272350311279297
14,1,1,0.5272350311279297
15,1,0,0.5360077619552612
16,0,1,0.5272350311279297
17,0,0,0.6345143914222717
18,1,1,0.5272350311279297
19,0,1,0.5272350311279297
20,0,1,0.5272350311279297
21,0,0,0.5283491015434265
22,1,1,0.5272350311279297
23,0,1,0.5097169280052185
24,1,1,0.5272350311279297
25,0,1,0.5272350311279297
26,1,1,0.5272350311279297
27,1,1,0.5272350311279297
28,0,1,0.5272350311279297
29,1,1,0.5272350311279297
30,0,0,0.5283491015434265
31,0,1,0.5272350311279297
32,1,1,0.5272350311279297
33,1,1,0.5272350311279297
34,0,0,0.6613290905952454
35,0,1,0.5272350311279297
36,1,1,0.5272350311279297
37,0,1,0.5272350311279297
38,1,0,0.597630500793457
39,1,1,0.5020974278450012
40,0,0,0.5178345441818237
41,1,0,0.5695415139198303
42,0,1,0.5272350311279297
43,0,1,0.5272350311279297
44,1,1,0.5272350311279297
45,0,1,0.5205408930778503
46,0,0,0.5178345441818237
47,1,1,0.5020974278450012
48,1,1,0.5272350311279297
49,1,0,0.5692733526229858
50,0,1,0.5272350311279297
51,0,1,0.5272350311279297
52,0,1,0.5272350311279297
53,1,1,0.5272350311279297
54,1,0,0.5321583151817322
55,1,0,0.5283491015434265
56,1,0,0.501579761505127
57,1,0,0.5695415139198303
58,0,1,0.5272350311279297
59,1,0,0.5360077619552612
60,0,1,0.5272350311279297
61,1,1,0.5272350311279297
