,label,pred,score
0,1,1,0.5002076625823975
1,0,1,0.5002076625823975
2,1,1,0.5002076625823975
3,0,1,0.5002076625823975
4,0,1,0.5002076625823975
5,1,0,0.5061691403388977
6,0,1,0.5002076625823975
7,0,1,0.5002076625823975
8,0,0,0.5174110531806946
9,0,0,0.5115996599197388
10,1,0,0.5415826439857483
11,0,1,0.5002076625823975
12,0,1,0.5002076625823975
13,1,1,0.5002076625823975
14,1,0,0.5179692506790161
15,0,0,0.5467208623886108
16,0,1,0.5002076625823975
17,1,1,0.5002076625823975
18,0,1,0.5002076625823975
19,1,1,0.5608925223350525
20,1,1,0.5608925223350525
21,1,1,0.5002076625823975
22,1,1,0.5002076625823975
23,0,1,0.5002076625823975
24,0,0,0.5283342599868774
25,1,1,0.5002076625823975
26,0,0,0.5467208623886108
27,1,1,0.5002076625823975
28,0,1,0.5002076625823975
29,1,1,0.5002076625823975
30,0,1,0.5002076625823975
31,1,1,0.5002076625823975
32,1,1,0.5002076625823975
33,1,0,0.5665338039398193
34,1,1,0.5002076625823975
35,0,1,0.5002076625823975
36,0,1,0.5002076625823975
37,1,1,0.5002076625823975
38,1,1,0.5002076625823975
39,1,0,0.5027674436569214
40,1,0,0.5665338039398193
41,1,1,0.5002076625823975
42,0,1,0.5002076625823975
43,1,1,0.5002076625823975
44,1,0,0.5223086476325989
45,0,1,0.5002076625823975
46,0,0,0.5528786182403564
47,0,0,0.5223086476325989
48,1,1,0.500207781791687
49,0,1,0.5002076625823975
50,0,0,0.5223086476325989
51,1,0,0.5203296542167664
52,1,1,0.5002076625823975
53,0,1,0.5002076625823975
54,0,1,0.5565940737724304
55,1,1,0.5002076625823975
56,0,1,0.5002076625823975
57,0,1,0.5002076625823975
58,1,0,0.5415826439857483
59,1,1,0.5002076625823975
60,0,1,0.5002076625823975
61,0,1,0.5002076625823975
