,label,pred,score
0,1,0,0.5166396498680115
1,1,1,0.5088709592819214
2,1,0,0.5166396498680115
3,1,0,0.520786702632904
4,0,0,0.5166396498680115
5,1,0,0.5000073909759521
6,1,0,0.5251370668411255
7,0,0,0.5166396498680115
8,1,0,0.5166396498680115
9,1,0,0.5166396498680115
10,1,0,0.5166396498680115
11,1,0,0.5166396498680115
12,1,0,0.5148269534111023
13,0,0,0.5166396498680115
14,0,0,0.5166396498680115
15,0,0,0.5166396498680115
16,0,0,0.5166396498680115
17,0,0,0.5166396498680115
18,1,0,0.5399616956710815
19,1,0,0.5166396498680115
20,0,0,0.5399616956710815
21,0,0,0.5166396498680115
22,1,0,0.5166396498680115
23,0,1,0.5135517120361328
24,1,1,0.5402162075042725
25,0,0,0.5166396498680115
26,0,0,0.5166396498680115
27,0,0,0.5166396498680115
28,0,0,0.5166396498680115
29,1,0,0.5026117563247681
30,1,0,0.5251370668411255
31,0,0,0.5166397094726562
32,1,0,0.543035089969635
33,1,0,0.5166396498680115
34,1,0,0.5297811031341553
35,0,0,0.5251370668411255
36,0,0,0.5166396498680115
37,1,1,0.5017263889312744
38,1,0,0.5251370668411255
39,1,0,0.5166396498680115
40,0,0,0.5166396498680115
41,1,0,0.5166396498680115
42,0,0,0.5166396498680115
43,0,0,0.5251370668411255
44,0,0,0.5166396498680115
45,1,0,0.543035089969635
46,0,0,0.5166396498680115
47,0,0,0.5166396498680115
48,1,1,0.5088709592819214
49,1,1,0.507793664932251
50,0,0,0.5166396498680115
51,1,0,0.5166396498680115
52,1,0,0.5166396498680115
53,0,0,0.5166396498680115
54,1,0,0.5166396498680115
55,0,0,0.5166396498680115
56,0,0,0.5166396498680115
57,1,0,0.5166396498680115
58,1,0,0.543035089969635
59,0,0,0.5166396498680115
60,0,0,0.5166396498680115
61,0,0,0.5166396498680115
62,0,0,0.5166396498680115
63,1,0,0.5026117563247681
64,1,0,0.5399616360664368
65,1,0,0.5166397094726562
66,0,0,0.5166396498680115
67,1,1,0.5276851654052734
68,1,1,0.5088709592819214
69,0,0,0.5166396498680115
70,0,0,0.5166396498680115
71,0,0,0.5166396498680115
72,0,1,0.5011289119720459
73,0,0,0.5166396498680115
74,0,0,0.5086126923561096
75,0,0,0.5166396498680115
76,1,0,0.543035089969635
77,1,0,0.5166396498680115
