,label,pred,score
0,0,0,0.506659209728241
1,0,0,0.506659209728241
2,0,0,0.506659209728241
3,0,0,0.506659209728241
4,1,0,0.5128523707389832
5,1,1,0.532813549041748
6,0,0,0.506659209728241
7,1,0,0.506659209728241
8,0,0,0.506659209728241
9,1,1,0.5048606991767883
10,0,0,0.506659209728241
11,0,0,0.506659209728241
12,1,0,0.506659209728241
13,0,0,0.506659209728241
14,1,0,0.5069218277931213
15,0,0,0.506659209728241
16,1,0,0.506659209728241
17,0,0,0.506659209728241
18,1,1,0.5696995258331299
19,1,1,0.5696995258331299
20,1,1,0.5048606991767883
21,1,0,0.5104798078536987
22,0,1,0.5461982488632202
23,0,0,0.506659209728241
24,1,0,0.5366499423980713
25,0,0,0.506659209728241
26,0,0,0.506659209728241
27,0,0,0.506659209728241
28,0,0,0.506659209728241
29,0,0,0.506659209728241
30,0,0,0.506659209728241
31,1,0,0.506659209728241
32,1,0,0.506659209728241
33,0,1,0.5325450301170349
34,0,1,0.5137171149253845
35,0,0,0.506659209728241
36,1,1,0.5027058720588684
37,1,0,0.506659209728241
38,1,1,0.5696995258331299
39,0,0,0.506659209728241
40,1,0,0.506659209728241
41,0,0,0.506659209728241
42,1,1,0.5696995258331299
43,0,0,0.506659209728241
44,0,0,0.506659209728241
45,1,0,0.5128523707389832
46,1,1,0.5461982488632202
47,0,1,0.5048606991767883
48,0,0,0.506659209728241
49,0,0,0.506659209728241
50,1,0,0.506659209728241
51,1,0,0.506659209728241
52,1,0,0.506659209728241
53,1,0,0.5128523707389832
54,0,0,0.506659209728241
55,0,1,0.5092979669570923
56,1,0,0.506659209728241
57,0,0,0.506659209728241
58,1,1,0.5461982488632202
59,1,1,0.5770121812820435
60,1,1,0.5007122159004211
61,1,1,0.5189831256866455
62,1,1,0.5461982488632202
63,1,1,0.5027058720588684
64,1,0,0.506659209728241
65,0,0,0.506659209728241
66,0,0,0.506659209728241
67,1,0,0.506659209728241
68,1,0,0.506659209728241
69,0,0,0.506659209728241
70,0,0,0.506659209728241
71,1,0,0.506659209728241
72,0,0,0.506659209728241
73,1,0,0.506659209728241
74,1,1,0.5182895064353943
75,0,0,0.506659209728241
76,1,0,0.506659209728241
77,0,1,0.5461982488632202
