,label,pred,score
0,0,0,0.5405609607696533
1,0,0,0.5405609607696533
2,1,1,0.5111643075942993
3,0,0,0.5405609607696533
4,0,0,0.5405609607696533
5,0,0,0.6389589309692383
6,1,1,0.5166788697242737
7,1,0,0.5405609607696533
8,1,0,0.5405609607696533
9,0,0,0.5405609607696533
10,0,0,0.5405609607696533
11,0,0,0.5405609607696533
12,1,1,0.5166788697242737
13,1,1,0.5652122497558594
14,1,1,0.5823078751564026
15,0,0,0.5405609607696533
16,0,1,0.5166788697242737
17,0,0,0.5405609607696533
18,1,0,0.5064675211906433
19,0,0,0.5405609607696533
20,1,0,0.5086670517921448
21,0,0,0.5405609607696533
22,1,0,0.5405609607696533
23,1,0,0.5405609607696533
24,1,0,0.5405609607696533
25,1,0,0.5405609607696533
26,1,0,0.5064675211906433
27,1,0,0.5405609607696533
28,1,1,0.5111643075942993
29,0,0,0.5405609607696533
30,1,0,0.5405609607696533
31,0,1,0.5483067631721497
32,1,0,0.6096948981285095
33,1,1,0.5823078751564026
34,1,0,0.5405609607696533
35,1,0,0.5405609607696533
36,0,0,0.5405609607696533
37,1,0,0.5064675211906433
38,0,0,0.5405609607696533
39,0,0,0.5405609607696533
40,1,0,0.5405609607696533
41,1,0,0.5405609607696533
42,0,0,0.5405609607696533
43,1,0,0.5400382280349731
44,0,0,0.5405609607696533
45,0,0,0.5405609607696533
46,0,1,0.5823078155517578
47,0,0,0.5405609607696533
48,0,0,0.5405609607696533
49,0,0,0.5405609607696533
50,0,0,0.5405609607696533
51,0,0,0.5405609607696533
52,1,1,0.5166788697242737
53,0,0,0.5405609607696533
54,0,0,0.5405609607696533
55,0,0,0.5405609607696533
56,1,0,0.5064675211906433
57,0,0,0.5405609607696533
58,0,0,0.5405609607696533
59,1,0,0.5405609607696533
60,0,0,0.5405609607696533
61,1,0,0.558832049369812
62,1,0,0.5461262464523315
63,1,0,0.5405609607696533
64,0,0,0.5405609607696533
65,0,0,0.5405609607696533
66,0,0,0.5451377034187317
67,1,0,0.5405609607696533
68,0,0,0.5405609607696533
69,1,1,0.5138328075408936
70,1,1,0.5111643075942993
71,1,1,0.694095253944397
72,1,0,0.5445789694786072
73,1,0,0.558832049369812
74,1,0,0.5405609607696533
75,1,0,0.5405609607696533
76,0,0,0.5405609607696533
77,0,1,0.5166788697242737
