,label,pred,score
0,1,1,0.5132545232772827
1,1,1,0.5132545232772827
2,1,1,0.5132545232772827
3,1,1,0.5132545828819275
4,0,1,0.5233997702598572
5,1,1,0.5879347920417786
6,0,1,0.5132545232772827
7,1,1,0.5132545232772827
8,0,1,0.5132545232772827
9,0,1,0.5151408910751343
10,0,1,0.5233739018440247
11,0,1,0.5132545232772827
12,0,1,0.5132545232772827
13,1,1,0.5281899571418762
14,1,1,0.5132545232772827
15,0,1,0.5132545232772827
16,1,1,0.5132545232772827
17,1,1,0.5132545232772827
18,1,1,0.6276769042015076
19,0,1,0.5132545232772827
20,0,1,0.5132545232772827
21,1,1,0.528718113899231
22,1,1,0.5132545232772827
23,0,1,0.5202034711837769
24,0,1,0.5132545232772827
25,0,1,0.5132545232772827
26,1,1,0.5132545232772827
27,1,0,0.5020090341567993
28,1,1,0.5132545232772827
29,1,1,0.5132545232772827
30,0,1,0.5132545232772827
31,0,1,0.5132545232772827
32,0,1,0.5132545232772827
33,1,1,0.5281899571418762
34,1,1,0.5132545232772827
35,0,1,0.5132545232772827
36,0,1,0.5132545232772827
37,0,1,0.5132545232772827
38,0,1,0.5132545232772827
39,1,1,0.5231654047966003
40,0,1,0.5754744410514832
41,0,1,0.5132545232772827
42,1,0,0.5020090341567993
43,0,1,0.5132545232772827
44,0,1,0.5597051382064819
45,0,1,0.5132545232772827
46,0,1,0.5233997702598572
47,0,1,0.5202034711837769
48,1,1,0.5233997702598572
49,1,1,0.5132545232772827
50,1,1,0.5132545232772827
51,1,1,0.5132545232772827
52,0,1,0.5132545232772827
53,1,1,0.5132545232772827
54,1,1,0.5132545232772827
55,1,1,0.5421421527862549
56,1,1,0.5132545232772827
57,1,1,0.6276769042015076
58,0,1,0.5132545232772827
59,0,1,0.5132545232772827
60,1,1,0.5132545232772827
61,0,1,0.6287996768951416
