,label,pred,score
0,0,0,0.6354615688323975
1,1,1,0.6773735284805298
2,0,0,0.6354616284370422
3,0,1,0.6866271495819092
4,0,1,0.690104603767395
5,1,0,0.6354615688323975
6,0,1,0.6846495866775513
7,0,0,0.6354615688323975
8,0,1,0.6860512495040894
9,0,0,0.6354616284370422
10,0,1,0.6804921627044678
11,1,0,0.6354615688323975
12,1,0,0.6354615688323975
13,1,0,0.6354615688323975
14,0,0,0.6354615688323975
15,0,0,0.6354616284370422
16,1,0,0.6354616284370422
17,1,1,0.6773735284805298
18,1,0,0.6354616284370422
19,1,1,0.6920374035835266
20,1,0,0.6354616284370422
21,1,0,0.6354616284370422
22,0,0,0.6354616284370422
23,1,0,0.6354616284370422
24,1,0,0.6354616284370422
25,0,0,0.6354616284370422
26,0,0,0.6354616284370422
27,0,0,0.6354616284370422
28,1,0,0.6354616284370422
29,1,1,0.6908112168312073
30,0,1,0.6773735284805298
31,1,1,0.690104603767395
