,label,pred,score
0,1,1,0.5000860095024109
1,0,1,0.5000860095024109
2,0,1,0.5000860095024109
3,1,1,0.5000860095024109
4,0,1,0.5000860095024109
5,1,1,0.5000859498977661
6,1,1,0.5000860095024109
7,1,1,0.5000859498977661
8,1,1,0.5000860095024109
9,1,1,0.5000859498977661
10,1,1,0.5000859498977661
11,0,1,0.5000860095024109
12,0,1,0.5000860095024109
13,1,1,0.5000860095024109
14,0,1,0.5000860095024109
15,0,1,0.5000860095024109
16,0,1,0.5000859498977661
17,0,1,0.5000859498977661
18,1,1,0.5000859498977661
19,0,1,0.5000860095024109
