,label,pred,score
0,1,0,0.5000029802322388
1,1,0,0.5000029802322388
2,0,0,0.5000029802322388
3,0,0,0.5000029802322388
4,0,0,0.5000029802322388
5,0,0,0.5000029802322388
6,1,0,0.5000029802322388
7,0,0,0.5000029802322388
8,1,0,0.5000029802322388
9,1,0,0.5000029802322388
10,0,0,0.5000029802322388
11,1,0,0.5000029802322388
12,0,0,0.5000029802322388
13,1,0,0.5000029802322388
14,0,0,0.5000029802322388
15,1,0,0.5000029802322388
16,1,0,0.5000029802322388
17,0,0,0.5000029802322388
18,1,0,0.5000029802322388
19,0,0,0.5000029802322388
