,label,pred,score
0,0,1,0.5793218612670898
1,0,0,0.6581459641456604
2,0,0,0.6581459641456604
3,0,0,0.6581459641456604
4,1,0,0.6581459641456604
5,1,1,0.6614749431610107
6,1,0,0.6581459641456604
7,1,0,0.6581459641456604
8,0,1,0.523098349571228
9,0,0,0.6581459641456604
10,1,1,0.6207908987998962
11,0,0,0.6581459641456604
12,1,1,0.5493724942207336
13,1,1,0.5493724942207336
14,1,0,0.6581459641456604
15,0,0,0.6581459641456604
16,0,1,0.5468831062316895
17,1,0,0.6581460237503052
18,0,1,0.5538897514343262
19,1,0,0.6581460237503052
20,1,0,0.6581460237503052
21,1,0,0.6581460237503052
22,0,0,0.6581460237503052
23,0,0,0.6581459641456604
24,1,0,0.6581460237503052
25,0,0,0.6581460237503052
26,1,1,0.5468831062316895
27,0,1,0.5493724942207336
28,1,0,0.6581460237503052
29,0,0,0.6581460237503052
30,0,1,0.6319915056228638
31,1,0,0.6581460237503052
