,label,pred,score
0,1,0,0.6960604786872864
1,0,0,0.6960604786872864
2,0,0,0.6960604786872864
3,1,1,0.5682229995727539
4,1,0,0.6960604786872864
5,0,0,0.6960604786872864
6,0,1,0.5523759126663208
7,0,0,0.6960604786872864
8,1,0,0.6960604786872864
9,1,0,0.6960604786872864
10,1,0,0.6960604786872864
11,1,1,0.5221839547157288
12,0,0,0.6960604786872864
13,0,0,0.6960604786872864
14,1,0,0.6960604786872864
15,1,1,0.5329268574714661
16,0,1,0.5517961382865906
17,0,0,0.6960604190826416
18,0,0,0.6960604190826416
19,1,1,0.6161929368972778
20,1,0,0.6960604190826416
21,0,1,0.5329268574714661
22,1,1,0.5329268574714661
23,1,0,0.6960604190826416
24,0,0,0.5034189224243164
25,0,1,0.6113249063491821
26,0,0,0.6960604190826416
27,0,0,0.6960604190826416
28,1,0,0.6960604190826416
29,1,0,0.6960604190826416
30,1,0,0.6960604190826416
31,0,1,0.5221839547157288
