,label,pred,score
0,0,1,0.5000442862510681
1,1,1,0.5000442862510681
2,1,1,0.5000442862510681
3,1,1,0.5000442862510681
4,1,1,0.5000442862510681
5,1,1,0.5000442862510681
6,0,1,0.5000442862510681
7,0,1,0.5000442862510681
8,0,1,0.5000442862510681
9,0,1,0.5000442862510681
10,1,1,0.5000442862510681
11,1,1,0.5000442862510681
12,0,1,0.5000442862510681
13,0,1,0.5000442862510681
14,0,1,0.5000442862510681
15,1,1,0.5000442862510681
16,1,1,0.5000442862510681
17,0,1,0.5000442862510681
18,1,1,0.5000442862510681
19,0,1,0.5000442862510681
