,label,pred,score
0,0,0,0.5226872563362122
1,1,1,0.9777073860168457
2,0,0,0.5226872563362122
3,0,1,0.8971013426780701
4,0,0,0.5226871967315674
5,0,1,0.7237619757652283
6,0,0,0.5226872563362122
7,0,0,0.5226871967315674
8,1,1,0.9671230912208557
9,0,0,0.5226871967315674
10,0,0,0.5226872563362122
11,0,0,0.5226552486419678
12,1,1,0.9088905453681946
13,0,0,0.5226871967315674
14,1,1,0.8545917868614197
15,1,1,0.91738361120224
16,0,0,0.5226871967315674
17,1,0,0.5226871967315674
18,1,1,0.5357109904289246
19,1,1,0.9753255248069763
20,0,1,0.9449796676635742
21,1,0,0.5226871967315674
22,1,0,0.5226871967315674
23,1,0,0.5226871967315674
24,0,1,0.8971013426780701
25,1,0,0.5226872563362122
26,1,0,0.5226871967315674
27,1,0,0.5226872563362122
28,1,0,0.5226872563362122
29,0,0,0.5226871967315674
30,0,1,0.9435160756111145
31,1,0,0.5226872563362122
32,0,0,0.5226872563362122
33,0,0,0.5226871967315674
34,1,1,0.9671230912208557
35,1,1,0.8492832779884338
36,1,0,0.5226872563362122
37,1,1,0.8545917868614197
38,0,0,0.5226871967315674
39,0,0,0.5226872563362122
40,0,0,0.5226872563362122
41,1,0,0.5226872563362122
42,0,0,0.5226872563362122
43,0,0,0.5226872563362122
44,1,1,0.9753255248069763
45,0,0,0.5226872563362122
46,1,0,0.5226872563362122
47,0,0,0.5226872563362122
48,1,1,0.9449796676635742
49,0,1,0.5357110500335693
50,1,0,0.5226872563362122
51,1,1,0.9449796676635742
52,0,0,0.5226872563362122
53,1,1,0.8971013426780701
54,1,1,0.7951235175132751
55,0,0,0.5226872563362122
56,1,1,0.9134098291397095
57,1,0,0.5226872563362122
58,1,1,0.8545918464660645
59,1,1,0.8971013426780701
60,0,0,0.5226872563362122
61,1,1,0.682183563709259
62,1,1,0.8545918464660645
63,0,0,0.5226872563362122
64,1,0,0.5226872563362122
65,1,0,0.5226872563362122
66,0,1,0.7870887517929077
67,0,0,0.5226872563362122
68,0,0,0.5226872563362122
69,0,0,0.5226872563362122
70,1,1,0.9753255248069763
71,0,0,0.5226872563362122
72,0,0,0.5226872563362122
73,0,0,0.5226872563362122
74,1,1,0.8971013426780701
75,0,0,0.5226872563362122
76,1,1,0.9165921211242676
77,0,0,0.5226872563362122
