,label,pred,score
0,0,1,0.5000836849212646
1,0,1,0.5000836849212646
2,0,1,0.5000836849212646
3,1,1,0.5000836849212646
4,0,1,0.5000836849212646
5,1,1,0.5000836849212646
6,1,1,0.5000836849212646
7,0,1,0.5000836849212646
8,0,1,0.5000836849212646
9,1,1,0.5000836849212646
10,1,1,0.5000836849212646
11,0,1,0.5000836849212646
12,1,1,0.5000836849212646
13,0,1,0.5000836849212646
14,1,1,0.5000836849212646
15,1,1,0.5000836849212646
16,0,1,0.5000836849212646
17,0,1,0.5000836849212646
18,1,1,0.5000836849212646
19,1,1,0.5000836849212646
