,label,pred,score
0,0,0,0.9920709729194641
1,0,0,0.9915567636489868
2,1,0,0.6123735308647156
3,0,1,0.7901611328125
4,0,0,0.5687413811683655
5,0,0,0.9876541495323181
6,0,0,0.9879487752914429
7,0,0,0.9914064407348633
8,1,1,0.7008876800537109
9,1,1,0.5695865154266357
10,1,0,0.5858697295188904
11,0,0,0.9915065169334412
12,1,1,0.9666963219642639
13,1,1,0.9518309235572815
14,0,1,0.978050947189331
15,0,0,0.986729085445404
16,1,1,0.9128698110580444
17,0,0,0.9917984008789062
18,1,1,0.5742475986480713
19,1,0,0.5469813942909241
20,1,1,0.6760704517364502
21,0,0,0.7531180381774902
22,1,0,0.972052812576294
23,0,1,0.6784588694572449
24,1,0,0.5417671203613281
25,1,0,0.8464322090148926
26,0,0,0.9890772104263306
27,0,0,0.8457475304603577
28,1,1,0.9827916026115417
29,0,0,0.9937452077865601
30,1,0,0.9197282791137695
31,1,1,0.9309406280517578
