,label,pred,score
0,0,0,0.9339149594306946
1,0,0,0.984142005443573
2,1,1,0.8998005986213684
3,0,0,0.9873965382575989
4,0,0,0.9778067469596863
5,0,1,0.7626504302024841
6,1,0,0.7812196016311646
7,0,0,0.8872913718223572
8,0,1,0.7489026188850403
9,0,0,0.7439820766448975
10,1,1,0.7655364871025085
11,0,1,0.8675118684768677
12,0,0,0.8484112024307251
13,1,1,0.9901202917098999
14,1,1,0.7694650292396545
15,1,1,0.9018702507019043
16,0,0,0.9012777805328369
17,1,0,0.958519697189331
18,1,1,0.9637725949287415
19,1,1,0.769062876701355
20,0,0,0.9937052130699158
21,0,0,0.9914973378181458
22,1,1,0.842282235622406
23,0,0,0.9886491298675537
24,1,0,0.9118247628211975
25,1,0,0.9877695441246033
26,1,1,0.9307758212089539
27,1,1,0.9913696050643921
28,1,1,0.998044490814209
29,0,0,0.98490309715271
30,1,1,0.9782362580299377
31,1,1,0.8475409746170044
32,0,0,0.9525260329246521
33,0,0,0.9452347755432129
34,0,0,0.856961727142334
35,1,1,0.9914878606796265
36,1,1,0.963106095790863
37,1,1,0.922823965549469
38,0,0,0.8940359354019165
39,0,0,0.9893635511398315
40,0,0,0.7511523962020874
41,1,1,0.9858967661857605
42,1,1,0.9817720651626587
43,1,1,0.9200384616851807
44,0,0,0.9914832711219788
45,1,1,0.8780956268310547
46,0,0,0.8798848390579224
47,0,0,0.9794641733169556
48,0,0,0.9887667298316956
49,0,0,0.985782265663147
50,0,0,0.9945085644721985
51,1,1,0.9964146614074707
52,0,1,0.7490377426147461
53,0,0,0.9835630655288696
54,1,1,0.9358497262001038
55,1,1,0.9465717673301697
56,1,1,0.9871035218238831
57,1,1,0.9883273243904114
58,0,0,0.970636785030365
59,1,0,0.9868773818016052
60,0,0,0.9027583003044128
61,1,1,0.9443865418434143
