,label,pred,score
0,1,1,0.9804077744483948
1,1,1,0.9863052368164062
2,1,1,0.9784310460090637
3,0,0,0.9817391037940979
4,1,1,0.9193010926246643
5,0,1,0.9690065979957581
6,1,1,0.9649513959884644
7,1,1,0.9734619855880737
8,0,0,0.9650941491127014
9,0,0,0.7892484068870544
10,0,0,0.989672064781189
11,0,0,0.9444601535797119
12,1,1,0.9866963028907776
13,0,0,0.9548649787902832
14,1,1,0.775456964969635
15,0,0,0.984649121761322
16,0,0,0.822580873966217
17,1,1,0.9788005948066711
18,1,1,0.9581008553504944
19,1,1,0.9903880953788757
20,1,1,0.9283304810523987
21,0,0,0.5681639909744263
22,1,1,0.9511563181877136
23,0,0,0.942430853843689
24,1,1,0.9886564016342163
25,1,1,0.8547860383987427
26,0,1,0.9862126111984253
27,1,1,0.9833872318267822
28,0,0,0.9877580404281616
29,0,0,0.7964200377464294
30,0,1,0.9444066286087036
31,1,1,0.9921631217002869
32,1,1,0.9959659576416016
33,1,1,0.8513034582138062
34,0,0,0.8546596765518188
35,0,0,0.6434250473976135
36,0,0,0.909853458404541
37,1,1,0.9860451817512512
38,1,1,0.9869840145111084
39,0,0,0.9243581295013428
40,0,0,0.8645936250686646
41,0,0,0.9124236106872559
42,0,0,0.9854196906089783
43,0,0,0.9738674759864807
44,0,1,0.8833150267601013
45,0,0,0.8831121325492859
46,1,0,0.5015331506729126
47,1,1,0.9950093030929565
48,1,1,0.9737626910209656
49,1,1,0.6304950714111328
50,1,1,0.8030579686164856
51,0,0,0.9840999841690063
52,0,0,0.9123508334159851
53,1,1,0.9745657444000244
54,1,1,0.9797073602676392
55,0,0,0.9662213325500488
56,1,1,0.9950992465019226
57,1,0,0.952397882938385
58,0,0,0.979486882686615
59,0,0,0.9442702531814575
60,1,1,0.5216963887214661
61,0,0,0.9920365810394287
