,label,pred,score
0,1,1,0.8976621627807617
1,0,1,0.7894997596740723
2,0,0,0.9752501249313354
3,0,0,0.9826568961143494
4,0,0,0.5395665168762207
5,0,0,0.8868151307106018
6,0,0,0.8500052094459534
7,1,1,0.9705416560173035
8,0,0,0.9785934686660767
9,0,0,0.8334993720054626
10,1,0,0.8603923916816711
11,0,1,0.8760915994644165
12,1,1,0.9148463606834412
13,1,1,0.9007864594459534
14,0,0,0.9734424352645874
15,0,0,0.8669939041137695
16,0,1,0.9776034355163574
17,0,1,0.8276780247688293
18,1,1,0.914374589920044
19,1,1,0.8970972895622253
20,0,0,0.9412644505500793
21,1,1,0.9791556000709534
22,1,1,0.9064085483551025
23,1,1,0.8765219449996948
24,0,0,0.9807836413383484
25,1,0,0.6073887944221497
26,1,1,0.8479057550430298
27,1,1,0.7528124451637268
28,1,1,0.9110614061355591
29,0,0,0.9054008722305298
30,1,1,0.8823784589767456
31,1,1,0.8778154253959656
