,label,pred,score
0,0,0,0.8596200346946716
1,1,1,0.9935997724533081
2,1,1,0.9943662881851196
3,0,0,0.997340977191925
4,1,0,0.9971016049385071
5,1,1,0.9955195188522339
6,1,0,0.6379706263542175
7,0,0,0.9968089461326599
8,0,0,0.9035370945930481
9,1,1,0.9841400384902954
10,1,0,0.7315819263458252
11,0,1,0.9758580923080444
12,1,0,0.9941843152046204
13,0,0,0.9975379705429077
14,0,0,0.7358742952346802
15,0,1,0.5335214734077454
16,1,1,0.9750805497169495
17,0,1,0.5144372582435608
18,1,1,0.9788356423377991
19,0,0,0.9709382057189941
