,label,pred,score
0,1,1,0.9048035144805908
1,1,1,0.926514208316803
2,1,1,0.8617776036262512
3,0,0,0.965622067451477
4,1,0,0.9961007833480835
5,0,0,0.9989049434661865
6,0,1,0.5409404635429382
7,1,1,0.517341673374176
8,0,0,0.5564553737640381
9,1,1,0.9055728912353516
10,0,0,0.5071519017219543
11,0,0,0.9989826083183289
12,0,0,0.7508546113967896
13,0,0,0.6914860010147095
14,1,1,0.7718973755836487
15,1,1,0.8906179070472717
16,1,1,0.773020327091217
17,0,0,0.9991812109947205
18,0,1,0.9297221899032593
19,1,0,0.945727527141571
