,label,pred,score
0,1,1,0.5426808595657349
1,1,1,0.8082252740859985
2,1,1,0.8791432976722717
3,0,0,0.5627027153968811
4,1,1,0.7729207873344421
5,1,1,0.9201440215110779
6,0,0,0.7849225401878357
7,1,1,0.5666443705558777
8,0,1,0.9067050218582153
9,0,1,0.7895407676696777
10,0,0,0.8978402614593506
11,1,1,0.5485520958900452
12,0,0,0.7718601822853088
13,1,1,0.842700719833374
14,0,0,0.8892079591751099
15,0,0,0.6769605278968811
16,0,0,0.6942079663276672
17,0,0,0.7324899435043335
18,0,1,0.8164014220237732
19,0,1,0.5154743790626526
20,1,1,0.5857208371162415
21,1,0,0.6292413473129272
22,1,1,0.5581038594245911
23,0,1,0.9189032316207886
24,1,1,0.9141838550567627
25,1,1,0.6548642516136169
26,1,1,0.8006272315979004
27,1,1,0.6059081554412842
28,0,1,0.7722669243812561
29,0,0,0.5532979369163513
30,1,1,0.5700186491012573
31,0,0,0.8706255555152893
