,label,pred,score
0,1,1,0.9572060108184814
1,1,1,0.8200414776802063
2,0,0,0.9988521337509155
3,1,1,0.9980156421661377
4,0,0,0.9990280866622925
5,1,1,0.9973835349082947
6,1,1,0.9778492450714111
7,1,1,0.9984941482543945
8,1,1,0.5781046748161316
9,1,1,0.9454560279846191
10,0,0,0.9986636638641357
11,1,1,0.9923239946365356
12,1,1,0.9908272624015808
13,0,0,0.9946990013122559
14,1,1,0.9964511394500732
15,0,0,0.999072790145874
16,1,1,0.9972993731498718
17,0,0,0.9991607666015625
18,1,1,0.9937427639961243
19,0,0,0.9993481040000916
20,0,0,0.9980008006095886
21,1,1,0.75132155418396
22,1,0,0.9278494715690613
23,1,1,0.9566690325737
24,0,0,0.9934076070785522
25,1,1,0.9994578957557678
26,0,1,0.5670797824859619
27,1,1,0.9826804995536804
28,1,1,0.996368408203125
29,0,1,0.99504154920578
30,1,1,0.9977898597717285
31,0,0,0.9977360963821411
32,0,1,0.9986444115638733
33,0,0,0.7746723890304565
34,0,0,0.9938535690307617
35,0,0,0.8197687268257141
36,1,0,0.9544779658317566
37,0,1,0.6835361123085022
38,0,0,0.9978026747703552
39,0,0,0.99901282787323
40,1,1,0.513123631477356
41,0,0,0.999022364616394
42,0,0,0.99901282787323
43,0,0,0.9554756283760071
44,0,1,0.9952829480171204
45,0,1,0.8983431458473206
46,0,0,0.9936553239822388
47,0,0,0.9995586276054382
48,1,1,0.9128915667533875
49,0,1,0.9831735491752625
50,1,1,0.9937783479690552
51,0,0,0.9795374870300293
52,0,0,0.9937294721603394
53,0,0,0.9988303780555725
54,0,1,0.8823477625846863
55,1,0,0.674884021282196
56,0,0,0.9945917725563049
57,0,0,0.998808741569519
58,1,1,0.9973387122154236
59,1,0,0.9711164832115173
60,1,1,0.9975292086601257
61,1,1,0.9990378618240356
62,0,0,0.9995099306106567
63,1,1,0.8832215666770935
64,0,1,0.5113478899002075
65,1,1,0.9974804520606995
66,1,1,0.9946399331092834
67,1,1,0.9920328259468079
68,0,0,0.9969655871391296
69,1,1,0.9916859269142151
70,1,1,0.6800731420516968
71,0,0,0.8490535020828247
72,1,1,0.9891242980957031
73,1,0,0.6248817443847656
74,1,1,0.9975033402442932
75,0,1,0.9885464906692505
76,1,1,0.9722073078155518
77,0,0,0.9991664886474609
