,label,pred,score
0,1,1,0.9743027091026306
1,1,1,0.9055407643318176
2,0,0,0.7106473445892334
3,1,1,0.9845523834228516
4,0,0,0.9509596228599548
5,1,1,0.9880365133285522
6,0,0,0.9792228937149048
7,0,0,0.9707430601119995
8,0,0,0.7473734617233276
9,0,0,0.6077309250831604
10,1,1,0.8605172038078308
11,0,0,0.9864259958267212
12,0,0,0.9784372448921204
13,0,1,0.9705238938331604
14,1,1,0.9605618715286255
15,0,0,0.9904711246490479
16,0,1,0.903255045413971
17,1,1,0.9632904529571533
18,1,1,0.8922845721244812
19,0,0,0.9858355522155762
20,1,1,0.9796374440193176
21,0,0,0.9869583249092102
22,0,0,0.9828174114227295
23,0,0,0.986844003200531
24,1,0,0.5198546051979065
25,1,1,0.8468983173370361
26,0,0,0.9745349884033203
27,1,1,0.9576515555381775
28,1,1,0.7660729885101318
29,0,0,0.6138606071472168
30,1,1,0.921321451663971
31,0,0,0.9908421039581299
32,0,0,0.978698194026947
33,0,1,0.5092499852180481
34,1,1,0.9515498876571655
35,0,0,0.9799684286117554
36,0,0,0.9844385981559753
37,0,0,0.966117262840271
38,0,0,0.9566185474395752
39,1,0,0.7129981517791748
40,1,1,0.8473796844482422
41,1,1,0.9825902581214905
42,1,0,0.6490296125411987
43,0,0,0.984403133392334
44,0,0,0.9438934922218323
45,1,1,0.9443528652191162
46,1,1,0.969822108745575
47,0,1,0.8207713961601257
48,0,0,0.7809364199638367
49,1,1,0.9627126455307007
50,1,1,0.947001576423645
51,0,0,0.9581021666526794
52,0,0,0.9031916260719299
53,1,1,0.8614929914474487
54,0,0,0.9658204913139343
55,1,1,0.9864528775215149
56,1,1,0.9860758185386658
57,1,1,0.978158175945282
58,0,0,0.8570713400840759
59,0,1,0.6815210580825806
60,1,1,0.7684682607650757
61,1,1,0.9801210165023804
62,0,0,0.9825270771980286
63,1,1,0.885134756565094
64,1,0,0.8762170672416687
65,1,0,0.7352351546287537
66,0,0,0.96277916431427
67,1,1,0.9833906888961792
68,0,0,0.6559804081916809
69,1,1,0.9692190289497375
70,1,1,0.9666022062301636
71,1,0,0.7426841259002686
72,0,1,0.9151583909988403
73,1,1,0.5595667362213135
74,1,1,0.9857485890388489
75,0,1,0.545466423034668
76,1,1,0.9885278940200806
77,0,0,0.9777234196662903
