,label,pred,score
0,1,1,0.9877118468284607
1,0,0,0.9886698722839355
2,0,1,0.8732928037643433
3,0,1,0.8896217346191406
4,1,0,0.5602172017097473
5,1,1,0.7854312062263489
6,0,0,0.9878968000411987
7,0,0,0.9799053072929382
8,1,1,0.9571173191070557
9,0,0,0.6464568376541138
10,1,1,0.7823284864425659
11,0,1,0.6206058859825134
12,1,1,0.9633827209472656
13,1,0,0.541318416595459
14,0,0,0.9809133410453796
15,1,0,0.9847666025161743
16,1,0,0.9745131134986877
17,0,0,0.995769739151001
18,1,0,0.9899120926856995
19,0,1,0.9231817126274109
20,1,1,0.6677475571632385
21,0,0,0.9957956075668335
22,1,1,0.8286212086677551
23,0,0,0.9979122281074524
24,0,0,0.995705783367157
25,1,1,0.9140501022338867
26,1,1,0.5340759754180908
27,1,1,0.755313515663147
28,0,0,0.9948204755783081
29,0,0,0.989180326461792
30,0,0,0.9264185428619385
31,1,1,0.9125298857688904
