,label,pred,score
0,1,1,0.9992076754570007
1,1,1,0.9993917942047119
2,0,1,0.9994958639144897
3,1,1,0.9992019534111023
4,0,0,0.9980554580688477
5,1,1,0.9998080134391785
6,0,0,0.9996733665466309
7,0,0,0.9981516003608704
8,0,1,0.8404528498649597
9,0,0,0.9984979629516602
10,1,1,0.9990897178649902
11,0,0,0.999620795249939
12,0,0,0.9982107877731323
13,0,1,0.9991282820701599
14,1,1,0.9973680377006531
15,0,0,0.999679446220398
16,0,0,0.9958860278129578
17,1,1,0.9996028542518616
18,1,1,0.9996572732925415
19,0,0,0.9997474551200867
20,1,1,0.9985039234161377
21,0,0,0.9997485280036926
22,0,0,0.9975491166114807
23,0,0,0.9972293972969055
24,1,1,0.9979744553565979
25,1,0,0.8131817579269409
26,0,0,0.9961024522781372
27,1,1,0.999693751335144
28,1,1,0.9991422891616821
29,0,1,0.9956967830657959
30,1,1,0.9966323971748352
31,0,0,0.999244213104248
32,0,0,0.9855131506919861
33,0,1,0.9985628724098206
34,1,1,0.9996986389160156
35,0,0,0.9996757507324219
36,0,0,0.9997820258140564
37,0,0,0.9906054139137268
38,0,0,0.9980547428131104
39,1,1,0.9672641754150391
40,1,1,0.997319757938385
41,1,1,0.9990003705024719
42,1,1,0.9893408417701721
43,0,0,0.9995220899581909
44,0,0,0.9992019534111023
45,1,1,0.9968097805976868
46,1,1,0.9994089603424072
47,0,1,0.9995495676994324
48,0,0,0.9991211295127869
49,1,1,0.999617338180542
50,1,1,0.999625563621521
51,0,0,0.9987926483154297
52,0,0,0.993043065071106
53,1,0,0.9972679615020752
54,0,0,0.996976375579834
55,1,1,0.9993770718574524
56,1,1,0.9997101426124573
57,1,1,0.9997432827949524
58,0,0,0.7733418345451355
59,0,1,0.999121367931366
60,1,1,0.9827751517295837
61,1,1,0.9996529817581177
62,0,0,0.9689606428146362
63,1,1,0.9963094592094421
64,1,1,0.9962896108627319
65,1,1,0.9965812563896179
66,0,0,0.9782180190086365
67,1,1,0.9991236329078674
68,0,1,0.8706813454627991
69,1,1,0.9993789196014404
70,1,1,0.9982486963272095
71,1,1,0.9974048733711243
72,0,1,0.9995554089546204
73,1,1,0.8434419631958008
74,1,1,0.999472439289093
75,0,1,0.9981358051300049
76,1,1,0.9995554089546204
77,0,0,0.9994753003120422
