,label,pred,score
0,1,1,0.9995136260986328
1,0,0,0.5167585611343384
2,1,1,0.6649974584579468
3,0,0,0.9997190833091736
4,1,1,0.8416576981544495
5,0,0,0.9998815059661865
6,0,0,0.9998819828033447
7,1,1,0.869617760181427
8,1,1,0.9996955394744873
9,0,0,0.9998325109481812
10,1,1,0.9341248273849487
11,0,0,0.9995383024215698
12,1,1,0.9991699457168579
13,0,0,0.9837756752967834
14,1,1,0.9997596144676208
15,1,1,0.9923254251480103
16,0,0,0.9997196793556213
17,0,0,0.999731719493866
18,1,1,0.9989227652549744
19,0,0,0.9997995495796204
20,0,0,0.9997386336326599
21,1,0,0.975033700466156
22,0,0,0.998849630355835
23,1,1,0.9906744360923767
24,1,1,0.9996932744979858
25,1,1,0.9662237763404846
26,0,0,0.9969871640205383
27,1,1,0.9991660118103027
28,1,0,0.9996888637542725
29,0,0,0.9656983017921448
30,0,0,0.9992377758026123
31,1,1,0.9985443353652954
32,0,0,0.9997151494026184
33,1,1,0.9978001713752747
34,0,1,0.9993478655815125
35,0,0,0.9998430013656616
36,1,1,0.9997543692588806
37,0,0,0.987720787525177
38,1,1,0.9997935891151428
39,0,0,0.9996460676193237
40,1,1,0.9806859493255615
41,1,1,0.9986549615859985
42,0,0,0.9997029900550842
43,0,0,0.9998040795326233
44,1,1,0.9995861649513245
45,0,0,0.9995539784431458
46,0,0,0.9997265934944153
47,1,1,0.9985600113868713
48,0,0,0.9997151494026184
49,0,1,0.9939846396446228
50,1,1,0.9681807160377502
51,1,1,0.9238771796226501
52,0,0,0.9998169541358948
53,1,1,0.7971215844154358
54,1,0,0.9996656179428101
55,0,0,0.9998127818107605
56,1,0,0.9981524348258972
57,0,0,0.9997699856758118
58,0,1,0.649174690246582
59,1,1,0.9801759123802185
60,1,0,0.999509334564209
61,0,0,0.9268644452095032
