,label,pred,score
0,0,0,0.5967296361923218
1,1,1,0.9559608697891235
2,1,1,0.9201779365539551
3,1,0,0.9492853879928589
4,1,1,0.5026238560676575
5,0,0,0.9906817674636841
6,1,1,0.9192825555801392
7,0,0,0.5192378759384155
8,0,0,0.8390005826950073
9,1,1,0.9747529625892639
10,1,0,0.9914839863777161
11,1,0,0.5165194869041443
12,0,1,0.9784643650054932
13,0,0,0.8335418105125427
14,1,1,0.9259702563285828
15,0,0,0.9956390857696533
16,0,0,0.7854747772216797
17,1,0,0.9216749668121338
18,0,1,0.5153849720954895
19,0,0,0.9599743485450745
