,label,pred,score
0,1,0,0.5339321494102478
1,0,0,0.5339321494102478
2,0,0,0.5339321494102478
3,0,0,0.5339321494102478
4,1,0,0.5339321494102478
5,0,0,0.5339321494102478
6,1,0,0.5237064361572266
7,1,0,0.5536062717437744
8,0,0,0.5339321494102478
9,0,0,0.5339321494102478
10,1,0,0.5339321494102478
11,1,0,0.5134125351905823
12,0,0,0.5165881514549255
13,1,0,0.5137062072753906
14,1,0,0.5771863460540771
15,1,0,0.5134125351905823
16,0,0,0.5339321494102478
17,1,0,0.5339321494102478
18,0,0,0.5339321494102478
19,0,0,0.5339321494102478
20,1,0,0.5214178562164307
21,1,0,0.5339321494102478
22,0,0,0.5339321494102478
23,0,0,0.5339321494102478
24,1,1,0.5430096387863159
25,0,0,0.5339321494102478
26,0,0,0.5339321494102478
27,0,0,0.5339321494102478
28,1,0,0.5761164426803589
29,1,1,0.5159916877746582
30,1,0,0.5339321494102478
31,0,0,0.5339321494102478
32,1,0,0.5339321494102478
33,1,0,0.5339321494102478
34,1,0,0.5339321494102478
35,1,0,0.5339321494102478
36,0,0,0.5609038472175598
37,0,0,0.5339321494102478
38,0,0,0.5339321494102478
39,0,1,0.5430096387863159
40,0,0,0.5339321494102478
41,1,0,0.5137062072753906
42,0,0,0.5339321494102478
43,1,0,0.5339321494102478
44,1,0,0.5339321494102478
45,1,0,0.5339321494102478
46,1,0,0.5601251125335693
47,0,0,0.5559089779853821
48,0,0,0.5339321494102478
49,1,0,0.5615613460540771
50,1,0,0.5559089779853821
51,1,0,0.5339321494102478
52,0,0,0.5339321494102478
53,0,0,0.55459064245224
54,0,1,0.5430096387863159
55,1,1,0.5430096387863159
56,0,0,0.5339321494102478
57,0,0,0.5339321494102478
58,1,0,0.5134125351905823
59,0,0,0.5339321494102478
60,1,0,0.5137062072753906
61,1,0,0.5771863460540771
62,0,0,0.5339321494102478
63,1,0,0.5339321494102478
64,0,0,0.5339321494102478
65,0,0,0.5339321494102478
66,0,0,0.5339321494102478
67,0,0,0.5339321494102478
68,0,0,0.5339321494102478
69,1,0,0.5559089779853821
70,1,0,0.5137062072753906
71,1,0,0.5046476721763611
72,0,0,0.5339321494102478
73,1,0,0.5339321494102478
74,0,0,0.5339321494102478
75,1,0,0.5339321494102478
76,0,0,0.5339321494102478
77,1,1,0.5430096387863159
