,label,pred,score
0,0,1,0.8228322863578796
1,1,0,0.5606368780136108
2,1,0,0.5606368780136108
3,1,0,0.5606368780136108
4,0,1,0.8448129892349243
5,1,0,0.5606368780136108
6,1,0,0.5606368780136108
7,0,1,0.7957542538642883
8,0,1,0.8416562676429749
9,1,0,0.5606368780136108
10,0,0,0.5606368780136108
11,0,0,0.5606368780136108
12,1,0,0.5606368780136108
13,1,0,0.5606368780136108
14,1,1,0.8416562676429749
15,0,0,0.5606368780136108
16,0,0,0.5606368780136108
17,1,0,0.5606368780136108
18,0,0,0.5606368780136108
19,1,0,0.5606368780136108
20,0,1,0.8371891975402832
21,1,1,0.7845134735107422
22,1,1,0.8228321671485901
23,0,0,0.5606368780136108
24,1,1,0.7726031541824341
25,0,0,0.5606368780136108
26,0,1,0.8250848650932312
27,0,0,0.5606368780136108
28,1,0,0.5606368780136108
29,0,0,0.5606368780136108
30,1,1,0.8416563868522644
31,0,0,0.5606368780136108
