,label,pred,score
0,0,0,0.5677578449249268
1,0,0,0.5677579045295715
2,0,1,0.9038376808166504
3,1,1,0.909942626953125
4,1,0,0.5677578449249268
5,1,1,0.9357937574386597
6,1,0,0.5677578449249268
7,1,1,0.9038376808166504
8,0,1,0.9162865281105042
9,1,0,0.5677578449249268
10,0,0,0.5677579045295715
11,0,1,0.9357937574386597
12,1,1,0.9038376808166504
13,0,0,0.5677578449249268
14,1,0,0.5677578449249268
15,1,0,0.5677578449249268
16,0,1,0.9119991064071655
17,0,0,0.5677578449249268
18,1,0,0.5677578449249268
19,0,0,0.5677579045295715
20,1,0,0.5677578449249268
21,0,0,0.5677578449249268
22,1,0,0.5677578449249268
23,1,1,0.8984197378158569
24,0,0,0.5677579045295715
25,1,0,0.5677579045295715
26,0,1,0.9051961302757263
27,1,0,0.5677579045295715
28,0,1,0.9091123938560486
29,0,0,0.5677578449249268
30,1,0,0.5677578449249268
31,0,0,0.5677579045295715
