,label,pred,score
0,0,0,0.5537360906600952
1,0,0,0.7696467638015747
2,0,0,0.5537360906600952
3,0,0,0.8080910444259644
4,0,0,0.7696467638015747
5,1,0,0.5537360906600952
6,0,0,0.5537360906600952
7,1,0,0.5537360906600952
8,0,0,0.5537360906600952
9,1,0,0.5537360906600952
10,0,0,0.5537360906600952
11,1,0,0.5537360906600952
12,1,0,0.725342333316803
13,0,0,0.5537360906600952
14,0,0,0.8369303345680237
15,1,0,0.5537360906600952
16,1,0,0.5537360906600952
17,0,0,0.5537360906600952
18,0,0,0.5537360906600952
19,1,0,0.5783825516700745
20,0,0,0.6154935956001282
21,0,0,0.7966228723526001
22,1,0,0.7511230111122131
23,1,0,0.5537360906600952
24,1,0,0.8355048298835754
25,1,0,0.5537360906600952
26,1,0,0.5537360906600952
27,1,0,0.5537360906600952
28,1,0,0.8355048298835754
29,0,0,0.5766134262084961
30,0,0,0.5537360906600952
31,0,0,0.5537360906600952
32,1,0,0.5537360906600952
33,0,0,0.6637089848518372
34,0,0,0.5537360906600952
35,0,0,0.5537360906600952
36,0,0,0.5537360906600952
37,0,0,0.5537360906600952
38,0,0,0.5537360906600952
39,1,0,0.5537360906600952
40,0,0,0.5537360906600952
41,1,0,0.5537360906600952
42,1,0,0.7917957305908203
43,1,0,0.6637089848518372
44,1,0,0.8093632459640503
45,1,0,0.5537360906600952
46,1,0,0.7462964653968811
47,0,0,0.5537360906600952
48,1,0,0.7917957305908203
49,1,0,0.5537411570549011
50,0,0,0.5537360906600952
51,1,0,0.5537360906600952
52,0,0,0.6637089848518372
53,1,0,0.5537360906600952
54,0,0,0.5537360906600952
55,1,0,0.7462964653968811
56,0,0,0.5537360906600952
57,0,0,0.5537360906600952
58,1,0,0.5537360906600952
59,1,0,0.5537360906600952
60,1,0,0.5537360906600952
61,0,0,0.5537360906600952
