,label,pred,score
0,1,1,0.5292054414749146
1,0,0,0.5087088346481323
2,0,0,0.5087088346481323
3,0,0,0.5087088346481323
4,1,0,0.5087088346481323
5,1,1,0.5840126872062683
6,1,0,0.5087088346481323
7,1,0,0.5087088346481323
8,1,1,0.5082743167877197
9,0,0,0.5087088346481323
10,1,0,0.5497377514839172
11,0,0,0.5087088346481323
12,1,0,0.5087088346481323
13,0,0,0.5087088346481323
14,0,0,0.5087088346481323
15,0,0,0.5087088346481323
16,0,1,0.5050948858261108
17,0,0,0.5087088346481323
18,0,0,0.5087088346481323
19,0,0,0.5087088346481323
20,0,0,0.5087088346481323
21,1,1,0.5537769198417664
22,1,0,0.5087088346481323
23,1,0,0.5087088346481323
24,1,0,0.5087088346481323
25,1,1,0.5469094514846802
26,0,0,0.5087088346481323
27,1,1,0.5117055773735046
28,0,0,0.5087088346481323
29,1,0,0.5087088346481323
30,1,1,0.5651499032974243
31,1,1,0.5651499032974243
32,0,0,0.5087088346481323
33,1,1,0.5474523305892944
34,1,1,0.512700617313385
35,1,1,0.5474523305892944
36,1,1,0.5537769198417664
37,0,0,0.5087088346481323
38,1,0,0.5087087154388428
39,1,1,0.5187984704971313
40,0,0,0.5039260983467102
41,0,0,0.5087088346481323
42,0,0,0.5497376918792725
43,1,0,0.5087088346481323
44,1,0,0.5497376918792725
45,1,0,0.5087088346481323
46,1,0,0.5087088346481323
47,0,0,0.5087088346481323
48,1,1,0.5651499032974243
49,1,1,0.6147643327713013
50,1,0,0.5087088346481323
51,1,1,0.5474523305892944
52,1,1,0.5537769198417664
53,0,1,0.5651499032974243
54,0,0,0.5087088346481323
55,1,0,0.5051324963569641
56,0,0,0.5087088346481323
57,0,0,0.5087088346481323
58,1,0,0.5087088346481323
59,0,0,0.5087088346481323
60,0,0,0.5087087154388428
61,0,0,0.5087088346481323
62,0,0,0.5087088346481323
63,0,0,0.5087088346481323
64,0,0,0.5087088346481323
65,1,0,0.5087088346481323
66,0,0,0.5087088346481323
67,1,1,0.5474523305892944
68,0,0,0.5087088346481323
69,1,1,0.5292054414749146
70,0,0,0.5326558947563171
71,1,0,0.5087088346481323
72,0,0,0.5087088346481323
73,0,0,0.5087088346481323
74,0,0,0.5087088346481323
75,0,0,0.5087088346481323
76,1,0,0.5087088346481323
77,0,1,0.5651499032974243
