,label,pred,score
0,0,0,0.5255336165428162
1,1,0,0.5255336165428162
2,1,1,0.5841729640960693
3,0,0,0.5255336165428162
4,0,0,0.5255336165428162
5,1,1,0.5168320536613464
6,0,0,0.5255336165428162
7,0,1,0.616830587387085
8,1,1,0.5194074511528015
9,1,1,0.616830587387085
10,0,0,0.5255336165428162
11,0,0,0.5255336165428162
12,0,1,0.6020178198814392
13,1,0,0.5255336165428162
14,1,0,0.5255336165428162
15,1,0,0.5255336165428162
16,1,0,0.5255336165428162
17,1,1,0.5241223573684692
18,0,0,0.5255336165428162
19,1,0,0.5255336165428162
20,0,0,0.5255336165428162
21,1,0,0.5255336165428162
22,0,0,0.5255336165428162
23,0,0,0.5255336165428162
24,1,1,0.6229177117347717
25,1,1,0.5841729640960693
26,0,0,0.5255336165428162
27,1,1,0.5241223573684692
28,0,0,0.5255336165428162
29,1,1,0.616830587387085
30,0,0,0.5255336165428162
31,0,0,0.5255336165428162
32,0,0,0.5255336165428162
33,1,0,0.5255336165428162
34,1,0,0.5255336165428162
35,0,1,0.5426527857780457
36,1,0,0.5255336165428162
37,1,0,0.5255336165428162
38,1,0,0.5255336165428162
39,1,1,0.6168306469917297
40,1,1,0.651728630065918
41,1,1,0.5265510082244873
42,0,0,0.5255336165428162
43,1,1,0.651728630065918
44,0,1,0.529782772064209
45,0,0,0.5255336165428162
46,1,0,0.5255336165428162
47,0,0,0.5255336165428162
48,0,0,0.5255336165428162
49,1,0,0.5255336165428162
50,1,1,0.5421580076217651
51,0,0,0.5255336165428162
52,1,1,0.6695646047592163
53,0,1,0.651728630065918
54,1,1,0.5216259360313416
55,1,0,0.5255336165428162
56,0,0,0.5255336165428162
57,0,0,0.5255336165428162
58,0,0,0.5255336165428162
59,1,1,0.5504410862922668
60,1,1,0.5841729640960693
61,1,0,0.5255336165428162
62,1,0,0.5255336165428162
63,0,0,0.5255336165428162
64,0,0,0.5255336165428162
65,0,0,0.5255336165428162
66,0,1,0.6168306469917297
67,0,0,0.5255336165428162
68,1,1,0.5841729640960693
69,1,1,0.5421580076217651
70,1,1,0.5421580076217651
71,0,0,0.5255336165428162
72,0,0,0.5255336165428162
73,0,0,0.5255336165428162
74,0,0,0.5255336165428162
75,0,0,0.5255336165428162
76,0,0,0.5255336165428162
77,1,1,0.6000024080276489
