,label,pred,score
0,0,1,0.7169854044914246
1,1,1,0.8429508209228516
2,0,0,0.6305615305900574
3,1,1,0.7362171411514282
4,0,0,0.6305615305900574
5,1,0,0.6305615305900574
6,0,0,0.6305615305900574
7,0,0,0.6305615305900574
8,1,0,0.6305615305900574
9,1,0,0.6305615305900574
10,0,0,0.6305615305900574
11,0,0,0.6305615305900574
12,1,0,0.6305615305900574
13,0,1,0.747610867023468
14,1,0,0.6305615305900574
15,1,0,0.6305615305900574
16,0,1,0.7755287885665894
17,0,0,0.6305615305900574
18,1,0,0.6305615305900574
19,0,1,0.7362171411514282
20,0,1,0.7489624619483948
21,1,0,0.6305615305900574
22,1,0,0.6305615305900574
23,0,0,0.6305615305900574
24,0,1,0.8086502552032471
25,1,0,0.6305615305900574
26,0,0,0.6305615305900574
27,1,1,0.8058927059173584
28,1,1,0.7362171411514282
29,1,1,0.747610867023468
30,0,0,0.6305615305900574
31,1,0,0.6305615305900574
