,label,pred,score
0,0,1,0.5423578023910522
1,1,1,0.5423578023910522
2,0,1,0.5423578023910522
3,1,0,0.562307596206665
4,0,1,0.5423578023910522
5,0,1,0.5127477645874023
6,0,1,0.5376420021057129
7,1,1,0.5423578023910522
8,1,1,0.5012026429176331
9,0,1,0.5423578023910522
10,0,0,0.5031536817550659
11,1,0,0.589911937713623
12,1,1,0.5423578023910522
13,1,0,0.589911937713623
14,1,1,0.5423578023910522
15,0,1,0.5423578023910522
16,0,1,0.5423578023910522
17,1,1,0.5423578023910522
18,1,1,0.5423578023910522
19,1,0,0.5516183376312256
20,0,1,0.5423578023910522
21,0,1,0.5423578023910522
22,0,1,0.5423578023910522
23,0,1,0.5423578023910522
24,1,1,0.5423578023910522
25,0,1,0.5423578023910522
26,1,1,0.5423578023910522
27,1,0,0.5031536817550659
28,1,0,0.5254886150360107
29,1,1,0.5423578023910522
30,1,1,0.5423578023910522
31,0,1,0.5423578023910522
32,0,0,0.5197281241416931
33,0,1,0.5423578023910522
34,1,0,0.5250036716461182
35,0,1,0.5423578023910522
36,0,1,0.5423578023910522
37,1,1,0.5423578023910522
38,1,1,0.5423578023910522
39,0,1,0.5423578023910522
40,1,0,0.5271758437156677
41,0,1,0.5423578023910522
42,0,1,0.5423578023910522
43,0,1,0.5423578023910522
44,0,0,0.5031536817550659
45,1,1,0.5423578023910522
46,1,1,0.5423578023910522
47,0,1,0.5799512267112732
48,0,0,0.5565088987350464
49,0,1,0.5127477645874023
50,0,1,0.5423578023910522
51,1,1,0.5423578023910522
52,1,1,0.5421667695045471
53,1,1,0.5423578023910522
54,1,1,0.5423578023910522
55,1,1,0.5423578023910522
56,1,0,0.5271758437156677
57,0,1,0.5423578023910522
58,1,0,0.5254886150360107
59,0,1,0.5423578023910522
60,1,1,0.5423578023910522
61,0,0,0.5464916825294495
