,label,pred,score
0,0,0,0.760040283203125
1,1,0,0.7009902000427246
2,0,0,0.8730423450469971
3,0,0,0.8461638689041138
4,0,0,0.9637314677238464
5,0,0,0.7399568557739258
6,0,0,0.966939389705658
7,1,0,0.9233418703079224
8,1,0,0.9233761429786682
9,1,0,0.694464921951294
10,1,0,0.8710379600524902
11,1,0,0.9670274257659912
12,1,0,0.8185981512069702
13,1,0,0.943558931350708
14,1,0,0.742638349533081
15,0,0,0.7556014657020569
16,0,0,0.9363993406295776
17,0,0,0.7539044618606567
18,1,0,0.9672328233718872
19,1,0,0.7828608751296997
20,1,0,0.8366410136222839
21,0,0,0.8138636946678162
22,0,0,0.7386089563369751
23,0,0,0.8597897887229919
24,0,0,0.6748283505439758
25,1,0,0.7995204925537109
26,1,0,0.8618181943893433
27,0,0,0.9685208797454834
28,1,0,0.9567411541938782
29,1,0,0.676709771156311
30,0,0,0.685558557510376
31,0,0,0.9134990572929382
