,label,pred,score
0,1,1,0.5196871757507324
1,0,1,0.5196871757507324
2,1,1,0.6150252819061279
3,1,1,0.5196871757507324
4,1,1,0.5235138535499573
5,1,1,0.5196871757507324
6,0,1,0.5196871757507324
7,1,0,0.5832500457763672
8,1,1,0.5196871757507324
9,0,1,0.6424269676208496
10,1,1,0.5196871757507324
11,0,1,0.5446827411651611
12,1,1,0.5196871757507324
13,0,1,0.5196871757507324
14,0,1,0.5196871757507324
15,1,1,0.5010530352592468
16,0,0,0.5058686137199402
17,1,1,0.5196871757507324
18,1,1,0.5196871757507324
19,1,1,0.5196871757507324
20,0,1,0.5196871757507324
21,0,1,0.5196871757507324
22,0,1,0.5276502370834351
23,1,1,0.5336787700653076
24,1,1,0.5196871757507324
25,0,1,0.5196871757507324
26,0,1,0.5196871757507324
27,1,0,0.5832500457763672
28,1,1,0.5196871757507324
29,0,1,0.5196871757507324
30,0,1,0.5196871757507324
31,1,0,0.5158523321151733
32,1,1,0.5196871757507324
33,1,0,0.5158523321151733
34,1,1,0.5196871757507324
35,1,1,0.6150252819061279
36,0,1,0.5196871757507324
37,0,1,0.5196871757507324
38,0,1,0.5196871757507324
39,0,1,0.506486713886261
40,1,1,0.5196871757507324
41,0,1,0.5196871757507324
42,0,1,0.5276502370834351
43,1,1,0.5196890830993652
44,0,1,0.5196871757507324
45,0,1,0.5196871757507324
46,0,1,0.5196871757507324
47,0,1,0.5196871757507324
48,0,1,0.5196871757507324
49,1,1,0.5196871757507324
50,0,0,0.5058686137199402
51,0,1,0.5196871757507324
52,0,1,0.5196871757507324
53,1,1,0.5196871757507324
54,1,1,0.534506618976593
55,0,1,0.517421543598175
56,1,1,0.5276502370834351
57,1,1,0.5196871757507324
58,1,1,0.5196871757507324
59,1,1,0.5196871757507324
60,0,1,0.5196871757507324
61,0,1,0.6829671263694763
