,label,pred,score
0,0,1,0.5000200867652893
1,0,1,0.5000200867652893
2,0,1,0.5000200867652893
3,1,1,0.5000200867652893
4,1,1,0.5000200867652893
5,1,1,0.5000200867652893
6,1,1,0.5000200867652893
7,0,1,0.5000200867652893
8,1,1,0.5000200867652893
9,0,1,0.5000200867652893
10,0,1,0.5000200867652893
11,1,1,0.5000200867652893
12,0,1,0.5000200867652893
13,0,1,0.5000200867652893
14,1,1,0.5000200867652893
15,1,1,0.5000200867652893
16,1,1,0.5000200867652893
17,0,1,0.5000200867652893
18,0,1,0.5000200867652893
19,1,1,0.5000200867652893
