,label,pred,score
0,0,0,0.651519775390625
1,1,0,0.6488117575645447
2,1,0,0.5299000144004822
3,0,0,0.6643961071968079
4,0,0,0.621738612651825
5,1,0,0.5119290947914124
6,0,0,0.5525093674659729
7,0,0,0.5179798007011414
8,0,0,0.6661504507064819
9,1,0,0.6565979719161987
10,0,1,0.5588597655296326
11,1,0,0.6662307977676392
12,0,0,0.5396183729171753
13,1,0,0.5119290947914124
14,0,0,0.652350127696991
15,1,1,0.5893795490264893
16,0,0,0.6103799343109131
17,0,0,0.6602820754051208
18,0,0,0.6155740022659302
19,0,1,0.5893795490264893
20,1,0,0.6602757573127747
21,1,0,0.6708645224571228
22,0,0,0.6653503775596619
23,1,0,0.6663532257080078
24,1,1,0.5409769415855408
25,1,0,0.615462064743042
26,1,0,0.6581695675849915
27,0,0,0.5119290947914124
28,1,0,0.6565980315208435
29,0,0,0.6274547576904297
30,1,0,0.6677915453910828
31,1,0,0.6688796877861023
