,label,pred,score
0,1,1,0.5111122131347656
1,1,0,0.5552648901939392
2,0,1,0.5111122131347656
3,1,0,0.5913048386573792
4,1,1,0.5111122131347656
5,1,0,0.571361243724823
6,1,0,0.5245707035064697
7,0,0,0.6257360577583313
8,0,0,0.571361243724823
9,0,1,0.5111122131347656
10,1,0,0.6526105999946594
11,1,1,0.5111122131347656
12,0,1,0.5111122131347656
13,1,1,0.5111122131347656
14,0,0,0.6474387645721436
15,0,0,0.6053426265716553
16,0,1,0.5111122131347656
17,0,1,0.5111122131347656
18,1,1,0.5111122131347656
19,0,1,0.5111122131347656
20,1,0,0.61226886510849
21,0,1,0.5111122131347656
22,1,1,0.5111122131347656
23,1,0,0.5913048386573792
24,1,1,0.5111122131347656
25,0,1,0.5111122131347656
26,1,1,0.5111122131347656
27,0,1,0.5111122131347656
28,1,1,0.5111122131347656
29,1,0,0.5766786336898804
30,1,1,0.5111157298088074
31,1,0,0.5591344237327576
32,0,1,0.5111122131347656
33,1,0,0.6526105999946594
34,1,1,0.5111122131347656
35,0,1,0.5111122131347656
36,0,0,0.5554466247558594
37,0,1,0.5111122131347656
38,0,1,0.5111122131347656
39,0,0,0.571361243724823
40,0,1,0.5111122131347656
41,0,1,0.5111122131347656
42,0,1,0.5111122131347656
43,1,1,0.5111122131347656
44,0,1,0.5111122131347656
45,0,1,0.5111122131347656
46,1,1,0.5111122131347656
47,1,1,0.5111122131347656
48,1,1,0.5111122131347656
49,1,1,0.5111122131347656
50,0,0,0.5274118185043335
51,0,0,0.6474387645721436
52,1,0,0.5552648901939392
53,0,1,0.5111122131347656
54,0,1,0.5111122131347656
55,1,1,0.5111122131347656
56,0,1,0.5111122131347656
57,0,1,0.5111122131347656
58,1,1,0.5111122131347656
59,0,0,0.5709213018417358
60,1,1,0.5111122131347656
61,1,1,0.5111122131347656
