,label,pred,score
0,1,0,0.5210608839988708
1,0,0,0.5210608839988708
2,0,0,0.5210608839988708
3,0,0,0.5210608839988708
4,1,1,0.8440646529197693
5,1,0,0.5210608839988708
6,1,0,0.5210608839988708
7,1,1,0.6930136680603027
8,0,0,0.5210608839988708
9,0,0,0.5210608839988708
10,0,0,0.5210608839988708
11,1,0,0.5210608839988708
12,1,0,0.5210608839988708
13,1,0,0.5210608839988708
14,1,0,0.5210608839988708
15,0,0,0.5210608839988708
16,0,0,0.5210608839988708
17,0,0,0.5210608839988708
18,0,0,0.5210608839988708
19,1,0,0.5210608839988708
20,1,1,0.6930136680603027
21,0,0,0.5210608839988708
22,1,1,0.5947275161743164
23,1,0,0.5210608839988708
24,0,0,0.5210608839988708
25,0,0,0.5210608839988708
26,1,0,0.5210608839988708
27,0,1,0.6930136680603027
28,1,1,0.5226438641548157
29,1,1,0.9200476408004761
30,0,1,0.5699834227561951
31,1,1,0.5078079700469971
32,1,1,0.7302025556564331
33,0,0,0.5210608839988708
34,1,1,0.5053163766860962
35,1,0,0.5210608839988708
36,1,1,0.5078079700469971
37,1,1,0.7302025556564331
38,1,1,0.5153852105140686
39,1,0,0.5210608839988708
40,0,0,0.5210608839988708
41,1,0,0.5210608839988708
42,1,1,0.5241609811782837
43,1,0,0.5210608839988708
44,0,0,0.5210608839988708
45,1,0,0.5210608839988708
46,0,1,0.7302025556564331
47,0,0,0.5210608839988708
48,1,1,0.5947275161743164
49,1,1,0.7511178255081177
50,0,0,0.5210608839988708
51,1,1,0.6930136680603027
52,0,0,0.5210608839988708
53,0,1,0.504082441329956
54,1,1,0.5053163766860962
55,0,0,0.5210608839988708
56,1,1,0.5053163766860962
57,0,1,0.6930136680603027
58,1,0,0.5210608839988708
59,0,0,0.5210608839988708
60,0,0,0.5210608839988708
61,0,0,0.5210608839988708
62,0,0,0.5210608839988708
63,0,0,0.5210608839988708
64,1,1,0.573614239692688
65,0,0,0.5210608839988708
66,1,1,0.5947275161743164
67,1,1,0.5053163766860962
68,0,0,0.5210608839988708
69,1,0,0.5210608839988708
70,0,0,0.5210608839988708
71,0,0,0.5210608839988708
72,0,0,0.5210608839988708
73,0,0,0.5210608839988708
74,0,0,0.5210608839988708
75,1,1,0.5435259938240051
76,0,0,0.5210608839988708
77,0,1,0.5091192722320557
