,label,pred,score
0,0,0,0.5882644653320312
1,0,0,0.5683550834655762
2,0,0,0.5683550834655762
3,1,0,0.5683550834655762
4,0,0,0.5683550834655762
5,0,0,0.5683550834655762
6,1,0,0.5683550834655762
7,1,0,0.6114203929901123
8,1,0,0.5683550834655762
9,1,0,0.5683550834655762
10,1,0,0.5683550834655762
11,0,0,0.5683550834655762
12,0,0,0.5683550834655762
13,1,0,0.5829514861106873
14,0,0,0.5683550834655762
15,1,0,0.5683550834655762
16,0,0,0.6313906908035278
17,1,0,0.5683550834655762
18,1,0,0.6114203929901123
19,0,0,0.5683550834655762
20,0,0,0.5683550834655762
21,0,0,0.5683550834655762
22,0,0,0.5683550834655762
23,1,0,0.581364631652832
24,1,0,0.5829514861106873
25,0,0,0.5683550834655762
26,1,0,0.5683550834655762
27,1,0,0.6031835675239563
28,1,0,0.6313906908035278
29,1,0,0.5400504469871521
30,0,0,0.5785836577415466
31,1,0,0.6114203929901123
32,0,0,0.5683550834655762
33,1,0,0.5683550834655762
34,1,0,0.5683550834655762
35,0,0,0.5683550834655762
36,0,0,0.5683550834655762
37,0,0,0.6114203929901123
38,1,0,0.5744653940200806
39,1,0,0.5744653940200806
40,0,0,0.5683550834655762
41,0,0,0.5683550834655762
42,0,0,0.5683550834655762
43,1,0,0.5767630338668823
44,0,0,0.5683550834655762
45,0,0,0.5683550834655762
46,1,0,0.580518364906311
47,0,0,0.552137017250061
48,1,0,0.580518364906311
49,0,0,0.5683550834655762
50,1,0,0.5683550834655762
51,1,0,0.5683550834655762
52,1,0,0.578710675239563
53,0,0,0.5683550834655762
54,0,0,0.6114203929901123
55,0,0,0.5683550834655762
56,0,0,0.5683550834655762
57,1,0,0.5077645778656006
58,1,0,0.5744653940200806
59,1,0,0.6313906908035278
60,0,0,0.5683550834655762
61,1,0,0.5298188328742981
62,1,0,0.5152166485786438
63,0,0,0.5683550834655762
64,1,0,0.5683550834655762
65,0,0,0.5683550834655762
66,0,0,0.5683550834655762
67,1,0,0.5829514861106873
68,0,0,0.5683550834655762
69,1,0,0.5683550834655762
70,0,0,0.5683550834655762
71,1,0,0.5829514861106873
72,0,0,0.5683550834655762
73,0,0,0.5683550834655762
74,1,0,0.5683550834655762
75,1,0,0.5683550834655762
76,1,0,0.5683550834655762
77,0,0,0.5683550834655762
