,label,pred,score
0,1,1,0.5000662803649902
1,0,1,0.5000662803649902
2,0,1,0.5000662803649902
3,0,1,0.5000662803649902
4,0,1,0.5000662803649902
5,0,1,0.5000662803649902
6,1,1,0.5000662803649902
7,1,1,0.5000662803649902
8,0,1,0.5000662803649902
9,0,1,0.5000662803649902
10,0,1,0.5000662803649902
11,1,1,0.5000662803649902
12,1,1,0.5000662803649902
13,0,1,0.5000662803649902
14,1,1,0.5000662803649902
15,1,1,0.5000662803649902
16,1,1,0.5000662803649902
17,1,1,0.5000662803649902
18,1,1,0.5000662803649902
19,0,1,0.5000662803649902
