,label,pred,score
0,0,1,0.5448039770126343
1,1,1,0.5298528671264648
2,0,1,0.5298528671264648
3,0,1,0.5498666167259216
4,1,1,0.5298528671264648
5,0,1,0.5298528671264648
6,1,1,0.5298528671264648
7,1,1,0.5298528671264648
8,0,1,0.5298528671264648
9,0,1,0.5298528671264648
10,0,1,0.5448039770126343
11,0,1,0.5298528671264648
12,0,1,0.5298528671264648
13,0,1,0.5460065007209778
14,1,1,0.5247565507888794
15,1,1,0.5298528671264648
16,1,1,0.5247565507888794
17,1,1,0.5298528671264648
18,1,1,0.5298528671264648
19,0,1,0.5298528671264648
20,1,1,0.5298528671264648
21,0,1,0.5298528671264648
22,1,1,0.5298528671264648
23,0,1,0.5298528671264648
24,0,1,0.5298528671264648
25,1,1,0.5298528671264648
26,1,1,0.5453104972839355
27,1,1,0.5440965890884399
28,0,1,0.5298528671264648
29,1,1,0.5298528671264648
30,0,1,0.5298528671264648
31,1,1,0.529853105545044
32,0,1,0.5298528671264648
33,0,1,0.5298528671264648
34,1,1,0.5298528671264648
35,0,1,0.6230563521385193
36,1,1,0.5521447658538818
37,0,1,0.5298528671264648
38,1,1,0.5298528671264648
39,0,1,0.5298528671264648
40,0,1,0.5498666167259216
41,0,1,0.565501868724823
42,1,1,0.582284152507782
43,0,1,0.5298528671264648
44,1,1,0.5298528671264648
45,0,1,0.5298528671264648
46,1,1,0.5448039770126343
47,0,1,0.5298528671264648
48,1,1,0.5584051012992859
49,1,1,0.5538951754570007
50,1,1,0.5298528671264648
51,1,1,0.5453104972839355
52,0,1,0.5298528671264648
53,0,1,0.5298528671264648
54,0,1,0.6277936100959778
55,1,1,0.5298528671264648
56,1,1,0.5298528671264648
57,0,1,0.5298528671264648
58,1,1,0.582284152507782
59,1,1,0.5298528671264648
60,1,1,0.5298528671264648
61,0,1,0.5374137163162231
