,label,pred,score
0,0,0,0.5000816583633423
1,1,0,0.5000816583633423
2,1,0,0.5000816583633423
3,1,0,0.5000816583633423
4,1,0,0.5000816583633423
5,0,0,0.5000816583633423
6,1,0,0.5000816583633423
7,0,0,0.5000816583633423
8,1,0,0.5000816583633423
9,0,0,0.5000816583633423
10,0,0,0.5000816583633423
11,0,0,0.5000816583633423
12,1,0,0.5000816583633423
13,1,0,0.5000816583633423
14,0,0,0.5000816583633423
15,1,0,0.5000816583633423
16,0,0,0.5000816583633423
17,0,0,0.5000816583633423
18,1,0,0.5000816583633423
19,0,0,0.5000816583633423
