,label,pred,score
0,0,0,0.5000355243682861
1,0,0,0.5000355243682861
2,0,0,0.5000355243682861
3,1,0,0.5000355243682861
4,0,0,0.5000355243682861
5,0,0,0.5000355243682861
6,1,0,0.5000355243682861
7,1,0,0.5000355243682861
8,0,0,0.5000355243682861
9,0,0,0.5000355243682861
10,0,0,0.5000355243682861
11,1,0,0.5000355243682861
12,1,0,0.5000355243682861
13,1,0,0.5000355243682861
14,0,0,0.5000355243682861
15,1,0,0.5000355243682861
16,1,0,0.5000355243682861
17,1,0,0.5000355243682861
18,1,0,0.5000355243682861
19,0,0,0.5000355243682861
