,label,pred,score
0,1,0,0.5662505030632019
1,0,0,0.5662505030632019
2,1,0,0.5353091955184937
3,0,0,0.5662505030632019
4,0,0,0.5662505030632019
5,1,0,0.5662505030632019
6,1,0,0.5662505030632019
7,1,0,0.575722336769104
8,0,0,0.5662505030632019
9,0,0,0.5662505030632019
10,1,0,0.5810950398445129
11,1,0,0.536418616771698
12,1,0,0.576894998550415
13,1,0,0.5662505030632019
14,0,0,0.5662505030632019
15,1,0,0.5662505030632019
16,1,0,0.5296067595481873
17,0,0,0.5662505030632019
18,1,0,0.5662505030632019
19,0,0,0.5662505030632019
20,1,0,0.5662505030632019
21,0,0,0.5662505030632019
22,1,0,0.536418616771698
23,1,0,0.5662505030632019
24,0,0,0.5861009955406189
25,0,0,0.5662505030632019
26,0,0,0.5662505030632019
27,0,0,0.5662505030632019
28,0,0,0.5662505030632019
29,0,0,0.5662505030632019
30,1,0,0.6289857625961304
31,0,0,0.5662505030632019
32,1,0,0.5662505030632019
33,1,0,0.5133337378501892
34,1,0,0.536418616771698
35,1,0,0.575722336769104
36,0,0,0.5662505030632019
37,0,0,0.5662505030632019
38,0,0,0.5662505030632019
39,1,0,0.5662505030632019
40,1,0,0.5782009959220886
41,1,0,0.5782009959220886
42,0,0,0.5662505030632019
43,0,0,0.5662505030632019
44,0,0,0.5662505030632019
45,0,0,0.5662505030632019
46,0,0,0.5662505030632019
47,0,0,0.5364186763763428
48,1,0,0.5304614305496216
49,0,0,0.5662505030632019
50,1,0,0.5662505030632019
51,1,0,0.5782009959220886
52,0,0,0.5662505030632019
53,1,0,0.5662505030632019
54,0,0,0.5662505030632019
55,0,0,0.5662505030632019
56,1,0,0.5810950398445129
57,1,0,0.5353091955184937
58,1,0,0.5808208584785461
59,1,0,0.5828975439071655
60,1,0,0.575722336769104
61,0,0,0.5364186763763428
62,1,0,0.5662505030632019
63,0,0,0.5662505030632019
64,0,0,0.5662505030632019
65,0,0,0.5662505030632019
66,0,0,0.5662505030632019
67,1,0,0.5662505030632019
68,0,0,0.5662505030632019
69,1,0,0.5662505030632019
70,1,0,0.5662505030632019
71,0,0,0.5662505030632019
72,1,0,0.5968064069747925
73,0,0,0.5353091955184937
74,0,0,0.579538106918335
75,1,0,0.5662505030632019
76,1,0,0.575722336769104
77,0,0,0.6287847757339478
