,label,pred,score
0,1,1,0.500003457069397
1,0,1,0.500003457069397
2,0,1,0.500003457069397
3,1,1,0.500003457069397
4,0,1,0.500003457069397
5,0,1,0.500003457069397
6,1,1,0.500003457069397
7,0,1,0.500003457069397
8,0,1,0.500003457069397
9,1,1,0.500003457069397
10,1,1,0.500003457069397
11,0,1,0.500003457069397
12,0,1,0.500003457069397
13,0,1,0.500003457069397
14,1,1,0.500003457069397
15,1,1,0.500003457069397
16,0,1,0.500003457069397
17,1,1,0.500003457069397
18,1,1,0.500003457069397
19,1,1,0.500003457069397
