,label,pred,score
0,1,1,0.5142355561256409
1,0,1,0.5142355561256409
2,1,1,0.5142355561256409
3,0,1,0.5142355561256409
4,1,1,0.5142355561256409
5,1,1,0.5142355561256409
6,1,1,0.5142355561256409
7,1,1,0.5142355561256409
8,1,1,0.5142355561256409
9,0,1,0.5142355561256409
10,1,1,0.5142355561256409
11,1,1,0.5142355561256409
12,1,1,0.5142355561256409
13,0,1,0.5142355561256409
14,0,1,0.5142355561256409
15,0,1,0.5142355561256409
16,0,1,0.5142355561256409
17,0,1,0.5142355561256409
18,0,1,0.5142355561256409
19,0,1,0.5142355561256409
