,label,pred,score
0,0,0,0.5627431869506836
1,0,0,0.5627431869506836
2,0,0,0.5627431869506836
3,1,0,0.5627431869506836
4,1,0,0.5627431869506836
5,1,0,0.8694853782653809
6,1,0,0.8983288407325745
7,1,0,0.5627431869506836
8,1,0,0.5627431869506836
9,1,0,0.8733614683151245
10,1,0,0.5627431869506836
11,0,0,0.8565787076950073
12,1,0,0.5627431869506836
13,1,0,0.8466870784759521
14,0,0,0.8694853782653809
15,0,0,0.858518123626709
16,0,0,0.5627431869506836
17,0,0,0.5627431869506836
18,1,0,0.5627431869506836
19,0,0,0.5627431869506836
20,1,0,0.5627431869506836
21,0,0,0.5627431869506836
22,0,0,0.7913181781768799
23,0,0,0.8861318826675415
24,0,0,0.5627431869506836
25,0,0,0.8466870784759521
26,0,0,0.5627431273460388
27,1,0,0.8466870784759521
28,1,0,0.5627431869506836
29,0,0,0.5627431869506836
30,1,0,0.5627431869506836
31,1,0,0.5627431869506836
