,label,pred,score
0,0,0,0.5272744297981262
1,1,0,0.506050169467926
2,0,0,0.5272744297981262
3,1,1,0.5310658812522888
4,1,0,0.5272744297981262
5,0,0,0.5272744297981262
6,0,0,0.5272744297981262
7,1,1,0.6975136995315552
8,1,1,0.6381996870040894
9,0,0,0.5272744297981262
10,0,0,0.5272744297981262
11,0,0,0.5272744297981262
12,1,0,0.5272744297981262
13,0,1,0.6280653476715088
14,0,0,0.5272744297981262
15,0,0,0.5272744297981262
16,0,1,0.6280653476715088
17,0,0,0.5272744297981262
18,1,1,0.7312199473381042
19,0,0,0.6963328123092651
20,1,0,0.5272744297981262
21,1,0,0.5272744297981262
22,1,0,0.5272744297981262
23,0,0,0.5272744297981262
24,0,0,0.5272744297981262
25,1,1,0.6280653476715088
26,1,0,0.721224308013916
27,0,0,0.5272744297981262
28,1,1,0.5310658812522888
29,0,0,0.5272744297981262
30,0,0,0.5272744297981262
31,1,0,0.5299766063690186
32,0,0,0.5272744297981262
33,1,0,0.5272744297981262
34,1,0,0.5272744297981262
35,0,0,0.5272744297981262
36,1,0,0.5272744297981262
37,1,1,0.6280653476715088
38,0,0,0.5272744297981262
39,0,0,0.5272744297981262
40,1,1,0.5310658812522888
41,0,1,0.6975136995315552
42,0,0,0.5272744297981262
43,0,0,0.5272744297981262
44,1,0,0.5272744297981262
45,0,0,0.5272744297981262
46,1,0,0.5272744297981262
47,1,1,0.6975136995315552
48,1,0,0.5227987170219421
49,0,0,0.5272744297981262
50,0,0,0.5272744297981262
51,1,1,0.5314118266105652
52,1,1,0.6280653476715088
53,0,0,0.5272744297981262
54,0,0,0.5272744297981262
55,1,0,0.5272744297981262
56,0,0,0.5272744297981262
57,1,1,0.7625200152397156
58,0,0,0.5272744297981262
59,1,1,0.5091953873634338
60,1,0,0.5272744297981262
61,0,0,0.5272744297981262
62,1,1,0.5314118266105652
63,1,0,0.506050169467926
64,1,1,0.5123707056045532
65,1,0,0.5272744297981262
66,1,0,0.5272744297981262
67,0,0,0.5272744297981262
68,0,0,0.5272744297981262
69,0,1,0.5843099355697632
70,1,0,0.5272744297981262
71,1,0,0.5272744297981262
72,1,0,0.5272744297981262
73,1,1,0.5314118266105652
74,0,0,0.5272744297981262
75,0,0,0.5272744297981262
76,0,1,0.5016221404075623
77,1,1,0.5310658812522888
