,label,pred,score
0,0,0,0.5136473178863525
1,1,0,0.5136473178863525
2,1,0,0.653911292552948
3,0,0,0.5136473178863525
4,0,0,0.6245077848434448
5,0,0,0.5136473178863525
6,1,0,0.5599411129951477
7,0,0,0.5136473178863525
8,1,0,0.7744647264480591
9,1,0,0.6558634638786316
10,0,0,0.5136473178863525
11,0,0,0.5136473178863525
12,0,0,0.5136473178863525
13,1,0,0.5136473178863525
14,1,0,0.5136473178863525
15,1,1,0.6442004442214966
16,0,0,0.5136473178863525
17,1,0,0.5136473178863525
18,0,0,0.5136473178863525
19,1,0,0.653911292552948
20,0,1,0.6442004442214966
21,0,0,0.5136473178863525
22,0,0,0.5136473178863525
23,1,0,0.6174197196960449
24,0,0,0.5136473178863525
25,1,0,0.6226213574409485
26,0,0,0.5136473178863525
27,1,0,0.5136473178863525
28,0,0,0.5136473178863525
29,1,0,0.6558634638786316
30,1,0,0.5136473178863525
31,1,0,0.5136473178863525
32,0,0,0.5136473178863525
33,0,0,0.5136473178863525
34,0,0,0.5136473178863525
35,0,0,0.6844844222068787
36,0,0,0.5136473178863525
37,0,0,0.5767281651496887
38,1,0,0.5136473178863525
39,1,0,0.5647143125534058
40,0,0,0.5136473178863525
41,0,0,0.5136473178863525
42,0,0,0.5136473178863525
43,1,0,0.5136473178863525
44,1,0,0.653911292552948
45,1,1,0.518417239189148
46,1,0,0.6245077848434448
47,1,0,0.653911292552948
48,1,0,0.5136473178863525
49,0,0,0.5136473178863525
50,1,0,0.7912352681159973
51,0,0,0.5136473178863525
52,1,0,0.5594316124916077
53,1,0,0.5136473178863525
54,1,0,0.7293105125427246
55,1,0,0.5136473178863525
56,0,0,0.5136473178863525
57,0,0,0.5136473178863525
58,0,0,0.5136473178863525
59,1,0,0.5136473178863525
60,1,0,0.5136473178863525
61,1,0,0.5136473178863525
62,0,0,0.5136473178863525
63,1,0,0.6245077848434448
64,0,0,0.5136473178863525
65,0,0,0.5136473178863525
66,0,0,0.5136473178863525
67,0,0,0.5136473178863525
68,0,0,0.6245077848434448
69,0,0,0.5136473178863525
70,1,0,0.5136473178863525
71,0,0,0.5488113760948181
72,0,0,0.5136473178863525
73,1,0,0.5599411129951477
74,1,0,0.5136473178863525
75,1,1,0.6442004442214966
76,1,0,0.6245077848434448
77,1,0,0.6558634638786316
