,label,pred,score
0,1,1,0.5208357572555542
1,0,1,0.5208357572555542
2,0,1,0.5208357572555542
3,0,1,0.5208357572555542
4,1,1,0.5208357572555542
5,0,1,0.5208357572555542
6,0,1,0.5208357572555542
7,0,1,0.5208357572555542
8,1,0,0.5720394253730774
9,1,1,0.5208357572555542
10,1,1,0.5208357572555542
11,0,1,0.5208357572555542
12,1,0,0.517300009727478
13,1,1,0.5208357572555542
14,0,1,0.5208357572555542
15,0,0,0.5341139435768127
16,1,0,0.5720394253730774
17,1,1,0.5208357572555542
18,1,1,0.5208357572555542
19,1,1,0.5208357572555542
20,1,0,0.5258808135986328
21,0,0,0.5773400068283081
22,0,1,0.5208357572555542
23,0,1,0.5208357572555542
24,0,1,0.5208357572555542
25,1,0,0.5338128209114075
26,0,1,0.5208357572555542
27,1,1,0.5208357572555542
28,0,1,0.5208357572555542
29,0,1,0.5208357572555542
30,1,1,0.5208357572555542
31,0,1,0.5208357572555542
32,1,1,0.5208355188369751
33,0,1,0.5208357572555542
34,1,1,0.5208357572555542
35,0,0,0.5272364616394043
36,1,1,0.531808614730835
37,1,1,0.5208357572555542
38,1,0,0.5338128209114075
39,0,0,0.5195972323417664
40,0,0,0.5655196309089661
41,0,0,0.5432029962539673
42,1,0,0.524516224861145
43,0,1,0.5208357572555542
44,1,1,0.5208357572555542
45,1,1,0.5208357572555542
46,1,1,0.5208357572555542
47,0,1,0.5208357572555542
48,0,1,0.5208357572555542
49,0,1,0.5208357572555542
50,1,0,0.5432029962539673
51,0,1,0.5208357572555542
52,0,1,0.532090425491333
53,0,0,0.5341139435768127
54,1,1,0.5208357572555542
55,1,1,0.5208357572555542
56,0,1,0.5208357572555542
57,1,1,0.5208357572555542
58,0,0,0.5432029962539673
59,1,0,0.5407385230064392
60,1,1,0.531808614730835
61,1,1,0.5208357572555542
