,label,pred,score
0,1,1,0.5001603960990906
1,0,1,0.5001603960990906
2,1,1,0.5001603960990906
3,0,1,0.5001603960990906
4,0,1,0.5001603960990906
5,1,1,0.5001603960990906
6,0,1,0.5001603960990906
7,0,1,0.5001603960990906
8,0,1,0.5001603960990906
9,1,1,0.5001603960990906
10,1,1,0.5001603960990906
11,0,1,0.5001603960990906
12,1,1,0.5001603960990906
13,0,1,0.5001603960990906
14,1,1,0.5001603960990906
15,1,1,0.5001603960990906
16,1,1,0.5001603960990906
17,0,1,0.5001603960990906
18,0,1,0.5001603960990906
19,1,1,0.5001603960990906
