,label,pred,score
0,0,0,0.5373924374580383
1,1,1,0.773423433303833
2,0,0,0.5373924374580383
3,1,0,0.5373924374580383
4,1,1,0.6447046399116516
5,0,0,0.5373924374580383
6,1,1,0.8040571808815002
7,1,0,0.5373924374580383
8,1,1,0.6698296666145325
9,0,0,0.5373924374580383
10,1,0,0.5373924374580383
11,0,0,0.5373924374580383
12,0,0,0.5373924374580383
13,0,1,0.711985170841217
14,0,0,0.5373924374580383
15,1,1,0.6698296666145325
16,1,1,0.7379665374755859
17,1,1,0.6442652344703674
18,0,0,0.5373924374580383
19,1,1,0.6698296666145325
20,0,0,0.5373924374580383
21,1,1,0.8690686821937561
22,1,0,0.5373924374580383
23,1,1,0.6575907468795776
24,0,0,0.5373924374580383
25,0,0,0.5373924374580383
26,1,1,0.6698296666145325
27,1,1,0.7379665374755859
28,1,0,0.5373924374580383
29,0,1,0.773423433303833
30,1,0,0.5373924374580383
31,0,1,0.7074225544929504
32,0,0,0.5373924374580383
33,0,0,0.5373924374580383
34,0,0,0.5373924374580383
35,0,0,0.5373924374580383
36,0,0,0.5373924374580383
37,1,1,0.8437895178794861
38,1,1,0.666221559047699
39,0,0,0.5373924374580383
40,1,1,0.7752136588096619
41,1,1,0.6575907468795776
42,0,0,0.5373924374580383
43,1,1,0.7379665374755859
44,1,0,0.5373924374580383
45,1,0,0.5373924374580383
46,0,0,0.5373924374580383
47,0,0,0.5373924374580383
48,0,0,0.5373924374580383
49,0,0,0.5373914241790771
50,0,0,0.5373924374580383
51,0,0,0.5373924374580383
52,0,0,0.5373924374580383
53,1,0,0.5373914241790771
54,1,1,0.773423433303833
55,1,0,0.5373924374580383
56,1,1,0.8690686821937561
57,1,1,0.8062693476676941
58,1,0,0.5373924374580383
59,0,0,0.5373924374580383
60,0,1,0.8690686821937561
61,0,0,0.5373924374580383
62,1,0,0.5373924374580383
63,1,1,0.773423433303833
64,0,0,0.5373924374580383
65,0,0,0.5373924374580383
66,0,0,0.5373924374580383
67,1,0,0.5373924374580383
68,0,1,0.773423433303833
69,1,1,0.6804543137550354
70,1,0,0.5373924374580383
71,0,1,0.6649212837219238
72,1,0,0.5373924374580383
73,1,0,0.5373924374580383
74,1,0,0.5373924374580383
75,0,0,0.5373924374580383
76,0,0,0.5373924374580383
77,0,0,0.5373924374580383
