,label,pred,score
0,0,0,0.5151976943016052
1,1,1,0.5148473381996155
2,0,0,0.6734220385551453
3,0,0,0.5902217626571655
4,1,1,0.5085887908935547
5,0,1,0.5015552043914795
6,1,0,0.5925687551498413
7,1,0,0.6109216809272766
8,0,0,0.6775922179222107
9,1,0,0.6109216809272766
10,0,0,0.693515956401825
11,1,0,0.5209025740623474
12,1,0,0.6057910323143005
13,1,0,0.5209025740623474
14,0,0,0.6317304372787476
15,0,0,0.5891623497009277
16,0,0,0.6377349495887756
17,1,0,0.6826185584068298
18,1,0,0.6300380229949951
19,1,0,0.6935160160064697
20,0,1,0.5318183898925781
21,0,0,0.6053929328918457
22,0,0,0.5440343618392944
23,0,0,0.5028154253959656
24,0,0,0.7038992643356323
25,1,0,0.6203396320343018
26,1,0,0.5947750806808472
27,1,0,0.6953039169311523
28,1,0,0.5151976943016052
29,0,0,0.6370465755462646
30,0,0,0.5209025740623474
31,1,0,0.7013922333717346
