,label,pred,score
0,0,1,0.5048152804374695
1,0,1,0.5048152804374695
2,1,1,0.5570083260536194
3,0,1,0.5927484631538391
4,0,1,0.5048152804374695
5,1,1,0.5644612312316895
6,1,1,0.5537224411964417
7,1,1,0.5048152804374695
8,0,1,0.5346478223800659
9,1,1,0.6219156384468079
10,1,1,0.5048152804374695
11,0,1,0.5048152804374695
12,1,1,0.6139388084411621
13,0,1,0.5048152804374695
14,0,1,0.5048152804374695
15,1,1,0.5048152804374695
16,1,1,0.5048152804374695
17,1,1,0.5150699019432068
18,1,1,0.5048152804374695
19,0,1,0.5497979521751404
20,0,1,0.5370504856109619
21,0,1,0.5048152804374695
22,1,1,0.5048152804374695
23,1,1,0.5048152804374695
24,1,1,0.6219156384468079
25,0,1,0.5048152804374695
26,0,1,0.5814828872680664
27,0,1,0.5660277009010315
28,1,1,0.5048152804374695
29,1,1,0.5048152804374695
30,1,1,0.5048152804374695
31,0,1,0.5048152804374695
32,0,1,0.5048152804374695
33,0,1,0.5048152804374695
34,1,1,0.5048152804374695
35,0,1,0.5048152804374695
36,0,1,0.6553846001625061
37,0,1,0.5048152804374695
38,1,1,0.5048152804374695
39,0,1,0.5048152804374695
40,0,1,0.5497979521751404
41,0,1,0.5048152804374695
42,1,1,0.5644612312316895
43,1,1,0.5048152804374695
44,0,1,0.5048152804374695
45,1,1,0.5048152804374695
46,1,1,0.6581976413726807
47,0,1,0.5048152804374695
48,1,1,0.5048152804374695
49,0,1,0.5048152804374695
50,1,1,0.5497979521751404
51,1,1,0.6581976413726807
52,0,1,0.5814828872680664
53,0,1,0.5048152804374695
54,1,1,0.5048187375068665
55,0,1,0.5048152804374695
56,0,1,0.5048152804374695
57,1,1,0.5048152804374695
58,0,1,0.5048152804374695
59,1,1,0.5048152804374695
60,1,1,0.5048152804374695
61,1,1,0.5048152804374695
