,label,pred,score
0,0,0,0.5548902153968811
1,0,0,0.5548902153968811
2,1,0,0.5786107778549194
3,0,0,0.5548902153968811
4,0,0,0.5548902153968811
5,1,0,0.5941771268844604
6,0,0,0.5548902153968811
7,0,0,0.5548902153968811
8,0,0,0.5548902153968811
9,1,0,0.5926273465156555
10,1,0,0.5769895911216736
11,1,0,0.5769895911216736
12,0,0,0.5548902153968811
13,1,0,0.5635021328926086
14,0,0,0.5874307751655579
15,0,0,0.5548902153968811
16,1,0,0.5811069011688232
17,0,0,0.5548902153968811
18,1,0,0.5548902153968811
19,0,0,0.5548902153968811
20,1,0,0.5548902153968811
21,0,0,0.5548902153968811
22,0,0,0.5548902153968811
23,0,0,0.5548902153968811
24,1,0,0.5548902153968811
25,1,0,0.5579295754432678
26,1,0,0.5874307751655579
27,1,0,0.5548902153968811
28,1,0,0.5548902153968811
29,0,0,0.5548902153968811
30,1,0,0.5874307751655579
31,0,0,0.5699795484542847
32,1,0,0.5579295754432678
33,1,0,0.5926273465156555
34,1,0,0.5548902153968811
35,0,0,0.5548902153968811
36,1,0,0.5548902153968811
37,0,0,0.5548902153968811
38,0,0,0.5548902153968811
39,1,0,0.557929515838623
40,1,0,0.5548902153968811
41,0,0,0.5635021328926086
42,1,0,0.5489295125007629
43,0,0,0.5548902153968811
44,1,0,0.5548902153968811
45,0,0,0.5548902153968811
46,1,0,0.6092796325683594
47,0,0,0.5548902153968811
48,1,0,0.5800638198852539
49,1,0,0.5635021328926086
50,0,0,0.5548902153968811
51,1,0,0.5548902153968811
52,0,0,0.5548902153968811
53,0,0,0.5548902153968811
54,0,0,0.5548902153968811
55,1,0,0.5548902153968811
56,1,0,0.5548902153968811
57,0,0,0.5548902153968811
58,0,0,0.5548902153968811
59,0,0,0.5930871367454529
60,1,0,0.5770686268806458
61,1,0,0.5874307751655579
62,1,0,0.5548902153968811
63,1,0,0.5926273465156555
64,0,0,0.5706623792648315
65,0,0,0.5548902153968811
66,0,0,0.5548902153968811
67,1,0,0.5548902153968811
68,1,0,0.5800879001617432
69,0,0,0.5548902153968811
70,1,0,0.5548902153968811
71,1,0,0.5548902153968811
72,0,0,0.5548902153968811
73,0,0,0.5548902153968811
74,1,0,0.557929515838623
75,0,0,0.5548902153968811
76,1,0,0.5548902153968811
77,0,0,0.5874307751655579
