,label,pred,score
0,0,1,0.5440887212753296
1,0,0,0.610282301902771
2,0,1,0.5440887212753296
3,1,1,0.5440887212753296
4,0,1,0.54408860206604
5,1,1,0.5440887212753296
6,0,0,0.5190715193748474
7,1,1,0.5440887212753296
8,1,0,0.549453616142273
9,0,1,0.5440887212753296
10,0,1,0.54408860206604
11,0,1,0.5440887212753296
12,1,0,0.549453616142273
13,0,1,0.5440887212753296
14,0,1,0.5440887212753296
15,1,1,0.5440887212753296
16,1,1,0.5440887212753296
17,1,1,0.5440887212753296
18,1,0,0.6253200173377991
19,1,0,0.6020514369010925
20,0,1,0.5440887212753296
21,0,1,0.54408860206604
22,0,0,0.610282301902771
23,0,0,0.6293105483055115
24,0,1,0.54408860206604
25,1,1,0.5440887212753296
26,1,1,0.5440887212753296
27,1,1,0.5440887212753296
28,0,1,0.5440887212753296
29,0,1,0.5440887212753296
30,0,1,0.5440887212753296
31,1,0,0.6244690418243408
32,1,1,0.5440887212753296
33,1,0,0.6686045527458191
34,1,0,0.5941169261932373
35,1,1,0.5440887212753296
36,0,0,0.619740903377533
37,0,1,0.5440887212753296
38,1,1,0.5440887212753296
39,0,1,0.5440887212753296
40,0,0,0.574130117893219
41,1,1,0.5440887212753296
42,1,0,0.6244690418243408
43,1,1,0.5440887212753296
44,1,0,0.6686045527458191
45,1,1,0.5440887212753296
46,1,1,0.5440887212753296
47,0,1,0.5440887212753296
48,0,0,0.6293105483055115
49,1,1,0.5440887212753296
50,1,1,0.5416734218597412
51,0,1,0.5440887212753296
52,0,0,0.644110918045044
53,0,0,0.6369577646255493
54,1,1,0.5440887212753296
55,0,1,0.5440887212753296
56,0,1,0.5440887212753296
57,1,0,0.6293105483055115
58,0,1,0.5440887212753296
59,1,1,0.5440887212753296
60,1,0,0.6297009587287903
61,0,1,0.5440887212753296
