,label,pred,score
0,0,1,0.5019051432609558
1,0,0,0.5066657662391663
2,1,0,0.5459601879119873
3,1,0,0.5430729985237122
4,1,0,0.5013130903244019
5,0,1,0.5019052028656006
6,0,0,0.533184826374054
7,0,1,0.5019052028656006
8,0,1,0.5019052028656006
9,0,1,0.5019051432609558
10,1,1,0.5019052028656006
11,1,1,0.5019052028656006
12,1,1,0.5019052028656006
13,1,1,0.5019052028656006
14,0,1,0.5019052028656006
15,0,0,0.5458323359489441
16,1,1,0.5019052028656006
17,1,1,0.5019052028656006
18,1,1,0.5019052028656006
19,1,1,0.5019052028656006
20,1,1,0.5019052028656006
21,0,0,0.5121428370475769
22,0,1,0.5019052028656006
23,0,1,0.5019052028656006
24,1,0,0.5570439696311951
25,0,1,0.5019051432609558
26,0,0,0.5322672128677368
27,0,1,0.5019052028656006
28,1,1,0.5019052028656006
29,0,1,0.5019052028656006
30,0,0,0.5197349190711975
31,1,0,0.5279724597930908
32,0,1,0.5019052028656006
33,0,0,0.533184826374054
34,1,0,0.533184826374054
35,0,1,0.5019052028656006
36,0,1,0.5019052028656006
37,0,0,0.5048181414604187
38,1,1,0.5019052028656006
39,0,1,0.5019052028656006
40,1,1,0.5012373328208923
41,1,0,0.5570439696311951
42,1,1,0.5019052028656006
43,1,1,0.5019052028656006
44,0,1,0.5019052028656006
45,0,1,0.5019051432609558
46,0,0,0.5121428370475769
47,1,0,0.5279724597930908
48,0,1,0.5019052028656006
49,0,1,0.5019052028656006
50,0,1,0.5019052028656006
51,0,1,0.5019052028656006
52,1,1,0.5019052028656006
53,1,1,0.5019052028656006
54,1,1,0.5019052028656006
55,1,0,0.5346276760101318
56,1,1,0.5019052028656006
57,1,1,0.5019052028656006
58,0,1,0.5019052028656006
59,1,0,0.5711395740509033
60,1,0,0.5013130903244019
61,1,1,0.5019052028656006
