,label,pred,score
0,1,1,0.5001256465911865
1,1,1,0.5001256465911865
2,0,1,0.5001256465911865
3,1,1,0.5001256465911865
4,1,1,0.5001256465911865
5,0,1,0.5001256465911865
6,1,1,0.5001256465911865
7,1,1,0.5001256465911865
8,0,1,0.5001256465911865
9,0,1,0.5001256465911865
10,1,1,0.5001256465911865
11,0,1,0.5001256465911865
12,1,1,0.5001256465911865
13,0,1,0.5001256465911865
14,0,1,0.5001256465911865
15,1,1,0.5001256465911865
16,0,1,0.5001256465911865
17,0,1,0.5001256465911865
18,1,1,0.5001256465911865
19,0,1,0.5001256465911865
