,label,pred,score
0,1,1,0.5088028907775879
1,1,0,0.5235747694969177
2,0,1,0.5075529217720032
3,1,0,0.5235747694969177
4,1,0,0.5235747694969177
5,0,0,0.5235747694969177
6,0,0,0.5235747694969177
7,0,1,0.5265434384346008
8,1,0,0.5235747694969177
9,0,0,0.5235747694969177
10,1,0,0.5235747694969177
11,1,0,0.5235747694969177
12,0,1,0.5088028907775879
13,0,0,0.5235747694969177
14,1,0,0.5235747694969177
15,1,1,0.5302254557609558
16,1,1,0.5193445682525635
17,0,0,0.5235747694969177
18,0,0,0.5235747694969177
19,1,0,0.5235747694969177
20,1,0,0.5235747694969177
21,0,1,0.5145578384399414
22,0,0,0.5235747694969177
23,0,0,0.5235747694969177
24,0,1,0.5120836496353149
25,1,1,0.5145578384399414
26,1,0,0.5235747694969177
27,0,1,0.5122900009155273
28,1,1,0.5088028907775879
29,0,0,0.5235747694969177
30,1,0,0.5235747694969177
31,0,0,0.5235747694969177
