,label,pred,score
0,0,0,0.5001319646835327
1,0,0,0.5001319646835327
2,0,0,0.5001319646835327
3,1,0,0.5001319646835327
4,0,0,0.5001319646835327
5,0,0,0.5001319646835327
6,1,0,0.5001319646835327
7,0,0,0.5001319646835327
8,1,0,0.5001319646835327
9,1,0,0.5001319646835327
10,0,0,0.5001319646835327
11,1,0,0.5001319646835327
12,1,0,0.5001319646835327
13,1,0,0.5001319646835327
14,1,0,0.5001319646835327
15,1,0,0.5001319646835327
16,0,0,0.5001319646835327
17,0,0,0.5001319646835327
18,1,0,0.5001319646835327
19,0,0,0.5001319646835327
