,label,pred,score
0,1,0,0.5600153803825378
1,1,0,0.5068508982658386
2,1,0,0.550666093826294
3,0,0,0.5600153803825378
4,0,0,0.5600153803825378
5,1,0,0.5190910696983337
6,0,0,0.5600153803825378
7,1,1,0.5017889142036438
8,1,0,0.5190910696983337
9,0,0,0.5600153803825378
10,1,0,0.5356301665306091
11,0,1,0.5017889142036438
12,0,0,0.5600153803825378
13,1,0,0.5600153803825378
14,1,0,0.5760214328765869
15,1,0,0.5770378708839417
16,0,0,0.5600153803825378
17,0,0,0.5600153803825378
18,1,0,0.5600153803825378
19,1,0,0.5988771915435791
20,0,0,0.5600153803825378
21,1,0,0.5600153803825378
22,0,0,0.5242661237716675
23,1,0,0.5600153803825378
24,0,0,0.5600153803825378
25,1,0,0.5734334588050842
26,0,0,0.5600153803825378
27,1,0,0.5600153803825378
28,0,0,0.5600153803825378
29,1,0,0.5600153803825378
30,1,0,0.550666093826294
31,0,0,0.5600153803825378
32,1,0,0.5600153803825378
33,0,0,0.5600153803825378
34,0,0,0.5600153803825378
35,0,0,0.5600153803825378
36,1,0,0.5600153803825378
37,0,0,0.5600153803825378
38,0,0,0.550666093826294
39,1,0,0.5948035717010498
40,0,0,0.5793415904045105
41,0,0,0.5600153803825378
42,0,0,0.5600153803825378
43,1,1,0.700027585029602
44,1,0,0.5600153803825378
45,1,0,0.5600153803825378
46,0,0,0.5600153803825378
47,1,0,0.5356301665306091
48,0,0,0.5600153803825378
49,0,0,0.5600153803825378
50,0,0,0.5600153803825378
51,0,0,0.5600153803825378
52,0,0,0.550666093826294
53,1,0,0.561179518699646
54,0,0,0.5600153803825378
55,1,0,0.550666093826294
56,1,0,0.5600153803825378
57,0,0,0.5600153803825378
58,0,0,0.5600153803825378
59,1,1,0.505906343460083
60,1,0,0.5600153803825378
61,0,0,0.5600153803825378
62,1,0,0.5190910696983337
63,1,0,0.5600153803825378
64,0,0,0.5600153803825378
65,1,0,0.5600153803825378
66,1,0,0.5190910696983337
67,0,0,0.5600153803825378
68,0,0,0.5600153803825378
69,1,0,0.5600153803825378
70,1,0,0.5600153803825378
71,0,0,0.5600153803825378
72,0,0,0.5706517696380615
73,1,0,0.5356301665306091
74,1,1,0.5017889142036438
75,0,0,0.5600153803825378
76,1,0,0.5734334588050842
77,0,0,0.5600153803825378
