,label,pred,score
0,0,0,0.5332468748092651
1,0,0,0.5332468748092651
2,0,0,0.5332468748092651
3,1,0,0.5332468748092651
4,0,0,0.5332468748092651
5,0,0,0.5332468748092651
6,1,0,0.5507497191429138
7,0,0,0.5332468748092651
8,0,0,0.5332468748092651
9,1,0,0.5506779551506042
10,1,0,0.5249491333961487
11,1,1,0.5303666591644287
12,0,0,0.5332468748092651
13,0,0,0.5332468748092651
14,1,0,0.5332468748092651
15,1,0,0.5332468748092651
16,0,0,0.5332468748092651
17,1,0,0.5332468748092651
18,0,0,0.5332468748092651
19,0,0,0.5332468748092651
20,1,1,0.5474020838737488
21,0,0,0.5332468748092651
22,1,0,0.5332468748092651
23,1,0,0.5332468748092651
24,0,1,0.5301741361618042
25,0,0,0.5332468748092651
26,0,0,0.5332468748092651
27,1,1,0.5315771102905273
28,1,0,0.5529155731201172
29,1,0,0.5332468748092651
30,1,0,0.5332468748092651
31,1,0,0.5378561019897461
32,1,0,0.5332468748092651
33,1,1,0.5303666591644287
34,0,0,0.5332468748092651
35,0,0,0.5332468748092651
36,1,0,0.5332468748092651
37,0,0,0.5332468748092651
38,0,0,0.5332468748092651
39,1,1,0.5315771102905273
40,1,0,0.5332468748092651
41,1,1,0.5971947908401489
42,1,1,0.5444545745849609
43,0,0,0.5332468748092651
44,0,0,0.5332468748092651
45,0,0,0.5332468748092651
46,1,1,0.5505134463310242
47,1,0,0.5332468748092651
48,1,0,0.5332468748092651
49,0,0,0.5332468748092651
50,0,0,0.5332468748092651
51,0,1,0.5303666591644287
52,0,0,0.5332468748092651
53,1,0,0.5378561019897461
54,0,1,0.5303666591644287
55,1,1,0.5315771102905273
56,0,0,0.5332468748092651
57,1,1,0.5971947908401489
58,0,0,0.5332468748092651
59,1,1,0.5315771102905273
60,0,0,0.5332468748092651
61,0,0,0.5332468748092651
62,0,0,0.5819480419158936
63,0,1,0.5971947908401489
64,0,0,0.5332468748092651
65,1,1,0.5303666591644287
66,1,0,0.5332468748092651
67,1,1,0.5460280179977417
68,1,0,0.5332468748092651
69,1,0,0.5249491333961487
70,1,0,0.5249491333961487
71,0,0,0.5227360725402832
72,0,0,0.5332468748092651
73,0,0,0.5332468748092651
74,1,0,0.5332468748092651
75,1,0,0.6104701161384583
76,0,0,0.5332468748092651
77,1,0,0.5332468748092651
