,label,pred,score
0,0,0,0.5274243354797363
1,1,0,0.7041839361190796
2,1,0,0.5274243354797363
3,1,0,0.5274243354797363
4,1,1,0.5140698552131653
5,1,0,0.5274243354797363
6,0,0,0.5274243354797363
7,0,0,0.6838583946228027
8,1,1,0.7554180026054382
9,0,0,0.5274243354797363
10,0,0,0.5274243354797363
11,0,0,0.5274243354797363
12,0,0,0.5274243354797363
13,1,0,0.5657899379730225
14,1,0,0.5274243354797363
15,1,0,0.5274243354797363
16,1,1,0.7554180026054382
17,0,0,0.5274243354797363
18,1,0,0.5274243354797363
19,1,0,0.5657899379730225
20,0,0,0.7097541689872742
21,0,0,0.5274243354797363
22,1,1,0.818965494632721
23,0,0,0.5274243354797363
24,0,0,0.5274243354797363
25,0,1,0.7621355652809143
26,1,0,0.7097541689872742
27,0,0,0.5274243354797363
28,1,1,0.5302005410194397
29,1,0,0.5274243354797363
30,0,0,0.5274243354797363
31,1,0,0.5201625823974609
32,1,0,0.7097541689872742
33,1,0,0.5210914611816406
34,0,0,0.5274243354797363
35,1,0,0.5657899379730225
36,1,0,0.5274243354797363
37,0,0,0.5274243354797363
38,1,0,0.5274243354797363
39,1,0,0.5274243354797363
40,1,0,0.5940656661987305
41,0,0,0.5274243354797363
42,0,1,0.5302005410194397
43,0,0,0.5274243354797363
44,0,0,0.5274243354797363
45,0,0,0.5274243354797363
46,0,0,0.5274243354797363
47,1,1,0.5302005410194397
48,1,0,0.5274243354797363
49,0,0,0.5274243354797363
50,0,0,0.5274243354797363
51,1,0,0.5274243354797363
52,1,0,0.5274243354797363
53,0,0,0.5274243354797363
54,1,0,0.7097541689872742
55,1,1,0.7554180026054382
56,1,0,0.5657899379730225
57,1,0,0.5274243354797363
58,0,0,0.5274243354797363
59,0,0,0.5274243354797363
60,0,0,0.5274243354797363
61,0,0,0.5834168791770935
62,0,0,0.5274243354797363
63,0,0,0.5274243354797363
64,1,0,0.5236793160438538
65,0,0,0.5274243354797363
66,1,0,0.5274243354797363
67,0,0,0.5274243354797363
68,1,0,0.5274243354797363
69,0,0,0.5274243354797363
70,0,0,0.7097541689872742
71,0,0,0.5274243354797363
72,0,0,0.5274243354797363
73,1,0,0.563787043094635
74,1,0,0.5907237529754639
75,1,0,0.5236793160438538
76,0,0,0.5274243354797363
77,1,0,0.5274243354797363
