,label,pred,score
0,1,0,0.5702853798866272
1,0,0,0.570127546787262
2,0,0,0.5663122534751892
3,0,1,0.7164905667304993
4,0,1,0.5458954572677612
5,1,0,0.5702852010726929
6,0,0,0.5702853798866272
7,0,0,0.5702851414680481
8,1,0,0.5630837082862854
9,1,0,0.5630835890769958
10,0,0,0.5702852606773376
11,1,0,0.5702852606773376
12,0,1,0.7068097591400146
13,1,0,0.5702853798866272
14,0,0,0.5702851414680481
15,1,1,0.6706978678703308
16,1,1,0.6782358288764954
17,1,0,0.5702847242355347
18,0,1,0.5935211777687073
19,1,0,0.5702851414680481
20,0,0,0.5702847242355347
21,0,0,0.5702853798866272
22,1,1,0.5935283303260803
23,1,0,0.5702837109565735
24,0,1,0.6782358288764954
25,0,0,0.5702838897705078
26,1,0,0.5702844858169556
27,0,0,0.5702849626541138
28,1,1,0.6782358288764954
29,0,1,0.5575233697891235
30,1,1,0.6673381924629211
31,1,0,0.5702751874923706
