,label,pred,score
0,0,1,0.5018478035926819
1,1,1,0.5018478035926819
2,1,1,0.6484481692314148
3,0,1,0.5018478035926819
4,0,1,0.6577094793319702
5,1,1,0.6484481692314148
6,1,1,0.5283978581428528
7,0,1,0.53947913646698
8,1,1,0.5018478035926819
9,0,0,0.5055282711982727
10,0,1,0.5283978581428528
11,1,1,0.5018478035926819
12,1,1,0.5018478035926819
13,0,1,0.5018478035926819
14,1,1,0.5018478035926819
15,1,1,0.5018478035926819
16,0,1,0.5018478035926819
17,1,1,0.5018478035926819
18,0,1,0.5018478035926819
19,1,1,0.5018478035926819
20,1,1,0.5018478035926819
21,1,1,0.5018478035926819
22,0,1,0.5018478035926819
23,0,1,0.540679395198822
24,1,1,0.5834478735923767
25,1,1,0.5018478035926819
26,0,1,0.5018478035926819
27,1,1,0.5834478735923767
28,1,1,0.5018478035926819
29,0,1,0.5018478035926819
30,1,1,0.616492748260498
31,0,1,0.5018478035926819
32,0,1,0.5018478035926819
33,0,1,0.6434792876243591
34,0,1,0.626395583152771
35,0,1,0.5018478035926819
36,1,1,0.5018478035926819
37,0,1,0.5018478035926819
38,0,1,0.5018478035926819
39,1,1,0.5018478035926819
40,0,1,0.5018478035926819
41,1,1,0.5018478035926819
42,0,1,0.540679395198822
43,1,1,0.5570716261863708
44,1,1,0.5218219757080078
45,1,1,0.585379421710968
46,0,1,0.5018478035926819
47,1,1,0.5018478035926819
48,1,1,0.5018478035926819
49,0,1,0.5018478035926819
50,0,1,0.5018478035926819
51,1,1,0.5018478035926819
52,0,1,0.5018478035926819
53,0,1,0.5018478035926819
54,1,1,0.5570716261863708
55,0,1,0.5018478035926819
56,1,1,0.5018478035926819
57,1,1,0.5467585325241089
58,0,1,0.5018478035926819
59,0,1,0.5283978581428528
60,1,1,0.5018478035926819
61,0,1,0.5018478035926819
