,label,pred,score
0,1,0,0.6348564028739929
1,1,1,0.996948778629303
2,0,0,0.8443653583526611
3,0,1,0.8273895382881165
4,1,1,0.998516857624054
5,1,0,0.7884213924407959
6,0,0,0.9320412278175354
7,1,0,0.9984764456748962
8,0,0,0.9951556921005249
9,1,1,0.9989092350006104
10,0,0,0.9950527548789978
11,1,1,0.9972988963127136
12,1,1,0.9991629123687744
13,0,1,0.9677830338478088
14,0,0,0.9986856579780579
15,0,0,0.9866067171096802
16,1,1,0.9656380414962769
17,1,1,0.9933546781539917
18,0,0,0.9921869039535522
19,0,0,0.998285710811615
