,label,pred,score
0,0,0,0.9913409352302551
1,0,0,0.9526739120483398
2,1,1,0.9621491432189941
3,0,1,0.5213773846626282
4,0,0,0.7371435165405273
5,1,0,0.9898902177810669
6,1,1,0.9446085095405579
7,1,1,0.9917069673538208
8,0,1,0.5066731572151184
9,1,1,0.9088929295539856
10,0,0,0.9802230596542358
11,1,1,0.9917574524879456
12,0,1,0.9507542252540588
13,0,0,0.9930698275566101
14,0,0,0.9868704676628113
15,1,1,0.9924628734588623
16,1,1,0.5227647423744202
17,1,0,0.8240676522254944
18,0,1,0.5449234247207642
19,1,1,0.9811104536056519
