,label,pred,score
0,0,0,0.8207323551177979
1,1,0,0.9797797799110413
2,1,0,0.9780696630477905
3,0,0,0.9065448641777039
4,0,0,0.7624760866165161
5,0,0,0.9963353872299194
6,1,1,0.797739565372467
7,0,1,0.9715465903282166
8,0,0,0.7428364157676697
9,1,0,0.9570940732955933
10,0,1,0.5815663933753967
11,1,1,0.8206342458724976
12,1,0,0.7816846370697021
13,1,1,0.7583690285682678
14,1,1,0.6245978474617004
15,0,0,0.9793535470962524
16,1,1,0.9687294363975525
17,0,0,0.9326500296592712
18,0,0,0.9962269067764282
19,1,0,0.6832862496376038
