,label,pred,score
0,0,0,0.9734023213386536
1,1,1,0.9768189787864685
2,1,0,0.9769367575645447
3,1,1,0.934360921382904
4,1,0,0.8683575987815857
5,0,0,0.9795613884925842
6,0,0,0.9012526273727417
7,1,1,0.9766780734062195
8,0,0,0.9927432537078857
9,0,0,0.9948769211769104
10,1,1,0.9625523090362549
11,0,1,0.7915112972259521
12,1,1,0.7948434352874756
13,1,0,0.5072585344314575
14,1,1,0.96647047996521
15,0,0,0.9524853229522705
16,0,0,0.9906833171844482
17,0,0,0.8661688566207886
18,0,0,0.993854820728302
19,0,0,0.9707008004188538
20,0,0,0.9934149980545044
21,0,0,0.8276002407073975
22,0,1,0.7463737726211548
23,1,1,0.9452370405197144
24,1,1,0.9586670398712158
25,0,0,0.995088517665863
26,1,1,0.9775891304016113
27,1,1,0.9754383563995361
28,0,0,0.94638991355896
29,1,1,0.9633673429489136
30,0,0,0.9741483926773071
31,1,1,0.980804979801178
32,1,1,0.9694002270698547
33,1,1,0.9767230153083801
34,1,1,0.9336124658584595
35,1,1,0.805110514163971
36,0,0,0.9950894713401794
37,0,0,0.9932002425193787
38,0,0,0.994271993637085
39,0,0,0.9688509702682495
40,1,1,0.9061221480369568
41,1,1,0.9846029281616211
42,0,0,0.9710572361946106
43,0,0,0.9956426620483398
44,0,0,0.9937236905097961
45,1,1,0.8752213716506958
46,1,0,0.9745392799377441
47,1,1,0.9827262163162231
48,1,1,0.9480706453323364
49,0,0,0.920701801776886
50,1,0,0.7653988003730774
51,1,1,0.9271539449691772
52,0,0,0.9942585229873657
53,1,1,0.9820851683616638
54,1,0,0.9709615707397461
55,1,1,0.9753170013427734
56,1,0,0.9580381512641907
57,0,0,0.987583339214325
58,0,0,0.9934629201889038
59,0,0,0.9946463704109192
60,0,0,0.9237675070762634
61,0,0,0.9796153903007507
