,label,pred,score
0,1,1,0.9867684245109558
1,1,1,0.9974931478500366
2,1,1,0.9984269142150879
3,0,0,0.9980747699737549
4,0,0,0.9986823201179504
5,0,0,0.9945683479309082
6,1,1,0.9978131055831909
7,0,1,0.8120760321617126
8,0,0,0.6076197028160095
9,0,0,0.9886259436607361
10,1,1,0.9874338507652283
11,1,1,0.9970836043357849
12,1,1,0.9830575585365295
13,0,0,0.7878787517547607
14,0,0,0.9976020455360413
15,1,0,0.9314925074577332
16,0,0,0.9970473647117615
17,0,0,0.995636522769928
18,1,1,0.997236967086792
19,0,0,0.9975464940071106
20,0,0,0.9985390901565552
21,1,1,0.9982775449752808
22,1,1,0.998521625995636
23,1,1,0.9986781477928162
24,1,1,0.9987126588821411
25,0,1,0.6695366501808167
26,0,0,0.9775550365447998
27,1,1,0.998229444026947
28,1,1,0.9976056814193726
29,0,0,0.9959489107131958
30,0,0,0.9984112977981567
31,0,0,0.940704882144928
32,1,1,0.9987474679946899
33,1,1,0.9930567741394043
34,0,0,0.973767876625061
35,0,0,0.9966636300086975
36,1,1,0.737191915512085
37,1,0,0.9847193956375122
38,0,0,0.9886006712913513
39,1,1,0.9954190254211426
40,0,0,0.932361900806427
41,0,0,0.998646080493927
42,0,0,0.8460683822631836
43,1,1,0.9918278455734253
44,0,0,0.9978318810462952
45,0,1,0.762811005115509
46,1,0,0.7759706377983093
47,1,0,0.9925076365470886
48,0,1,0.8710192441940308
49,1,1,0.9983291029930115
50,0,1,0.9933493733406067
51,1,1,0.9986844658851624
52,0,0,0.9991281628608704
53,1,1,0.9985917210578918
54,0,0,0.9631829857826233
55,1,1,0.9891322255134583
56,1,1,0.8136964440345764
57,1,1,0.9986777901649475
58,0,0,0.8898924589157104
59,1,1,0.998267412185669
60,0,1,0.6092422604560852
61,1,1,0.9987370371818542
