,label,pred,score
0,0,0,0.9951220154762268
1,1,1,0.9990648627281189
2,0,1,0.999158501625061
3,0,0,0.6174984574317932
4,0,0,0.9988412261009216
5,1,1,0.9993447661399841
6,0,0,0.7279447913169861
7,0,0,0.9986916184425354
8,0,0,0.9729837775230408
9,0,0,0.7745361924171448
10,1,1,0.9914870262145996
11,1,1,0.9994310736656189
12,0,1,0.9325810074806213
13,0,0,0.8999497294425964
14,0,0,0.9996600151062012
15,0,0,0.8909655213356018
16,0,0,0.7989067435264587
17,0,0,0.9991793036460876
18,1,1,0.9987834095954895
19,0,0,0.9988780617713928
20,1,1,0.9974946975708008
21,1,1,0.9989557266235352
22,1,1,0.9973301887512207
23,1,1,0.9994514584541321
24,0,1,0.99934321641922
25,1,1,0.9984826445579529
26,0,1,0.9807217121124268
27,1,1,0.99818354845047
28,0,0,0.9964348077774048
29,1,1,0.9971567392349243
30,0,1,0.9959481358528137
31,1,1,0.9994211196899414
32,1,1,0.9968433380126953
33,0,0,0.9985164999961853
34,1,1,0.757744550704956
35,0,0,0.9348013401031494
36,1,1,0.9995439648628235
37,0,0,0.9622392058372498
38,0,1,0.9819100499153137
39,0,1,0.9226016402244568
40,1,1,0.9877190589904785
41,1,1,0.9993917942047119
42,1,1,0.9988922476768494
43,0,0,0.9991471767425537
44,0,1,0.9928507804870605
45,1,1,0.9993021488189697
46,1,1,0.9992295503616333
47,0,0,0.9977949857711792
48,1,0,0.9734305739402771
49,0,0,0.9656282663345337
50,1,1,0.9996160268783569
51,1,1,0.9966613054275513
52,1,1,0.9996007084846497
53,1,1,0.9996125102043152
54,0,0,0.9995043277740479
55,1,1,0.9988529682159424
56,1,1,0.9988852143287659
57,1,1,0.9989528656005859
58,1,1,0.8199995160102844
59,0,0,0.991586446762085
60,1,1,0.9990289211273193
61,0,0,0.9987622499465942
62,1,0,0.6695705056190491
63,1,0,0.6201480031013489
64,1,1,0.815287172794342
65,0,0,0.9992488026618958
66,1,1,0.9678364396095276
67,0,0,0.9953781366348267
68,0,0,0.9969370365142822
69,1,1,0.984238862991333
70,1,1,0.9977895021438599
71,1,0,0.7086049914360046
72,0,0,0.9997010827064514
73,0,0,0.8296550512313843
74,1,1,0.9954569339752197
75,0,0,0.9840048551559448
76,0,0,0.9961777925491333
77,0,0,0.9981763362884521
