,label,pred,score
0,1,1,0.794755220413208
1,1,1,0.9870834350585938
2,0,1,0.7913282513618469
3,1,0,0.8108907341957092
4,0,0,0.9270800948143005
5,1,1,0.9393430948257446
6,0,1,0.6933797001838684
7,1,1,0.9873097538948059
8,0,0,0.9160686135292053
9,0,0,0.8959782719612122
10,1,1,0.9867057204246521
11,0,0,0.8028596639633179
12,1,1,0.8850867748260498
13,1,1,0.9826716780662537
14,1,1,0.7715522646903992
15,1,0,0.83084636926651
16,0,1,0.637061595916748
17,1,1,0.9549767971038818
18,0,0,0.904620885848999
19,0,0,0.8292927742004395
20,0,0,0.7141193151473999
21,1,1,0.9315398931503296
22,0,0,0.8901603817939758
23,0,0,0.9008345007896423
24,1,1,0.9771975874900818
25,0,1,0.9743936061859131
26,1,0,0.9288544654846191
27,0,0,0.9261318445205688
28,0,0,0.9624426960945129
29,1,1,0.9886813163757324
30,0,1,0.5049028992652893
31,1,1,0.7622301578521729
32,0,0,0.930911660194397
33,0,0,0.9420681595802307
34,1,1,0.9040230512619019
35,0,1,0.575157642364502
36,0,0,0.9597881436347961
37,1,1,0.9801297187805176
38,0,0,0.7840486168861389
39,1,1,0.9665743708610535
40,1,1,0.9657392501831055
41,0,0,0.8626124858856201
42,0,0,0.551243007183075
43,1,0,0.5119865536689758
44,1,1,0.9783521890640259
45,0,0,0.9351974725723267
46,1,1,0.9683941602706909
47,1,1,0.9833658337593079
48,1,1,0.9849860668182373
49,0,0,0.8461193442344666
50,0,1,0.8325384855270386
51,1,1,0.9807140231132507
52,1,0,0.6882463693618774
53,0,0,0.8137003183364868
54,0,0,0.9239902496337891
55,0,0,0.8889835476875305
56,1,1,0.9843391180038452
57,0,0,0.9603605270385742
58,0,0,0.8152530789375305
59,1,1,0.9868224859237671
60,1,1,0.986348032951355
61,1,0,0.8714919686317444
