,label,pred,score
0,1,1,0.9323049783706665
1,0,1,0.9641667008399963
2,1,0,0.9683631062507629
3,1,1,0.8153864741325378
4,1,0,0.9044575095176697
5,1,1,0.9553337693214417
6,0,1,0.7656538486480713
7,1,1,0.9449894428253174
8,0,1,0.5853070020675659
9,0,0,0.9631468057632446
10,1,1,0.9290505051612854
11,0,0,0.9945113658905029
12,0,1,0.8819873332977295
13,0,0,0.9435679912567139
14,0,0,0.9950450658798218
15,1,0,0.8665152788162231
16,1,1,0.9716010093688965
17,0,0,0.9936646223068237
18,0,0,0.9918423891067505
19,0,0,0.8591338396072388
20,0,0,0.578627347946167
21,0,0,0.9508918523788452
22,0,0,0.9330464005470276
23,0,1,0.7861101627349854
24,0,0,0.9813193082809448
25,1,1,0.9360475540161133
26,1,1,0.9642324447631836
27,1,1,0.9756995439529419
28,1,1,0.9810355305671692
29,1,1,0.9630957245826721
30,1,1,0.9917490482330322
31,0,1,0.978094756603241
32,1,1,0.966242253780365
33,0,0,0.9930349588394165
34,0,1,0.8313181400299072
35,1,1,0.9250640869140625
36,0,0,0.9487035870552063
37,1,1,0.9000119566917419
38,1,1,0.9586396813392639
39,0,0,0.8624546527862549
40,0,0,0.9674870371818542
41,0,0,0.9218363165855408
42,0,0,0.9879583120346069
43,0,0,0.9699249267578125
44,0,0,0.9727204442024231
45,1,0,0.5861745476722717
46,0,1,0.7945702075958252
47,0,1,0.8990644812583923
48,0,1,0.9219870567321777
49,0,0,0.991561233997345
50,0,0,0.833853006362915
51,1,1,0.9962627291679382
52,1,1,0.8241056203842163
53,0,0,0.7293858528137207
54,0,0,0.9861899018287659
55,1,1,0.9657664895057678
56,1,0,0.8638090491294861
57,1,1,0.9255735278129578
58,1,1,0.9961750507354736
59,1,1,0.9545190334320068
60,1,1,0.9245832562446594
61,1,1,0.9307515621185303
62,1,1,0.9621575474739075
63,0,0,0.9920875430107117
64,0,0,0.9630832076072693
65,1,1,0.9656358361244202
66,0,0,0.9794154167175293
67,1,1,0.5158804059028625
68,1,1,0.9870827198028564
69,0,1,0.7887460589408875
70,0,0,0.9845324158668518
71,1,1,0.9804219603538513
72,1,0,0.820164144039154
73,1,1,0.8306141495704651
74,1,1,0.8578749895095825
75,1,1,0.9207322001457214
76,0,0,0.7258551716804504
77,1,1,0.8442752957344055
