,label,pred,score
0,0,0,0.9905049204826355
1,1,0,0.9976413249969482
2,1,1,0.8129749298095703
3,0,0,0.9972719550132751
4,0,0,0.9824697971343994
5,0,0,0.931837797164917
6,1,1,0.988582968711853
7,0,1,0.786953330039978
8,0,0,0.9938567280769348
9,1,1,0.6817306280136108
10,0,0,0.996243953704834
11,1,1,0.9903444647789001
12,1,0,0.8399221301078796
13,1,1,0.9778259992599487
14,1,1,0.9908197522163391
15,0,0,0.997007429599762
16,1,1,0.9952471852302551
17,0,0,0.9975870847702026
18,0,0,0.973379373550415
19,1,1,0.9924634695053101
