,label,pred,score
0,0,0,0.9980582594871521
1,0,0,0.9912580847740173
2,1,1,0.9946404099464417
3,0,1,0.9855629205703735
4,0,0,0.8700194358825684
5,1,0,0.9971734285354614
6,1,0,0.8643428087234497
7,1,1,0.9973046779632568
8,0,0,0.9504969716072083
9,1,1,0.9976555109024048
10,0,0,0.9970129728317261
11,1,1,0.8647307753562927
12,0,1,0.9535747766494751
13,0,0,0.9950858950614929
14,0,0,0.9980947375297546
15,1,1,0.9920797944068909
16,1,0,0.9858141541481018
17,1,1,0.9591168761253357
18,0,1,0.7805065512657166
19,1,1,0.9785574078559875
