,label,pred,score
0,0,0,0.9941469430923462
1,0,0,0.9959141612052917
2,0,0,0.9917672276496887
3,0,0,0.8804886341094971
4,1,1,0.8617776036262512
5,1,0,0.8123098015785217
6,1,1,0.9851454496383667
7,1,1,0.9912285804748535
8,1,1,0.9812778830528259
9,0,0,0.9903104901313782
10,1,0,0.6137368679046631
11,1,1,0.9428578019142151
12,0,0,0.6630387306213379
13,1,0,0.9447098970413208
14,0,0,0.991939127445221
15,0,0,0.9426904320716858
16,0,0,0.9944571256637573
17,1,1,0.9603639245033264
18,0,0,0.9878072142601013
19,1,1,0.8931868076324463
20,0,0,0.9917610883712769
21,1,1,0.9136273264884949
22,1,0,0.9018604159355164
23,0,0,0.9272750616073608
24,1,0,0.7046357989311218
25,1,1,0.9913803935050964
26,1,1,0.9479511976242065
27,1,1,0.9881040453910828
28,1,0,0.6300404071807861
29,0,0,0.9964203834533691
30,1,1,0.9315963983535767
31,1,1,0.9360299706459045
32,1,1,0.9786713123321533
33,0,0,0.970038652420044
34,0,0,0.9831503033638
35,0,0,0.992034375667572
36,1,1,0.9757964611053467
37,0,0,0.9005153775215149
38,0,0,0.9665147662162781
39,0,0,0.9823660254478455
40,1,1,0.9219232201576233
41,1,1,0.7821087837219238
42,1,1,0.9875946044921875
43,0,0,0.995381236076355
44,1,1,0.968947172164917
45,0,0,0.9224581122398376
46,0,1,0.503307580947876
47,0,0,0.9387469291687012
48,0,0,0.9951761960983276
49,1,1,0.5741239190101624
50,0,0,0.9901401400566101
51,0,0,0.7124063968658447
52,1,1,0.9359834790229797
53,1,0,0.95738285779953
54,1,1,0.9757880568504333
55,0,0,0.8566114902496338
56,0,0,0.9785832166671753
57,0,0,0.7630394101142883
58,0,0,0.9894077181816101
59,0,0,0.9524260759353638
60,1,0,0.856963038444519
61,1,1,0.9860522747039795
