,label,pred,score
0,1,0,0.546075701713562
1,1,1,0.8698241114616394
2,0,0,0.6463241577148438
3,0,0,0.9814494252204895
4,1,1,0.6273600459098816
5,1,0,0.9530049562454224
6,0,1,0.9072458148002625
7,1,0,0.9810671806335449
8,0,0,0.9279548525810242
9,1,1,0.8165392875671387
10,0,0,0.5737848877906799
11,1,1,0.7688074707984924
12,1,1,0.8913359045982361
13,0,1,0.7614067196846008
14,0,0,0.5393192768096924
15,0,0,0.8447597622871399
16,1,1,0.8662375211715698
17,1,0,0.8789539337158203
18,0,0,0.6381723284721375
19,0,0,0.8781097531318665
