,label,pred,score
0,0,1,0.5484134554862976
1,1,0,0.9929189085960388
2,1,0,0.9956967830657959
3,1,1,0.9839786887168884
4,0,1,0.9892723560333252
5,1,1,0.9959165453910828
6,0,0,0.9945642948150635
7,0,0,0.9990266561508179
8,1,1,0.9988823533058167
9,0,0,0.9975916147232056
10,1,1,0.9985567927360535
11,0,0,0.9977638721466064
12,0,0,0.9995586276054382
13,1,1,0.9983344674110413
14,0,0,0.9988848567008972
15,1,0,0.9726085662841797
16,0,0,0.9084325432777405
17,1,1,0.9988735318183899
18,0,0,0.9942650198936462
19,0,1,0.7013411521911621
20,0,1,0.9979445338249207
21,1,1,0.9984970092773438
22,1,1,0.9988730549812317
23,0,0,0.9994034767150879
24,1,1,0.9989149570465088
25,1,1,0.9984763264656067
26,1,1,0.9989724159240723
27,1,0,0.9839751720428467
28,1,1,0.996976375579834
29,0,0,0.9747876524925232
30,1,1,0.9988484382629395
31,1,1,0.9989482760429382
32,0,0,0.8892467021942139
33,1,1,0.9981495141983032
34,1,1,0.9919746518135071
35,0,0,0.9993910789489746
36,1,1,0.9172005653381348
37,0,0,0.9985301494598389
38,1,1,0.9988705515861511
39,1,0,0.7020335793495178
40,1,1,0.9990501999855042
41,1,1,0.9986507296562195
42,0,0,0.9993903636932373
43,0,0,0.9529039859771729
44,1,1,0.9948328733444214
45,1,1,0.9989463686943054
46,0,0,0.9936687350273132
47,0,0,0.9986628293991089
48,0,0,0.9987745881080627
49,0,0,0.993294894695282
50,0,0,0.9994940757751465
51,0,0,0.9799760580062866
52,0,0,0.9979038238525391
53,0,0,0.999326229095459
54,1,1,0.9988853335380554
55,0,0,0.9936740398406982
56,1,0,0.9983200430870056
57,1,1,0.9984833598136902
58,1,1,0.99882572889328
59,0,0,0.9985091090202332
60,0,0,0.9986170530319214
61,0,0,0.9979100823402405
