,label,pred,score
0,1,1,0.661415696144104
1,1,1,0.6282355189323425
2,1,1,0.9653186202049255
3,1,1,0.5495054125785828
4,0,0,0.8082557320594788
5,0,0,0.9674980044364929
6,1,1,0.7398488521575928
7,0,0,0.9644102454185486
8,0,0,0.8925703167915344
9,1,0,0.5512620210647583
10,0,0,0.9735077023506165
11,1,1,0.6032137274742126
12,0,0,0.9798031449317932
13,1,1,0.5302109122276306
14,0,0,0.8835556507110596
15,0,1,0.968782365322113
16,1,1,0.9125789403915405
17,0,0,0.9689198732376099
18,1,1,0.6936233043670654
19,1,0,0.9675873517990112
20,0,0,0.9148718118667603
21,0,0,0.9160754084587097
22,1,1,0.9615908265113831
23,1,1,0.5745835304260254
24,0,0,0.985109806060791
25,0,0,0.9134541153907776
26,1,0,0.5948854088783264
27,0,0,0.9091888070106506
28,1,1,0.629988968372345
29,0,1,0.9706676602363586
30,0,1,0.892522931098938
31,1,1,0.724114716053009
