,label,pred,score
0,0,0,0.7842821478843689
1,0,0,0.9840618968009949
2,1,1,0.947096586227417
3,1,1,0.9844815731048584
4,0,1,0.9603692293167114
5,1,1,0.9236809611320496
6,1,1,0.9390793442726135
7,1,1,0.8619398474693298
8,0,0,0.563797652721405
9,0,0,0.9766566157341003
10,0,1,0.9305823445320129
11,1,1,0.9421499967575073
12,0,0,0.9744589924812317
13,1,1,0.9598740339279175
14,1,1,0.9501972198486328
15,0,0,0.973460853099823
16,0,0,0.9559090733528137
17,0,0,0.9742804169654846
18,0,0,0.5461512804031372
19,1,1,0.990311861038208
20,0,0,0.9553473591804504
21,1,1,0.8225942254066467
22,1,1,0.9567995667457581
23,1,1,0.9161825776100159
24,1,0,0.9158034920692444
25,0,1,0.7652124166488647
26,0,1,0.9781518578529358
27,0,0,0.9796833395957947
28,1,1,0.9653629064559937
29,1,1,0.9834725856781006
30,0,1,0.5552861094474792
31,0,0,0.9870491623878479
32,0,0,0.8671363592147827
33,0,0,0.5800955295562744
34,0,1,0.8314191102981567
35,1,1,0.9511865973472595
36,0,0,0.9777357578277588
37,1,1,0.825896680355072
38,1,1,0.9417364597320557
39,1,1,0.9605677127838135
40,0,0,0.9647045731544495
41,0,1,0.9565061926841736
42,1,1,0.915999710559845
43,0,0,0.7727578282356262
44,0,0,0.5189843773841858
45,1,1,0.9649485945701599
46,0,0,0.9874153733253479
47,1,1,0.9407381415367126
48,1,1,0.9818618297576904
49,0,0,0.9803633093833923
50,1,1,0.834911584854126
51,1,1,0.8808229565620422
52,0,0,0.5407320857048035
53,1,1,0.9709742665290833
54,1,1,0.9498558044433594
55,1,1,0.982001781463623
56,1,1,0.9544743895530701
57,0,0,0.9891564846038818
58,1,1,0.9699234366416931
59,0,0,0.9900672435760498
60,1,1,0.9501931071281433
61,1,1,0.9539412260055542
62,1,0,0.5592305660247803
63,0,1,0.945813775062561
64,0,0,0.9731780290603638
65,0,0,0.9864251613616943
66,1,1,0.9652153253555298
67,1,1,0.9635601043701172
68,1,1,0.9580868482589722
69,0,0,0.9840041995048523
70,1,1,0.9558976888656616
71,0,0,0.7677382826805115
72,0,0,0.572561502456665
73,0,0,0.7296120524406433
74,1,1,0.8799083232879639
75,0,0,0.9866284132003784
76,0,1,0.9324880838394165
77,1,0,0.9195330739021301
