,label,pred,score
0,1,0,0.5335316061973572
1,1,1,0.8575266599655151
2,0,0,0.6908357739448547
3,0,1,0.9870326519012451
4,1,1,0.5767011046409607
5,1,0,0.9183146953582764
6,0,1,0.9256505370140076
7,1,0,0.9665311574935913
8,0,0,0.9970967769622803
9,1,1,0.7925921082496643
10,0,0,0.5808842182159424
11,1,1,0.7909343838691711
12,1,1,0.9167790412902832
13,0,0,0.8981640338897705
14,0,1,0.5449855327606201
15,0,0,0.9948646426200867
16,1,1,0.854282557964325
17,1,0,0.9673023223876953
18,0,0,0.6944584846496582
19,0,0,0.9709135890007019
